log_timestamp,forecast_target_date,region,model_version,run_type,headline_trigger,current_base_price,predicted_5d_price,predicted_direction,actual_5d_price,actual_direction,error_dollars,directional_hit,llm_price_pressure,llm_supply_disruption,quant_baseline_5d_price,llm_augmentation_delta,prediction_lower_95ci,prediction_upper_95ci,within_95ci_hit,data_source_provenance,forecast_horizon_days
2026-09-07 03:33:29,2026-09-14,Charlotte_NC,v1.4-Finlight-Charlotte-Ridge,DAILY_BATCH,,3.28,3.203,DOWN,,,,,0.0,0.0,3.28,0.0,2.769,3.6369,,yfinance,
2026-09-07 03:34:45,2026-09-14,National,v1.4-Finlight-National-Ridge,DAILY_BATCH,,3.2146,3.3745,UP,,,,,0.0,0.0,3.2146,0.0,2.9476,3.8014,,yfinance,
2026-09-07 03:35:03,2026-09-14,Greenville_NC,v1.4-Finlight-Greenville-Ridge,DAILY_BATCH,,3.25,3.1746,DOWN,,,,,0.0,0.0,3.25,0.0,2.7389,3.6104,,yfinance,
2026-09-07 03:35:26,2026-09-14,Oakland_CA,v1.4-Oakland-Ridge,DAILY_BATCH,,4.95,4.8232,DOWN,,,,,0.0,0.0,4.95,0.0,4.39,5.2564,,yfinance,
2026-09-07 03:35:26,2026-09-14,BayArea_CA,v1.4-BayArea-Ridge,DAILY_BATCH,,5.05,4.9206,DOWN,,,,,0.0,0.0,5.05,0.0,4.4875,5.3538,,yfinance,
2026-09-07 22:45:05,2026-09-14,National,v1.4-Finlight-Intraday,INTRADAY_REVISION,Lorne Gunter: Eastern pipeline more effective than oil tariffs in Canada-U.S. trade war - Edmonton Journal,3.184,3.2502,UP,,,,,0.0,0.0,3.184,0.0,2.9258,3.5746,,yfinance,5.0
2026-09-08 07:00:20,2025-09-30,National,v1.4-Finlight-National-Ridge,DAILY_BATCH,,1.9991,1.9591,DOWN,1.9729,DOWN,0.0138,1.0,0.0,0.0,1.9991,0.0,1.633,2.2852,1.0,yfinance,5.0
2026-09-08 07:00:20,2025-10-01,National,v1.4-Finlight-National-Ridge,DAILY_BATCH,,2.0188,1.9721,DOWN,1.8859,DOWN,0.0862,1.0,0.0,0.0,2.0188,0.0,1.6459,2.2982,1.0,yfinance,5.0
2026-09-08 07:00:20,2026-09-11,National,v1.4-Finlight-National-Ridge,DAILY_BATCH,,3.2146,3.4134,UP,3.3072,UP,0.1062,1.0,0.0,0.0,3.2146,0.0,3.0872,3.7395,1.0,yfinance,5.0
2026-09-08 07:00:31,2025-09-30,Tulsa_OK,v1.4-Finlight-Tulsa-Ridge,DAILY_BATCH,,2.3835,2.3596,DOWN,2.5229,UP,0.1633,0.0,0.0,0.0,2.3835,0.0,1.9331,2.7861,1.0,yfinance,5.0
2026-09-08 07:00:31,2025-10-01,Tulsa_OK,v1.4-Finlight-Tulsa-Ridge,DAILY_BATCH,,2.4032,2.3732,DOWN,2.4359,UP,0.0627,0.0,0.0,0.0,2.4032,0.0,1.9467,2.7997,1.0,yfinance,5.0
2026-09-08 07:00:31,2025-10-02,Tulsa_OK,v1.4-Finlight-Tulsa-Ridge,DAILY_BATCH,,2.3866,2.3406,DOWN,2.401,UP,0.0604,0.0,0.0,0.0,2.3866,0.0,1.9141,2.7671,1.0,yfinance,5.0
2026-09-08 07:00:31,2025-10-03,Tulsa_OK,v1.4-Finlight-Tulsa-Ridge,DAILY_BATCH,,2.422,2.3845,DOWN,2.4105,DOWN,0.026,1.0,0.0,0.0,2.422,0.0,1.958,2.811,1.0,yfinance,5.0
2026-09-08 07:00:32,2026-09-11,Tulsa_OK,v1.4-Finlight-Tulsa-Ridge,DAILY_BATCH,,3.599,3.5033,DOWN,3.8572,UP,0.3539,0.0,0.0,0.0,3.599,0.0,3.0768,3.9298,1.0,yfinance,5.0
2026-09-08 07:00:44,2025-09-30,Newark_DE,v1.4-Finlight-Newark-Ridge,DAILY_BATCH,,2.0045,1.9664,DOWN,2.5229,UP,0.5565,0.0,0.0,0.0,2.0045,0.0,1.5327,2.4002,0.0,yfinance,5.0
2026-09-08 07:00:44,2025-10-01,Newark_DE,v1.4-Finlight-Newark-Ridge,DAILY_BATCH,,2.0242,1.9799,DOWN,2.4359,UP,0.456,0.0,0.0,0.0,2.0242,0.0,1.5462,2.4137,0.0,yfinance,5.0
2026-09-08 07:00:44,2025-10-02,Newark_DE,v1.4-Finlight-Newark-Ridge,DAILY_BATCH,,2.0076,1.9497,DOWN,2.401,UP,0.4513,0.0,0.0,0.0,2.0076,0.0,1.5159,2.3834,0.0,yfinance,5.0
2026-09-08 07:00:45,2026-09-11,Newark_DE,v1.4-Finlight-Newark-Ridge,DAILY_BATCH,,3.22,3.1419,DOWN,3.8572,UP,0.7153,0.0,0.0,0.0,3.22,0.0,2.7081,3.5756,0.0,yfinance,5.0
2026-09-08 07:00:55,2025-09-30,Cincinnati_OH,v1.4-Finlight-Cincinnati-Ridge,DAILY_BATCH,,2.6675,2.634,DOWN,2.5229,DOWN,0.1111,1.0,0.0,0.0,2.6675,0.0,2.2028,3.0652,1.0,yfinance,5.0
2026-09-08 07:00:55,2025-10-01,Cincinnati_OH,v1.4-Finlight-Cincinnati-Ridge,DAILY_BATCH,,2.6872,2.6465,DOWN,2.4359,DOWN,0.2106,1.0,0.0,0.0,2.6872,0.0,2.2153,3.0777,1.0,yfinance,5.0
2026-09-08 07:00:55,2025-10-02,Cincinnati_OH,v1.4-Finlight-Cincinnati-Ridge,DAILY_BATCH,,2.6706,2.6163,DOWN,2.401,DOWN,0.2153,1.0,0.0,0.0,2.6706,0.0,2.1851,3.0475,1.0,yfinance,5.0
2026-09-08 07:00:56,2025-09-30,Cincinnati_KY,v1.4-Finlight-Cincinnati-Ridge,DAILY_BATCH,,2.7295,2.696,DOWN,2.3979,DOWN,0.2981,1.0,0.0,0.0,2.7295,0.0,2.2648,3.1272,1.0,yfinance,5.0
2026-09-08 07:00:56,2025-10-01,Cincinnati_KY,v1.4-Finlight-Cincinnati-Ridge,DAILY_BATCH,,2.7492,2.7085,DOWN,2.3109,DOWN,0.3976,1.0,0.0,0.0,2.7492,0.0,2.2773,3.1397,1.0,yfinance,5.0
2026-09-08 07:00:56,2025-10-02,Cincinnati_KY,v1.4-Finlight-Cincinnati-Ridge,DAILY_BATCH,,2.7326,2.6783,DOWN,2.276,DOWN,0.4023,1.0,0.0,0.0,2.7326,0.0,2.2471,3.1095,1.0,yfinance,5.0
2026-09-08 07:00:58,2026-09-11,Cincinnati_OH,v1.4-Finlight-Cincinnati-Ridge,DAILY_BATCH,,3.883,3.7987,DOWN,3.8572,DOWN,0.0585,1.0,0.0,0.0,3.883,0.0,3.3675,4.2299,1.0,yfinance,5.0
2026-09-08 07:00:58,2026-09-11,Cincinnati_KY,v1.4-Finlight-Cincinnati-Ridge,DAILY_BATCH,,3.945,3.8594,DOWN,3.7322,DOWN,0.1272,1.0,0.0,0.0,3.945,0.0,3.4282,4.2906,1.0,yfinance,5.0
2026-09-08 07:01:10,2025-09-30,Greenville_NC,v1.4-Finlight-Greenville-Ridge,DAILY_BATCH,,2.3285,2.2894,DOWN,2.5229,UP,0.2335,0.0,0.0,0.0,2.3285,0.0,1.9516,2.6271,1.0,yfinance,5.0
2026-09-08 07:01:11,2026-09-11,Greenville_NC,v1.4-Finlight-Greenville-Ridge,DAILY_BATCH,,3.544,3.4635,DOWN,3.8572,UP,0.3937,0.0,0.0,0.0,3.544,0.0,3.1756,3.7515,0.0,yfinance,5.0
2026-09-08 07:01:21,2025-09-30,Charlotte_NC,v1.4-Finlight-Charlotte-Ridge,DAILY_BATCH,,2.6345,2.5935,DOWN,2.5229,DOWN,0.0706,1.0,0.0,0.0,2.6345,0.0,2.2584,2.9287,1.0,yfinance,5.0
2026-09-08 07:01:22,2026-09-11,Charlotte_NC,v1.4-Finlight-Charlotte-Ridge,DAILY_BATCH,,3.85,3.7598,DOWN,3.8572,UP,0.0974,0.0,0.0,0.0,3.85,0.0,3.475,4.0446,1.0,yfinance,5.0
2026-09-08 07:01:36,2025-09-30,Oakland_CA,v1.4-Oakland-Ridge,DAILY_BATCH,,4.0491,4.008,DOWN,4.0229,DOWN,0.0149,1.0,0.0,0.0,4.0491,0.0,3.6742,4.3418,1.0,yfinance,5.0
2026-09-08 07:01:36,2025-10-01,Oakland_CA,v1.4-Oakland-Ridge,DAILY_BATCH,,4.0688,4.0202,DOWN,3.9359,DOWN,0.0843,1.0,0.0,0.0,4.0688,0.0,3.6864,4.354,1.0,yfinance,5.0
2026-09-08 07:01:37,2025-09-30,BayArea_CA,v1.4-BayArea-Ridge,DAILY_BATCH,,4.1491,4.108,DOWN,4.1229,DOWN,0.0149,1.0,0.0,0.0,4.1491,0.0,3.7742,4.4418,1.0,yfinance,5.0
2026-09-08 07:01:37,2025-10-01,BayArea_CA,v1.4-BayArea-Ridge,DAILY_BATCH,,4.1688,4.1202,DOWN,4.0359,DOWN,0.0843,1.0,0.0,0.0,4.1688,0.0,3.7864,4.454,1.0,yfinance,5.0
2026-09-08 07:01:38,2026-09-11,Oakland_CA,v1.4-Oakland-Ridge,DAILY_BATCH,,5.891,5.738,DOWN,5.3572,DOWN,0.3808,1.0,0.0,0.0,5.891,0.0,5.4042,6.0718,0.0,yfinance,5.0
2026-09-08 07:01:38,2026-09-11,BayArea_CA,v1.4-BayArea-Ridge,DAILY_BATCH,,6.004,5.8481,DOWN,5.4572,DOWN,0.3909,1.0,0.0,0.0,6.004,0.0,5.5143,6.1819,0.0,yfinance,5.0
2026-09-08 07:01:44,2025-09-29,Port_St_Lucie_FL,v1.4-Finlight-PortStLucie-Ridge,DAILY_BATCH,,2.6766,2.6358,DOWN,2.5451,DOWN,0.0907,1.0,0.0,0.0,2.6766,0.0,2.2062,3.0655,1.0,yfinance,5.0
2026-09-08 07:01:44,2025-09-30,Port_St_Lucie_FL,v1.4-Finlight-PortStLucie-Ridge,DAILY_BATCH,,2.6975,2.6624,DOWN,2.5229,DOWN,0.1395,1.0,0.0,0.0,2.6975,0.0,2.2328,3.092,1.0,yfinance,5.0
2026-09-08 07:01:44,2025-10-01,Port_St_Lucie_FL,v1.4-Finlight-PortStLucie-Ridge,DAILY_BATCH,,2.7172,2.6763,DOWN,2.4359,DOWN,0.2404,1.0,0.0,0.0,2.7172,0.0,2.2467,3.106,1.0,yfinance,5.0
2026-09-08 07:01:45,2026-09-11,Port_St_Lucie_FL,v1.4-Finlight-PortStLucie-Ridge,DAILY_BATCH,,3.913,3.819,DOWN,3.8572,DOWN,0.0382,1.0,0.0,0.0,3.913,0.0,3.3893,4.2486,1.0,yfinance,5.0
2026-09-08 20:30:24,2026-09-15,National,v1.4-Finlight-Intraday,INTRADAY_REVISION,Graham Russia Tariff Bill Contains Legal Ambiguities - Legis1,3.184,3.2502,UP,,,,,0.0,0.0,3.184,0.0,2.9241,3.5764,,yfinance,5.0
2026-09-10 15:12:28,2025-10-01,Charlotte_NC,v1.4-Finlight-Charlotte-Ridge,DAILY_BATCH,,2.0882,2.0359,DOWN,2.4359,UP,0.4,0.0,0.0,0.0,2.0882,0.0,1.7512,2.3207,0.0,yfinance,5.0
2026-09-10 15:12:28,2026-09-16,Charlotte_NC,v1.4-Finlight-Charlotte-Ridge,DAILY_BATCH,,3.28,3.2359,DOWN,,,,,0.0,0.0,3.28,0.0,2.9462,3.5256,,yfinance,5.0
2026-09-10 15:15:41,2026-09-16,National,v1.4-Finlight-National-Ridge,DAILY_BATCH,,3.2106,3.1393,DOWN,,,,,0.0,0.0,3.2106,0.0,2.8131,3.4654,,yfinance,5.0
2026-09-10 15:16:06,2025-10-01,Greenville_NC,v1.4-Finlight-Greenville-Ridge,DAILY_BATCH,,2.0582,2.0078,DOWN,2.4359,UP,0.4281,0.0,0.0,0.0,2.0582,0.0,1.7199,2.2957,0.0,yfinance,5.0
2026-09-10 15:16:07,2026-09-16,Greenville_NC,v1.4-Finlight-Greenville-Ridge,DAILY_BATCH,,3.25,3.2044,DOWN,,,,,0.0,0.0,3.25,0.0,2.9112,3.4976,,yfinance,5.0
2026-09-10 15:16:42,2026-09-16,Oakland_CA,v1.4-Oakland-Ridge,DAILY_BATCH,,4.95,4.882,DOWN,,,,,0.0,0.0,4.95,0.0,4.5937,5.1703,,yfinance,5.0
2026-09-10 15:16:42,2026-09-16,BayArea_CA,v1.4-BayArea-Ridge,DAILY_BATCH,,5.05,4.9806,DOWN,,,,,0.0,0.0,5.05,0.0,4.6923,5.2689,,yfinance,5.0
2026-09-10 20:15:09,2026-09-17,National,v1.4-Finlight-Intraday,INTRADAY_REVISION,Copper Stocks Sink as White House Tariff Uncertainty Spooks Traders - Crude Oil Prices Today | OilPrice.com,3.184,3.2502,UP,,,,,0.0,0.0,3.184,0.0,2.9715,3.5289,,yfinance,5.0
2026-09-11 00:00:09,2026-09-18,National,v1.4-Finlight-Intraday,INTRADAY_REVISION,RH Q2 EPS beats $1.78 estimate; tariff benefit offsets oil costs - scanx.trade,3.184,3.2502,UP,,,,,0.0,0.0,3.184,0.0,2.9715,3.5289,,yfinance,5.0
2026-09-11 01:38:19,2025-10-02,Charlotte_NC,v1.4-Finlight-Charlotte-Ridge,DAILY_BATCH,,2.0682,2.0058,DOWN,2.401,UP,0.3952,0.0,0.0,0.0,2.0682,0.0,1.7161,2.2955,0.0,yfinance,5.0
2026-09-11 01:38:21,2026-09-17,Charlotte_NC,v1.4-Finlight-Charlotte-Ridge,DAILY_BATCH,,3.28,3.224,DOWN,,,,,0.0,0.0,3.28,0.0,2.9408,3.5073,,yfinance,5.0
2026-09-11 01:45:37,2025-10-02,National,v1.4-Finlight-National-Ridge,DAILY_BATCH,,2.0022,1.9437,DOWN,1.851,DOWN,0.0927,1.0,0.0,0.0,2.0022,0.0,1.665,2.2224,1.0,yfinance,5.0
2026-09-11 01:45:37,2026-09-17,National,v1.4-Finlight-National-Ridge,DAILY_BATCH,,3.2099,3.1079,DOWN,,,,,0.0,0.0,3.2099,0.0,2.8292,3.3866,,yfinance,5.0
2026-09-11 01:46:08,2025-10-02,Greenville_NC,v1.4-Finlight-Greenville-Ridge,DAILY_BATCH,,2.0423,1.9816,DOWN,2.401,UP,0.4194,0.0,0.0,0.0,2.0423,0.0,1.6884,2.2748,0.0,yfinance,5.0
2026-09-11 01:46:10,2026-09-17,Greenville_NC,v1.4-Finlight-Greenville-Ridge,DAILY_BATCH,,3.25,3.1942,DOWN,,,,,0.0,0.0,3.25,0.0,2.9074,3.4809,,yfinance,5.0
2026-09-11 01:46:46,2025-10-02,Oakland_CA,v1.4-Oakland-Ridge,DAILY_BATCH,,4.0522,3.9889,DOWN,3.901,DOWN,0.0879,1.0,0.0,0.0,4.0522,0.0,3.7006,4.2772,1.0,yfinance,5.0
2026-09-11 01:46:48,2025-10-02,BayArea_CA,v1.4-BayArea-Ridge,DAILY_BATCH,,4.1522,4.0889,DOWN,4.001,DOWN,0.0879,1.0,0.0,0.0,4.1522,0.0,3.8006,4.3772,1.0,yfinance,5.0
2026-09-11 01:46:50,2026-09-17,Oakland_CA,v1.4-Oakland-Ridge,DAILY_BATCH,,4.95,4.8678,DOWN,,,,,0.0,0.0,4.95,0.0,4.5859,5.1496,,yfinance,5.0
2026-09-11 01:46:50,2026-09-17,BayArea_CA,v1.4-BayArea-Ridge,DAILY_BATCH,,5.05,4.9661,DOWN,,,,,0.0,0.0,5.05,0.0,4.6843,5.248,,yfinance,5.0
2026-09-13 23:01:22,2025-10-03,National,v1.4-Finlight-National-Ridge,DAILY_BATCH,,2.0376,1.984,DOWN,1.8605,DOWN,0.1235,1.0,0.0,0.0,2.0376,0.0,1.6602,2.3078,1.0,yfinance,5.0
2026-09-13 23:01:22,2025-10-06,National,v1.4-Finlight-National-Ridge,DAILY_BATCH,,1.9951,1.9717,DOWN,1.9016,DOWN,0.0701,1.0,0.0,0.0,1.9951,0.0,1.648,2.2955,1.0,yfinance,5.0
2026-09-13 23:01:22,2025-10-07,National,v1.4-Finlight-National-Ridge,DAILY_BATCH,,1.9729,1.9554,DOWN,1.8939,DOWN,0.0615,1.0,0.0,0.0,1.9729,0.0,1.6317,2.2792,1.0,yfinance,5.0
2026-09-13 23:01:22,2025-10-08,National,v1.4-Finlight-National-Ridge,DAILY_BATCH,,1.8859,1.7964,DOWN,1.9095,UP,0.1131,0.0,0.0,0.0,1.8859,0.0,1.4726,2.1202,1.0,yfinance,5.0
2026-09-13 23:01:22,2025-10-09,National,v1.4-Finlight-National-Ridge,DAILY_BATCH,,1.851,1.814,DOWN,1.8826,UP,0.0686,0.0,0.0,0.0,1.851,0.0,1.4902,2.1377,1.0,yfinance,5.0
2026-09-13 23:01:22,2025-10-10,National,v1.4-Finlight-National-Ridge,DAILY_BATCH,,1.8605,1.8512,DOWN,1.8204,DOWN,0.0308,1.0,0.0,0.0,1.8605,0.0,1.5275,2.175,1.0,yfinance,5.0
2026-09-13 23:01:22,2025-10-13,National,v1.4-Finlight-National-Ridge,DAILY_BATCH,,1.9016,1.8999,DOWN,1.8438,DOWN,0.0561,1.0,0.0,0.0,1.9016,0.0,1.5761,2.2237,1.0,yfinance,5.0
2026-09-13 23:01:22,2025-10-14,National,v1.4-Finlight-National-Ridge,DAILY_BATCH,,1.8939,1.8846,DOWN,1.8286,DOWN,0.056,1.0,0.0,0.0,1.8939,0.0,1.5608,2.2084,1.0,yfinance,5.0
2026-09-13 23:01:22,2025-10-15,National,v1.4-Finlight-National-Ridge,DAILY_BATCH,,1.9095,1.9012,DOWN,1.8344,DOWN,0.0668,1.0,0.0,0.0,1.9095,0.0,1.5774,2.2249,1.0,yfinance,5.0
2026-09-13 23:01:22,2025-10-16,National,v1.4-Finlight-National-Ridge,DAILY_BATCH,,1.8826,1.8986,UP,1.8117,DOWN,0.0869,0.0,0.0,0.0,1.8826,0.0,1.5748,2.2224,1.0,yfinance,5.0
2026-09-13 23:01:22,2025-10-17,National,v1.4-Finlight-National-Ridge,DAILY_BATCH,,1.8204,1.8628,UP,1.8377,UP,0.0251,1.0,0.0,0.0,1.8204,0.0,1.539,2.1866,1.0,yfinance,5.0
2026-09-13 23:01:22,2025-10-20,National,v1.4-Finlight-National-Ridge,DAILY_BATCH,,1.8438,1.8698,UP,1.8302,DOWN,0.0396,0.0,0.0,0.0,1.8438,0.0,1.546,2.1936,1.0,yfinance,5.0
2026-09-13 23:01:22,2025-10-21,National,v1.4-Finlight-National-Ridge,DAILY_BATCH,,1.8286,1.8658,UP,1.8253,DOWN,0.0405,0.0,0.0,0.0,1.8286,0.0,1.542,2.1896,1.0,yfinance,5.0
2026-09-13 23:01:22,2025-10-22,National,v1.4-Finlight-National-Ridge,DAILY_BATCH,,1.8344,1.863,UP,1.865,UP,0.002,1.0,0.0,0.0,1.8344,0.0,1.5392,2.1868,1.0,yfinance,5.0
2026-09-13 23:01:22,2025-10-23,National,v1.4-Finlight-National-Ridge,DAILY_BATCH,,1.8117,1.8287,UP,1.9269,UP,0.0982,1.0,0.0,0.0,1.8117,0.0,1.505,2.1525,1.0,yfinance,5.0
2026-09-13 23:01:22,2025-10-24,National,v1.4-Finlight-National-Ridge,DAILY_BATCH,,1.8377,1.8476,UP,1.9227,UP,0.0751,1.0,0.0,0.0,1.8377,0.0,1.5238,2.1714,1.0,yfinance,5.0
2026-09-13 23:01:22,2025-10-27,National,v1.4-Finlight-National-Ridge,DAILY_BATCH,,1.8302,1.8491,UP,1.9204,UP,0.0713,1.0,0.0,0.0,1.8302,0.0,1.5253,2.1729,1.0,yfinance,5.0
2026-09-13 23:01:22,2025-10-28,National,v1.4-Finlight-National-Ridge,DAILY_BATCH,,1.8253,1.841,UP,1.9252,UP,0.0842,1.0,0.0,0.0,1.8253,0.0,1.5172,2.1648,1.0,yfinance,5.0
2026-09-13 23:01:22,2025-10-29,National,v1.4-Finlight-National-Ridge,DAILY_BATCH,,1.865,1.8608,DOWN,1.9737,UP,0.1129,0.0,0.0,0.0,1.865,0.0,1.537,2.1846,1.0,yfinance,5.0
2026-09-13 23:01:22,2025-10-30,National,v1.4-Finlight-National-Ridge,DAILY_BATCH,,1.9269,1.901,DOWN,2.0034,UP,0.1024,0.0,0.0,0.0,1.9269,0.0,1.5772,2.2248,1.0,yfinance,5.0
2026-09-13 23:01:22,2025-10-31,National,v1.4-Finlight-National-Ridge,DAILY_BATCH,,1.9227,1.8944,DOWN,1.9931,UP,0.0987,0.0,0.0,0.0,1.9227,0.0,1.5706,2.2182,1.0,yfinance,5.0
2026-09-13 23:01:22,2025-11-03,National,v1.4-Finlight-National-Ridge,DAILY_BATCH,,1.9204,1.9222,UP,1.9161,DOWN,0.0061,0.0,0.0,0.0,1.9204,0.0,1.5984,2.246,1.0,yfinance,5.0
2026-09-13 23:01:22,2025-11-04,National,v1.4-Finlight-National-Ridge,DAILY_BATCH,,1.9252,1.9355,UP,1.9228,DOWN,0.0127,0.0,0.0,0.0,1.9252,0.0,1.6117,2.2593,1.0,yfinance,5.0
2026-09-13 23:01:22,2025-11-05,National,v1.4-Finlight-National-Ridge,DAILY_BATCH,,1.9737,1.9749,UP,1.9093,DOWN,0.0656,0.0,0.0,0.0,1.9737,0.0,1.6511,2.2987,1.0,yfinance,5.0
2026-09-13 23:01:22,2025-11-06,National,v1.4-Finlight-National-Ridge,DAILY_BATCH,,2.0034,1.9598,DOWN,1.9656,DOWN,0.0058,1.0,0.0,0.0,2.0034,0.0,1.636,2.2836,1.0,yfinance,5.0
2026-09-13 23:01:22,2025-11-07,National,v1.4-Finlight-National-Ridge,DAILY_BATCH,,1.9931,1.9644,DOWN,1.9403,DOWN,0.0241,1.0,0.0,0.0,1.9931,0.0,1.6406,2.2882,1.0,yfinance,5.0
2026-09-13 23:01:22,2025-11-10,National,v1.4-Finlight-National-Ridge,DAILY_BATCH,,1.9161,1.8946,DOWN,1.9711,UP,0.0765,0.0,0.0,0.0,1.9161,0.0,1.5708,2.2184,1.0,yfinance,5.0
2026-09-13 23:01:22,2025-11-11,National,v1.4-Finlight-National-Ridge,DAILY_BATCH,,1.9228,1.9112,DOWN,2.012,UP,0.1008,0.0,0.0,0.0,1.9228,0.0,1.5875,2.235,1.0,yfinance,5.0
2026-09-13 23:01:22,2025-11-12,National,v1.4-Finlight-National-Ridge,DAILY_BATCH,,1.9093,1.9212,UP,1.9554,UP,0.0342,1.0,0.0,0.0,1.9093,0.0,1.5974,2.245,1.0,yfinance,5.0
2026-09-13 23:01:22,2025-11-13,National,v1.4-Finlight-National-Ridge,DAILY_BATCH,,1.9656,2.0373,UP,1.9597,DOWN,0.0776,0.0,0.0,0.0,1.9656,0.0,1.7135,2.3611,1.0,yfinance,5.0
2026-09-13 23:01:22,2025-11-14,National,v1.4-Finlight-National-Ridge,DAILY_BATCH,,1.9403,1.9982,UP,2.0116,UP,0.0134,1.0,0.0,0.0,1.9403,0.0,1.6744,2.322,1.0,yfinance,5.0
2026-09-13 23:01:22,2025-11-17,National,v1.4-Finlight-National-Ridge,DAILY_BATCH,,1.9711,2.0026,UP,1.9901,UP,0.0125,1.0,0.0,0.0,1.9711,0.0,1.6788,2.3264,1.0,yfinance,5.0
2026-09-13 23:01:22,2025-11-18,National,v1.4-Finlight-National-Ridge,DAILY_BATCH,,2.012,2.0449,UP,1.9993,DOWN,0.0456,0.0,0.0,0.0,2.012,0.0,1.7211,2.3687,1.0,yfinance,5.0
2026-09-13 23:01:22,2025-11-19,National,v1.4-Finlight-National-Ridge,DAILY_BATCH,,1.9554,1.9899,UP,1.9321,DOWN,0.0578,0.0,0.0,0.0,1.9554,0.0,1.6661,2.3137,1.0,yfinance,5.0
2026-09-13 23:01:22,2025-11-20,National,v1.4-Finlight-National-Ridge,DAILY_BATCH,,1.9597,1.9977,UP,1.9184,DOWN,0.0793,0.0,0.0,0.0,1.9597,0.0,1.6739,2.3214,1.0,yfinance,5.0
2026-09-13 23:01:22,2025-11-21,National,v1.4-Finlight-National-Ridge,DAILY_BATCH,,2.0116,2.0467,UP,1.8834,DOWN,0.1633,0.0,0.0,0.0,2.0116,0.0,1.7229,2.3705,1.0,yfinance,5.0
2026-09-13 23:01:22,2025-11-24,National,v1.4-Finlight-National-Ridge,DAILY_BATCH,,1.9901,2.0207,UP,1.8966,DOWN,0.1241,0.0,0.0,0.0,1.9901,0.0,1.6969,2.3444,1.0,yfinance,5.0
2026-09-13 23:01:22,2025-11-25,National,v1.4-Finlight-National-Ridge,DAILY_BATCH,,1.9993,2.031,UP,1.8572,DOWN,0.1738,0.0,0.0,0.0,1.9993,0.0,1.7072,2.3547,1.0,yfinance,5.0
2026-09-13 23:01:22,2025-11-26,National,v1.4-Finlight-National-Ridge,DAILY_BATCH,,1.9321,1.921,DOWN,1.889,DOWN,0.032,1.0,0.0,0.0,1.9321,0.0,1.5972,2.2448,1.0,yfinance,5.0
2026-09-13 23:01:22,2025-11-27,National,v1.4-Finlight-National-Ridge,DAILY_BATCH,,1.9184,1.9196,UP,,,,,0.0,0.0,1.9184,0.0,1.5958,2.2434,,yfinance,5.0
2026-09-13 23:01:22,2025-11-28,National,v1.4-Finlight-National-Ridge,DAILY_BATCH,,1.8834,1.8757,DOWN,1.8959,UP,0.0202,0.0,0.0,0.0,1.8834,0.0,1.552,2.1995,1.0,yfinance,5.0
2026-09-13 23:01:22,2025-12-01,National,v1.4-Finlight-National-Ridge,DAILY_BATCH,,1.8966,1.9248,UP,1.8689,DOWN,0.0559,0.0,0.0,0.0,1.8966,0.0,1.601,2.2485,1.0,yfinance,5.0
2026-09-13 23:01:22,2025-12-02,National,v1.4-Finlight-National-Ridge,DAILY_BATCH,,1.8572,1.8695,UP,1.8303,DOWN,0.0392,0.0,0.0,0.0,1.8572,0.0,1.5458,2.1933,1.0,yfinance,5.0
2026-09-13 23:01:22,2025-12-03,National,v1.4-Finlight-National-Ridge,DAILY_BATCH,,1.889,1.8874,DOWN,1.8272,DOWN,0.0602,1.0,0.0,0.0,1.889,0.0,1.5636,2.2112,1.0,yfinance,5.0
2026-09-13 23:01:22,2025-12-05,National,v1.4-Finlight-National-Ridge,DAILY_BATCH,,1.8959,1.8975,UP,1.8341,DOWN,0.0634,0.0,0.0,0.0,1.8959,0.0,1.5737,2.2213,1.0,yfinance,5.0
2026-09-13 23:01:22,2025-12-08,National,v1.4-Finlight-National-Ridge,DAILY_BATCH,,1.8689,1.8736,UP,1.7981,DOWN,0.0755,0.0,0.0,0.0,1.8689,0.0,1.5498,2.1974,1.0,yfinance,5.0
2026-09-13 23:01:22,2025-12-09,National,v1.4-Finlight-National-Ridge,DAILY_BATCH,,1.8303,1.8301,DOWN,1.7897,DOWN,0.0404,1.0,0.0,0.0,1.8303,0.0,1.5063,2.1539,1.0,yfinance,5.0
2026-09-13 23:01:22,2025-12-10,National,v1.4-Finlight-National-Ridge,DAILY_BATCH,,1.8272,1.8333,UP,1.7815,DOWN,0.0518,0.0,0.0,0.0,1.8272,0.0,1.5096,2.1571,1.0,yfinance,5.0
2026-09-13 23:01:22,2025-12-11,National,v1.4-Finlight-National-Ridge,DAILY_BATCH,,1.8271,1.8242,DOWN,1.7598,DOWN,0.0644,1.0,0.0,0.0,1.8271,0.0,1.5004,2.148,1.0,yfinance,5.0
2026-09-13 23:01:22,2025-12-12,National,v1.4-Finlight-National-Ridge,DAILY_BATCH,,1.8341,1.8254,DOWN,1.7521,DOWN,0.0733,1.0,0.0,0.0,1.8341,0.0,1.5016,2.1491,1.0,yfinance,5.0
2026-09-13 23:01:22,2025-12-15,National,v1.4-Finlight-National-Ridge,DAILY_BATCH,,1.7981,1.7992,UP,1.7323,DOWN,0.0669,0.0,0.0,0.0,1.7981,0.0,1.4754,2.123,1.0,yfinance,5.0
2026-09-13 23:01:22,2025-12-16,National,v1.4-Finlight-National-Ridge,DAILY_BATCH,,1.7897,1.8002,UP,1.6809,DOWN,0.1193,0.0,0.0,0.0,1.7897,0.0,1.4764,2.124,1.0,yfinance,5.0
2026-09-13 23:01:22,2025-12-17,National,v1.4-Finlight-National-Ridge,DAILY_BATCH,,1.7815,1.7736,DOWN,1.6943,DOWN,0.0793,1.0,0.0,0.0,1.7815,0.0,1.4498,2.0974,1.0,yfinance,5.0
2026-09-13 23:01:22,2025-12-18,National,v1.4-Finlight-National-Ridge,DAILY_BATCH,,1.7598,1.7841,UP,1.7013,DOWN,0.0828,0.0,0.0,0.0,1.7598,0.0,1.4603,2.1079,1.0,yfinance,5.0
2026-09-13 23:01:22,2025-12-19,National,v1.4-Finlight-National-Ridge,DAILY_BATCH,,1.7521,1.7732,UP,1.7082,DOWN,0.065,0.0,0.0,0.0,1.7521,0.0,1.4494,2.097,1.0,yfinance,5.0
2026-09-13 23:01:22,2025-12-22,National,v1.4-Finlight-National-Ridge,DAILY_BATCH,,1.7323,1.7696,UP,1.7422,UP,0.0274,1.0,0.0,0.0,1.7323,0.0,1.4458,2.0934,1.0,yfinance,5.0
2026-09-13 23:01:22,2025-12-23,National,v1.4-Finlight-National-Ridge,DAILY_BATCH,,1.6809,1.7151,UP,1.7432,UP,0.0281,1.0,0.0,0.0,1.6809,0.0,1.3913,2.0389,1.0,yfinance,5.0
2026-09-13 23:01:22,2025-12-24,National,v1.4-Finlight-National-Ridge,DAILY_BATCH,,1.6943,1.7251,UP,1.7471,UP,0.022,1.0,0.0,0.0,1.6943,0.0,1.4013,2.0489,1.0,yfinance,5.0
2026-09-13 23:01:22,2025-12-25,National,v1.4-Finlight-National-Ridge,DAILY_BATCH,,1.7013,1.7218,UP,,,,,0.0,0.0,1.7013,0.0,1.398,2.0456,,yfinance,5.0
2026-09-13 23:01:22,2025-12-26,National,v1.4-Finlight-National-Ridge,DAILY_BATCH,,1.7082,1.7589,UP,1.6971,DOWN,0.0618,0.0,0.0,0.0,1.7082,0.0,1.4351,2.0827,1.0,yfinance,5.0
2026-09-13 23:01:22,2025-12-29,National,v1.4-Finlight-National-Ridge,DAILY_BATCH,,1.7422,1.766,UP,1.7152,DOWN,0.0508,0.0,0.0,0.0,1.7422,0.0,1.4422,2.0898,1.0,yfinance,5.0
2026-09-13 23:01:22,2025-12-30,National,v1.4-Finlight-National-Ridge,DAILY_BATCH,,1.7432,1.777,UP,1.721,DOWN,0.056,0.0,0.0,0.0,1.7432,0.0,1.4532,2.1008,1.0,yfinance,5.0
2026-09-13 23:01:22,2025-12-31,National,v1.4-Finlight-National-Ridge,DAILY_BATCH,,1.7471,1.7489,UP,1.7054,DOWN,0.0435,0.0,0.0,0.0,1.7471,0.0,1.4251,2.0727,1.0,yfinance,5.0
2026-09-13 23:01:22,2026-01-02,National,v1.4-Finlight-National-Ridge,DAILY_BATCH,,1.6971,1.7153,UP,1.6982,UP,0.0171,1.0,0.0,0.0,1.6971,0.0,1.3915,2.0391,1.0,yfinance,5.0
2026-09-13 23:01:22,2026-01-05,National,v1.4-Finlight-National-Ridge,DAILY_BATCH,,1.7152,1.7302,UP,1.72,UP,0.0102,1.0,0.0,0.0,1.7152,0.0,1.4064,2.054,1.0,yfinance,5.0
2026-09-13 23:01:22,2026-01-06,National,v1.4-Finlight-National-Ridge,DAILY_BATCH,,1.721,1.75,UP,1.7006,DOWN,0.0494,0.0,0.0,0.0,1.721,0.0,1.4262,2.0738,1.0,yfinance,5.0
2026-09-13 23:01:22,2026-01-07,National,v1.4-Finlight-National-Ridge,DAILY_BATCH,,1.7054,1.7248,UP,1.6945,DOWN,0.0303,0.0,0.0,0.0,1.7054,0.0,1.401,2.0486,1.0,yfinance,5.0
2026-09-13 23:01:22,2026-01-09,National,v1.4-Finlight-National-Ridge,DAILY_BATCH,,1.6982,1.7217,UP,1.7806,UP,0.0589,1.0,0.0,0.0,1.6982,0.0,1.3979,2.0455,1.0,yfinance,5.0
2026-09-13 23:01:22,2026-01-12,National,v1.4-Finlight-National-Ridge,DAILY_BATCH,,1.72,1.7449,UP,1.7938,UP,0.0489,1.0,0.0,0.0,1.72,0.0,1.4211,2.0687,1.0,yfinance,5.0
2026-09-13 23:01:22,2026-01-13,National,v1.4-Finlight-National-Ridge,DAILY_BATCH,,1.7006,1.7262,UP,1.8265,UP,0.1003,1.0,0.0,0.0,1.7006,0.0,1.4024,2.0499,1.0,yfinance,5.0
2026-09-13 23:01:22,2026-01-14,National,v1.4-Finlight-National-Ridge,DAILY_BATCH,,1.6945,1.7358,UP,1.8304,UP,0.0946,1.0,0.0,0.0,1.6945,0.0,1.4121,2.0596,1.0,yfinance,5.0
2026-09-13 23:01:22,2026-01-15,National,v1.4-Finlight-National-Ridge,DAILY_BATCH,,1.7603,1.8448,UP,1.7838,UP,0.061,1.0,0.0,0.0,1.7603,0.0,1.521,2.1685,1.0,yfinance,5.0
2026-09-13 23:01:22,2026-01-16,National,v1.4-Finlight-National-Ridge,DAILY_BATCH,,1.7806,1.8706,UP,1.7852,UP,0.0854,1.0,0.0,0.0,1.7806,0.0,1.5468,2.1944,1.0,yfinance,5.0
2026-09-13 23:01:22,2026-01-19,National,v1.4-Finlight-National-Ridge,DAILY_BATCH,,1.7938,1.8794,UP,,,,,0.0,0.0,1.7938,0.0,1.5556,2.2032,,yfinance,5.0
2026-09-13 23:01:22,2026-01-20,National,v1.4-Finlight-National-Ridge,DAILY_BATCH,,1.8265,1.9186,UP,1.8238,DOWN,0.0948,0.0,0.0,0.0,1.8265,0.0,1.5948,2.2424,1.0,yfinance,5.0
2026-09-13 23:01:22,2026-01-21,National,v1.4-Finlight-National-Ridge,DAILY_BATCH,,1.8304,1.8943,UP,1.8574,UP,0.0369,1.0,0.0,0.0,1.8304,0.0,1.5705,2.2181,1.0,yfinance,5.0
2026-09-13 23:01:22,2026-01-22,National,v1.4-Finlight-National-Ridge,DAILY_BATCH,,1.7838,1.8477,UP,1.8172,UP,0.0305,1.0,0.0,0.0,1.7838,0.0,1.5239,2.1715,1.0,yfinance,5.0
2026-09-13 23:01:22,2026-01-23,National,v1.4-Finlight-National-Ridge,DAILY_BATCH,,1.7852,1.8445,UP,1.851,UP,0.0065,1.0,0.0,0.0,1.7852,0.0,1.5207,2.1683,1.0,yfinance,5.0
2026-09-13 23:01:22,2026-01-27,National,v1.4-Finlight-National-Ridge,DAILY_BATCH,,1.8238,1.9113,UP,1.8652,UP,0.0461,1.0,0.0,0.0,1.8238,0.0,1.5875,2.2351,1.0,yfinance,5.0
2026-09-13 23:01:22,2026-01-28,National,v1.4-Finlight-National-Ridge,DAILY_BATCH,,1.8574,1.9357,UP,1.8923,UP,0.0434,1.0,0.0,0.0,1.8574,0.0,1.6119,2.2595,1.0,yfinance,5.0
2026-09-13 23:01:22,2026-01-29,National,v1.4-Finlight-National-Ridge,DAILY_BATCH,,1.8172,1.8874,UP,1.92,UP,0.0326,1.0,0.0,0.0,1.8172,0.0,1.5636,2.2112,1.0,yfinance,5.0
2026-09-13 23:01:22,2026-01-30,National,v1.4-Finlight-National-Ridge,DAILY_BATCH,,1.851,1.9282,UP,1.9228,UP,0.0054,1.0,0.0,0.0,1.851,0.0,1.6044,2.252,1.0,yfinance,5.0
2026-09-13 23:01:22,2026-02-02,National,v1.4-Finlight-National-Ridge,DAILY_BATCH,,1.8201,1.9397,UP,1.8514,UP,0.0883,1.0,0.0,0.0,1.8201,0.0,1.6159,2.2635,1.0,yfinance,5.0
2026-09-13 23:01:22,2026-02-03,National,v1.4-Finlight-National-Ridge,DAILY_BATCH,,1.8652,1.9839,UP,1.8979,UP,0.086,1.0,0.0,0.0,1.8652,0.0,1.6601,2.3077,1.0,yfinance,5.0
2026-09-13 23:01:22,2026-02-04,National,v1.4-Finlight-National-Ridge,DAILY_BATCH,,1.8923,2.0017,UP,1.9652,UP,0.0365,1.0,0.0,0.0,1.8923,0.0,1.6779,2.3255,1.0,yfinance,5.0
2026-09-13 23:01:22,2026-02-05,National,v1.4-Finlight-National-Ridge,DAILY_BATCH,,1.92,1.9941,UP,1.9266,UP,0.0675,1.0,0.0,0.0,1.92,0.0,1.6703,2.3179,1.0,yfinance,5.0
2026-09-13 23:01:22,2026-02-06,National,v1.4-Finlight-National-Ridge,DAILY_BATCH,,1.9228,2.0069,UP,1.9532,UP,0.0537,1.0,0.0,0.0,1.9228,0.0,1.6831,2.3307,1.0,yfinance,5.0
2026-09-13 23:01:22,2026-02-09,National,v1.4-Finlight-National-Ridge,DAILY_BATCH,,1.8514,1.9154,UP,1.9855,UP,0.0701,1.0,0.0,0.0,1.8514,0.0,1.5916,2.2392,1.0,yfinance,5.0
2026-09-13 23:01:22,2026-02-10,National,v1.4-Finlight-National-Ridge,DAILY_BATCH,,1.8979,1.9809,UP,1.9592,UP,0.0217,1.0,0.0,0.0,1.8979,0.0,1.6571,2.3047,1.0,yfinance,5.0
2026-09-13 23:01:22,2026-02-11,National,v1.4-Finlight-National-Ridge,DAILY_BATCH,,1.9652,2.0454,UP,1.9789,UP,0.0665,1.0,0.0,0.0,1.9652,0.0,1.7216,2.3692,1.0,yfinance,5.0
2026-09-13 23:01:22,2026-02-12,National,v1.4-Finlight-National-Ridge,DAILY_BATCH,,1.9266,2.0967,UP,1.9159,DOWN,0.1808,0.0,0.0,0.0,1.9266,0.0,1.7729,2.4205,1.0,yfinance,5.0
2026-09-13 23:01:22,2026-02-13,National,v1.4-Finlight-National-Ridge,DAILY_BATCH,,1.9532,2.1046,UP,1.911,DOWN,0.1936,0.0,0.0,0.0,1.9532,0.0,1.7808,2.4283,1.0,yfinance,5.0
2026-09-13 23:01:22,2026-02-16,National,v1.4-Finlight-National-Ridge,DAILY_BATCH,,1.9855,2.1089,UP,,,,,0.0,0.0,1.9855,0.0,1.7851,2.4327,,yfinance,5.0
2026-09-13 23:01:22,2026-02-17,National,v1.4-Finlight-National-Ridge,DAILY_BATCH,,1.9592,2.0781,UP,1.9144,DOWN,0.1637,0.0,0.0,0.0,1.9592,0.0,1.7543,2.4019,1.0,yfinance,5.0
2026-09-13 23:01:22,2026-02-18,National,v1.4-Finlight-National-Ridge,DAILY_BATCH,,1.9789,2.0955,UP,1.968,DOWN,0.1275,0.0,0.0,0.0,1.9789,0.0,1.7717,2.4193,1.0,yfinance,5.0
2026-09-13 23:01:22,2026-02-19,National,v1.4-Finlight-National-Ridge,DAILY_BATCH,,1.9159,2.0322,UP,2.0066,UP,0.0256,1.0,0.0,0.0,1.9159,0.0,1.7084,2.356,1.0,yfinance,5.0
2026-09-13 23:01:22,2026-02-20,National,v1.4-Finlight-National-Ridge,DAILY_BATCH,,1.911,2.0488,UP,1.9973,UP,0.0515,1.0,0.0,0.0,1.911,0.0,1.725,2.3726,1.0,yfinance,5.0
2026-09-13 23:01:22,2026-02-24,National,v1.4-Finlight-National-Ridge,DAILY_BATCH,,1.9144,2.0167,UP,1.9714,UP,0.0453,1.0,0.0,0.0,1.9144,0.0,1.6929,2.3404,1.0,yfinance,5.0
2026-09-13 23:01:22,2026-02-25,National,v1.4-Finlight-National-Ridge,DAILY_BATCH,,1.968,2.0834,UP,1.9914,UP,0.092,1.0,0.0,0.0,1.968,0.0,1.7596,2.4072,1.0,yfinance,5.0
2026-09-13 23:01:22,2026-02-26,National,v1.4-Finlight-National-Ridge,DAILY_BATCH,,2.0066,2.1477,UP,2.0323,UP,0.1154,1.0,0.0,0.0,2.0066,0.0,1.8239,2.4715,1.0,yfinance,5.0
2026-09-13 23:01:22,2026-02-27,National,v1.4-Finlight-National-Ridge,DAILY_BATCH,,1.9973,2.1199,UP,2.0779,UP,0.042,1.0,0.0,0.0,1.9973,0.0,1.7961,2.4437,1.0,yfinance,5.0
2026-09-13 23:01:22,2026-03-02,National,v1.4-Finlight-National-Ridge,DAILY_BATCH,,1.9892,2.1156,UP,2.3706,UP,0.255,1.0,0.0,0.0,1.9892,0.0,1.7918,2.4393,1.0,yfinance,5.0
2026-09-13 23:01:22,2026-03-03,National,v1.4-Finlight-National-Ridge,DAILY_BATCH,,1.9714,2.1019,UP,2.4574,UP,0.3555,1.0,0.0,0.0,1.9714,0.0,1.7782,2.4257,0.0,yfinance,5.0
2026-09-13 23:01:22,2026-03-04,National,v1.4-Finlight-National-Ridge,DAILY_BATCH,,1.9914,2.1137,UP,2.5149,UP,0.4012,1.0,0.0,0.0,1.9914,0.0,1.7899,2.4375,0.0,yfinance,5.0
2026-09-13 23:01:22,2026-03-05,National,v1.4-Finlight-National-Ridge,DAILY_BATCH,,2.0323,2.1519,UP,2.6709,UP,0.519,1.0,0.0,0.0,2.0323,0.0,1.8281,2.4757,0.0,yfinance,5.0
2026-09-13 23:01:22,2026-03-06,National,v1.4-Finlight-National-Ridge,DAILY_BATCH,,2.0779,2.1839,UP,2.7466,UP,0.5627,1.0,0.0,0.0,2.0779,0.0,1.8601,2.5077,0.0,yfinance,5.0
2026-09-13 23:01:22,2026-03-09,National,v1.4-Finlight-National-Ridge,DAILY_BATCH,,2.3706,2.3107,DOWN,2.8084,UP,0.4977,0.0,0.0,0.0,2.3706,0.0,1.9869,2.6345,0.0,yfinance,5.0
2026-09-13 23:01:22,2026-03-10,National,v1.4-Finlight-National-Ridge,DAILY_BATCH,,2.4574,2.2914,DOWN,2.6403,UP,0.3489,0.0,0.0,0.0,2.4574,0.0,1.9676,2.6152,0.0,yfinance,5.0
2026-09-13 23:01:22,2026-03-11,National,v1.4-Finlight-National-Ridge,DAILY_BATCH,,2.5149,2.3751,DOWN,2.7883,UP,0.4132,0.0,0.0,0.0,2.5149,0.0,2.0513,2.6989,0.0,yfinance,5.0
2026-09-13 23:01:22,2026-03-12,National,v1.4-Finlight-National-Ridge,DAILY_BATCH,,2.6709,2.5021,DOWN,2.9646,UP,0.4625,0.0,0.0,0.0,2.6709,0.0,2.1783,2.8258,0.0,yfinance,5.0
2026-09-13 23:01:22,2026-03-13,National,v1.4-Finlight-National-Ridge,DAILY_BATCH,,2.7466,2.457,DOWN,3.0414,UP,0.5844,0.0,0.0,0.0,2.7466,0.0,2.1332,2.7808,0.0,yfinance,5.0
2026-09-13 23:01:22,2026-03-16,National,v1.4-Finlight-National-Ridge,DAILY_BATCH,,2.8084,2.4732,DOWN,3.0003,UP,0.5271,0.0,0.0,0.0,2.8084,0.0,2.1494,2.797,0.0,yfinance,5.0
2026-09-13 23:01:22,2026-03-17,National,v1.4-Finlight-National-Ridge,DAILY_BATCH,,2.6403,2.5104,DOWN,3.1234,UP,0.613,0.0,0.0,0.0,2.6403,0.0,2.1866,2.8342,0.0,yfinance,5.0
2026-09-13 23:01:22,2026-03-18,National,v1.4-Finlight-National-Ridge,DAILY_BATCH,,2.7883,2.6704,DOWN,3.0985,UP,0.4281,0.0,0.0,0.0,2.7883,0.0,2.3466,2.9942,0.0,yfinance,5.0
2026-09-13 23:01:22,2026-03-19,National,v1.4-Finlight-National-Ridge,DAILY_BATCH,,2.9646,2.7023,DOWN,3.1271,UP,0.4248,0.0,0.0,0.0,2.9646,0.0,2.3785,3.0261,0.0,yfinance,5.0
2026-09-13 23:01:22,2026-03-20,National,v1.4-Finlight-National-Ridge,DAILY_BATCH,,3.0414,2.7507,DOWN,3.2862,UP,0.5355,0.0,0.0,0.0,3.0414,0.0,2.4269,3.0745,0.0,yfinance,5.0
2026-09-13 23:01:22,2026-03-23,National,v1.4-Finlight-National-Ridge,DAILY_BATCH,,3.0003,2.9078,DOWN,2.9749,DOWN,0.0671,1.0,0.0,0.0,3.0003,0.0,2.584,3.2315,1.0,yfinance,5.0
2026-09-13 23:01:22,2026-03-24,National,v1.4-Finlight-National-Ridge,DAILY_BATCH,,3.1234,3.0459,DOWN,3.148,UP,0.1021,0.0,0.0,0.0,3.1234,0.0,2.7221,3.3697,1.0,yfinance,5.0
2026-09-13 23:01:22,2026-03-25,National,v1.4-Finlight-National-Ridge,DAILY_BATCH,,3.0985,3.0296,DOWN,3.0124,DOWN,0.0172,1.0,0.0,0.0,3.0985,0.0,2.7058,3.3534,1.0,yfinance,5.0
2026-09-13 23:01:22,2026-03-26,National,v1.4-Finlight-National-Ridge,DAILY_BATCH,,3.1271,3.0994,DOWN,3.1302,UP,0.0308,0.0,0.0,0.0,3.1271,0.0,2.7757,3.4232,1.0,yfinance,5.0
2026-09-13 23:01:22,2026-03-27,National,v1.4-Finlight-National-Ridge,DAILY_BATCH,,3.2862,3.2254,DOWN,3.2501,DOWN,0.0247,1.0,0.0,0.0,3.2862,0.0,2.9016,3.5492,1.0,yfinance,5.0
2026-09-13 23:01:22,2026-03-30,National,v1.4-Finlight-National-Ridge,DAILY_BATCH,,2.9749,3.0947,UP,3.3515,UP,0.2568,1.0,0.0,0.0,2.9749,0.0,2.7709,3.4185,1.0,yfinance,5.0
2026-09-13 23:01:22,2026-03-31,National,v1.4-Finlight-National-Ridge,DAILY_BATCH,,3.148,3.1641,UP,3.3123,UP,0.1482,1.0,0.0,0.0,3.148,0.0,2.8403,3.4879,1.0,yfinance,5.0
2026-09-13 23:01:22,2026-04-01,National,v1.4-Finlight-National-Ridge,DAILY_BATCH,,3.0124,3.1042,UP,3.0914,UP,0.0128,1.0,0.0,0.0,3.0124,0.0,2.7804,3.428,1.0,yfinance,5.0
2026-09-13 23:01:22,2026-04-02,National,v1.4-Finlight-National-Ridge,DAILY_BATCH,,3.1302,3.269,UP,3.288,UP,0.019,1.0,0.0,0.0,3.1302,0.0,2.9452,3.5928,1.0,yfinance,5.0
2026-09-13 23:01:22,2026-04-03,National,v1.4-Finlight-National-Ridge,DAILY_BATCH,,3.2501,3.315,UP,,,,,0.0,0.0,3.2501,0.0,2.9912,3.6388,,yfinance,5.0
2026-09-13 23:01:22,2026-04-06,National,v1.4-Finlight-National-Ridge,DAILY_BATCH,,3.3515,3.3043,DOWN,3.3082,DOWN,0.0039,1.0,0.0,0.0,3.3515,0.0,2.9805,3.6281,1.0,yfinance,5.0
2026-09-13 23:01:22,2026-04-07,National,v1.4-Finlight-National-Ridge,DAILY_BATCH,,3.3123,3.292,DOWN,3.3052,DOWN,0.0132,1.0,0.0,0.0,3.3123,0.0,2.9683,3.6158,1.0,yfinance,5.0
2026-09-13 23:01:22,2026-04-08,National,v1.4-Finlight-National-Ridge,DAILY_BATCH,,3.0914,3.166,UP,3.0059,DOWN,0.1601,0.0,0.0,0.0,3.0914,0.0,2.8422,3.4898,1.0,yfinance,5.0
2026-09-13 23:01:22,2026-04-09,National,v1.4-Finlight-National-Ridge,DAILY_BATCH,,3.288,3.2934,UP,3.0007,DOWN,0.2927,0.0,0.0,0.0,3.288,0.0,2.9696,3.6172,1.0,yfinance,5.0
2026-09-13 23:01:22,2026-04-13,National,v1.4-Finlight-National-Ridge,DAILY_BATCH,,3.3082,3.3815,UP,3.116,DOWN,0.2655,0.0,0.0,0.0,3.3082,0.0,3.0577,3.7053,1.0,yfinance,5.0
2026-09-13 23:01:22,2026-04-14,National,v1.4-Finlight-National-Ridge,DAILY_BATCH,,3.3052,3.3671,UP,3.0395,DOWN,0.3276,0.0,0.0,0.0,3.3052,0.0,3.0433,3.6909,0.0,yfinance,5.0
2026-09-13 23:01:22,2026-04-15,National,v1.4-Finlight-National-Ridge,DAILY_BATCH,,3.0059,3.1786,UP,3.0692,UP,0.1094,1.0,0.0,0.0,3.0059,0.0,2.8548,3.5024,1.0,yfinance,5.0
2026-09-13 23:01:22,2026-04-16,National,v1.4-Finlight-National-Ridge,DAILY_BATCH,,3.0007,3.1269,UP,3.1637,UP,0.0368,1.0,0.0,0.0,3.0007,0.0,2.8031,3.4507,1.0,yfinance,5.0
2026-09-13 23:01:22,2026-04-17,National,v1.4-Finlight-National-Ridge,DAILY_BATCH,,3.0373,3.1807,UP,3.0048,DOWN,0.1759,0.0,0.0,0.0,3.0373,0.0,2.8569,3.5045,1.0,yfinance,5.0
2026-09-13 23:01:22,2026-04-20,National,v1.4-Finlight-National-Ridge,DAILY_BATCH,,3.116,3.2426,UP,3.1168,UP,0.1258,1.0,0.0,0.0,3.116,0.0,2.9188,3.5664,1.0,yfinance,5.0
2026-09-13 23:01:22,2026-04-21,National,v1.4-Finlight-National-Ridge,DAILY_BATCH,,3.0395,3.1867,UP,3.2098,UP,0.0231,1.0,0.0,0.0,3.0395,0.0,2.8629,3.5105,1.0,yfinance,5.0
2026-09-13 23:01:22,2026-04-22,National,v1.4-Finlight-National-Ridge,DAILY_BATCH,,3.0692,3.1702,UP,3.3579,UP,0.1877,1.0,0.0,0.0,3.0692,0.0,2.8464,3.494,1.0,yfinance,5.0
2026-09-13 23:01:22,2026-04-23,National,v1.4-Finlight-National-Ridge,DAILY_BATCH,,3.1637,3.1731,UP,3.4621,UP,0.289,1.0,0.0,0.0,3.1637,0.0,2.8493,3.4969,1.0,yfinance,5.0
2026-09-13 23:01:22,2026-04-24,National,v1.4-Finlight-National-Ridge,DAILY_BATCH,,3.0048,3.1159,UP,3.4626,UP,0.3467,1.0,0.0,0.0,3.0048,0.0,2.7921,3.4397,0.0,yfinance,5.0
2026-09-13 23:01:22,2026-04-27,National,v1.4-Finlight-National-Ridge,DAILY_BATCH,,3.1168,3.2051,UP,3.491,UP,0.2859,1.0,0.0,0.0,3.1168,0.0,2.8813,3.5289,1.0,yfinance,5.0
2026-09-13 23:01:22,2026-04-28,National,v1.4-Finlight-National-Ridge,DAILY_BATCH,,3.2098,3.2456,UP,3.5604,UP,0.3148,1.0,0.0,0.0,3.2098,0.0,2.9218,3.5694,1.0,yfinance,5.0
2026-09-13 23:01:22,2026-04-29,National,v1.4-Finlight-National-Ridge,DAILY_BATCH,,3.3579,3.309,DOWN,3.7411,UP,0.4321,0.0,0.0,0.0,3.3579,0.0,2.9852,3.6328,0.0,yfinance,5.0
2026-09-13 23:01:22,2026-04-30,National,v1.4-Finlight-National-Ridge,DAILY_BATCH,,3.4621,3.3377,DOWN,3.7715,UP,0.4338,0.0,0.0,0.0,3.4621,0.0,3.0139,3.6615,0.0,yfinance,5.0
2026-09-13 23:01:22,2026-05-01,National,v1.4-Finlight-National-Ridge,DAILY_BATCH,,3.4626,3.3558,DOWN,3.5952,UP,0.2394,0.0,0.0,0.0,3.4626,0.0,3.032,3.6796,1.0,yfinance,5.0
2026-09-13 23:01:22,2026-05-04,National,v1.4-Finlight-National-Ridge,DAILY_BATCH,,3.491,3.4102,DOWN,3.7382,UP,0.328,0.0,0.0,0.0,3.491,0.0,3.0864,3.734,0.0,yfinance,5.0
2026-09-13 23:01:22,2026-05-05,National,v1.4-Finlight-National-Ridge,DAILY_BATCH,,3.5604,3.3893,DOWN,3.6206,UP,0.2313,0.0,0.0,0.0,3.5604,0.0,3.0656,3.7131,1.0,yfinance,5.0
2026-09-13 23:01:22,2026-05-06,National,v1.4-Finlight-National-Ridge,DAILY_BATCH,,3.7411,3.5112,DOWN,3.4593,DOWN,0.0519,1.0,0.0,0.0,3.7411,0.0,3.1874,3.835,1.0,yfinance,5.0
2026-09-13 23:01:22,2026-05-07,National,v1.4-Finlight-National-Ridge,DAILY_BATCH,,3.7715,3.5828,DOWN,3.456,DOWN,0.1268,1.0,0.0,0.0,3.7715,0.0,3.259,3.9065,1.0,yfinance,5.0
2026-09-13 23:01:22,2026-05-08,National,v1.4-Finlight-National-Ridge,DAILY_BATCH,,3.5952,3.5004,DOWN,3.5267,DOWN,0.0263,1.0,0.0,0.0,3.5952,0.0,3.1766,3.8242,1.0,yfinance,5.0
2026-09-13 23:01:22,2026-05-11,National,v1.4-Finlight-National-Ridge,DAILY_BATCH,,3.7382,3.5946,DOWN,3.5998,DOWN,0.0052,1.0,0.0,0.0,3.7382,0.0,3.2708,3.9184,1.0,yfinance,5.0
2026-09-13 23:01:22,2026-05-12,National,v1.4-Finlight-National-Ridge,DAILY_BATCH,,3.6206,3.5789,DOWN,3.6977,UP,0.1188,0.0,0.0,0.0,3.6206,0.0,3.2551,3.9027,1.0,yfinance,5.0
2026-09-13 23:01:22,2026-05-13,National,v1.4-Finlight-National-Ridge,DAILY_BATCH,,3.4593,3.5547,UP,3.6187,UP,0.064,1.0,0.0,0.0,3.4593,0.0,3.2309,3.8785,1.0,yfinance,5.0
2026-09-13 23:01:22,2026-05-14,National,v1.4-Finlight-National-Ridge,DAILY_BATCH,,3.456,3.5506,UP,3.6057,UP,0.0551,1.0,0.0,0.0,3.456,0.0,3.2269,3.8744,1.0,yfinance,5.0
2026-09-13 23:01:22,2026-05-15,National,v1.4-Finlight-National-Ridge,DAILY_BATCH,,3.5267,3.6201,UP,3.7019,UP,0.0818,1.0,0.0,0.0,3.5267,0.0,3.2963,3.9439,1.0,yfinance,5.0
2026-09-13 23:01:22,2026-05-18,National,v1.4-Finlight-National-Ridge,DAILY_BATCH,,3.5998,3.6398,UP,3.7607,UP,0.1209,1.0,0.0,0.0,3.5998,0.0,3.316,3.9636,1.0,yfinance,5.0
2026-09-13 23:01:22,2026-05-19,National,v1.4-Finlight-National-Ridge,DAILY_BATCH,,3.6977,3.6722,DOWN,3.6962,DOWN,0.024,1.0,0.0,0.0,3.6977,0.0,3.3484,3.996,1.0,yfinance,5.0
2026-09-13 23:01:22,2026-05-20,National,v1.4-Finlight-National-Ridge,DAILY_BATCH,,3.6187,3.6336,UP,3.4874,DOWN,0.1462,0.0,0.0,0.0,3.6187,0.0,3.3098,3.9574,1.0,yfinance,5.0
2026-09-13 23:01:22,2026-05-21,National,v1.4-Finlight-National-Ridge,DAILY_BATCH,,3.6057,3.6442,UP,3.3796,DOWN,0.2646,0.0,0.0,0.0,3.6057,0.0,3.3204,3.968,1.0,yfinance,5.0
2026-09-13 23:01:22,2026-05-22,National,v1.4-Finlight-National-Ridge,DAILY_BATCH,,3.7019,3.6719,DOWN,3.4539,DOWN,0.218,1.0,0.0,0.0,3.7019,0.0,3.3481,3.9957,1.0,yfinance,5.0
2026-09-13 23:01:22,2026-05-25,National,v1.4-Finlight-National-Ridge,DAILY_BATCH,,3.7607,3.7124,DOWN,,,,,0.0,0.0,3.7607,0.0,3.3886,4.0362,,yfinance,5.0
2026-09-13 23:01:22,2026-05-26,National,v1.4-Finlight-National-Ridge,DAILY_BATCH,,3.6962,3.6893,DOWN,3.2205,DOWN,0.4688,1.0,0.0,0.0,3.6962,0.0,3.3655,4.013,0.0,yfinance,5.0
2026-09-13 23:01:22,2026-05-27,National,v1.4-Finlight-National-Ridge,DAILY_BATCH,,3.4874,3.5129,UP,3.1337,DOWN,0.3792,0.0,0.0,0.0,3.4874,0.0,3.1891,3.8367,0.0,yfinance,5.0
2026-09-13 23:01:22,2026-05-28,National,v1.4-Finlight-National-Ridge,DAILY_BATCH,,3.3796,3.4001,UP,3.1852,DOWN,0.2149,0.0,0.0,0.0,3.3796,0.0,3.0763,3.7239,1.0,yfinance,5.0
2026-09-13 23:01:22,2026-05-29,National,v1.4-Finlight-National-Ridge,DAILY_BATCH,,3.4539,3.4913,UP,3.1267,DOWN,0.3646,0.0,0.0,0.0,3.4539,0.0,3.1675,3.8151,0.0,yfinance,5.0
2026-09-13 23:01:22,2026-06-02,National,v1.4-Finlight-National-Ridge,DAILY_BATCH,,3.2205,3.3408,UP,3.1443,DOWN,0.1965,0.0,0.0,0.0,3.2205,0.0,3.017,3.6646,1.0,yfinance,5.0
2026-09-13 23:01:22,2026-06-03,National,v1.4-Finlight-National-Ridge,DAILY_BATCH,,3.1337,3.2957,UP,3.1316,DOWN,0.1641,0.0,0.0,0.0,3.1337,0.0,2.9719,3.6195,1.0,yfinance,5.0
2026-09-13 23:01:22,2026-06-04,National,v1.4-Finlight-National-Ridge,DAILY_BATCH,,3.1852,3.2818,UP,3.0383,DOWN,0.2435,0.0,0.0,0.0,3.1852,0.0,2.9581,3.6056,1.0,yfinance,5.0
2026-09-13 23:01:22,2026-06-05,National,v1.4-Finlight-National-Ridge,DAILY_BATCH,,3.1267,3.2592,UP,3.0459,DOWN,0.2133,0.0,0.0,0.0,3.1267,0.0,2.9354,3.583,1.0,yfinance,5.0
2026-09-13 23:01:22,2026-06-08,National,v1.4-Finlight-National-Ridge,DAILY_BATCH,,3.0847,3.2093,UP,3.0706,DOWN,0.1387,0.0,0.0,0.0,3.0847,0.0,2.8855,3.5331,1.0,yfinance,5.0
2026-09-13 23:01:22,2026-06-09,National,v1.4-Finlight-National-Ridge,DAILY_BATCH,,3.1443,3.2309,UP,3.0211,DOWN,0.2098,0.0,0.0,0.0,3.1443,0.0,2.9071,3.5547,1.0,yfinance,5.0
2026-09-13 23:01:22,2026-06-10,National,v1.4-Finlight-National-Ridge,DAILY_BATCH,,3.1316,3.1883,UP,3.1099,DOWN,0.0784,0.0,0.0,0.0,3.1316,0.0,2.8645,3.5121,1.0,yfinance,5.0
2026-09-13 23:01:22,2026-06-11,National,v1.4-Finlight-National-Ridge,DAILY_BATCH,,3.0383,3.1051,UP,3.1014,UP,0.0037,1.0,0.0,0.0,3.0383,0.0,2.7813,3.4288,1.0,yfinance,5.0
2026-09-13 23:01:22,2026-06-12,National,v1.4-Finlight-National-Ridge,DAILY_BATCH,,3.0459,3.0894,UP,3.0498,UP,0.0396,1.0,0.0,0.0,3.0459,0.0,2.7656,3.4132,1.0,yfinance,5.0
2026-09-13 23:01:22,2026-06-15,National,v1.4-Finlight-National-Ridge,DAILY_BATCH,,3.0706,3.1146,UP,2.9472,DOWN,0.1674,0.0,0.0,0.0,3.0706,0.0,2.7908,3.4383,1.0,yfinance,5.0
2026-09-13 23:01:22,2026-06-16,National,v1.4-Finlight-National-Ridge,DAILY_BATCH,,3.0211,3.0573,UP,2.8805,DOWN,0.1768,0.0,0.0,0.0,3.0211,0.0,2.7335,3.3811,1.0,yfinance,5.0
2026-09-13 23:01:22,2026-06-17,National,v1.4-Finlight-National-Ridge,DAILY_BATCH,,3.1099,3.1001,DOWN,2.9096,DOWN,0.1905,1.0,0.0,0.0,3.1099,0.0,2.7763,3.4239,1.0,yfinance,5.0
2026-09-13 23:01:22,2026-06-18,National,v1.4-Finlight-National-Ridge,DAILY_BATCH,,3.1014,3.0909,DOWN,2.9949,DOWN,0.096,1.0,0.0,0.0,3.1014,0.0,2.7671,3.4147,1.0,yfinance,5.0
2026-09-13 23:01:22,2026-06-19,National,v1.4-Finlight-National-Ridge,DAILY_BATCH,,3.0498,3.0403,DOWN,,,,,0.0,0.0,3.0498,0.0,2.7165,3.3641,,yfinance,5.0
2026-09-13 23:01:22,2026-06-22,National,v1.4-Finlight-National-Ridge,DAILY_BATCH,,2.9472,2.9318,DOWN,2.987,UP,0.0552,0.0,0.0,0.0,2.9472,0.0,2.608,3.2556,1.0,yfinance,5.0
2026-09-13 23:01:22,2026-06-23,National,v1.4-Finlight-National-Ridge,DAILY_BATCH,,2.8805,2.9139,UP,2.959,UP,0.0451,1.0,0.0,0.0,2.8805,0.0,2.5901,3.2377,1.0,yfinance,5.0
2026-09-13 23:01:22,2026-06-24,National,v1.4-Finlight-National-Ridge,DAILY_BATCH,,2.9096,2.9378,UP,2.8818,DOWN,0.056,0.0,0.0,0.0,2.9096,0.0,2.614,3.2616,1.0,yfinance,5.0
2026-09-13 23:01:22,2026-06-25,National,v1.4-Finlight-National-Ridge,DAILY_BATCH,,2.9949,3.0172,UP,3.0273,UP,0.0101,1.0,0.0,0.0,2.9949,0.0,2.6934,3.341,1.0,yfinance,5.0
2026-09-13 23:01:22,2026-06-29,National,v1.4-Finlight-National-Ridge,DAILY_BATCH,,2.987,2.9992,UP,3.0614,UP,0.0622,1.0,0.0,0.0,2.987,0.0,2.6754,3.323,1.0,yfinance,5.0
2026-09-13 23:01:22,2026-06-30,National,v1.4-Finlight-National-Ridge,DAILY_BATCH,,2.959,2.9611,UP,3.0144,UP,0.0533,1.0,0.0,0.0,2.959,0.0,2.6373,3.2849,1.0,yfinance,5.0
2026-09-13 23:01:22,2026-07-01,National,v1.4-Finlight-National-Ridge,DAILY_BATCH,,2.8818,2.8864,UP,2.9452,UP,0.0588,1.0,0.0,0.0,2.8818,0.0,2.5626,3.2102,1.0,yfinance,5.0
2026-09-13 23:01:22,2026-07-02,National,v1.4-Finlight-National-Ridge,DAILY_BATCH,,3.0273,3.0389,UP,2.9173,DOWN,0.1216,0.0,0.0,0.0,3.0273,0.0,2.7151,3.3627,1.0,yfinance,5.0
2026-09-13 23:01:22,2026-07-03,National,v1.4-Finlight-National-Ridge,DAILY_BATCH,,2.9571,2.9894,UP,,,,,0.0,0.0,2.9571,0.0,2.6656,3.3132,,yfinance,5.0
2026-09-13 23:01:22,2026-07-06,National,v1.4-Finlight-National-Ridge,DAILY_BATCH,,3.0614,3.0851,UP,3.0033,DOWN,0.0818,0.0,0.0,0.0,3.0614,0.0,2.7613,3.4089,1.0,yfinance,5.0
2026-09-13 23:01:22,2026-07-07,National,v1.4-Finlight-National-Ridge,DAILY_BATCH,,3.0144,3.006,DOWN,2.9539,DOWN,0.0521,1.0,0.0,0.0,3.0144,0.0,2.6822,3.3298,1.0,yfinance,5.0
2026-09-13 23:01:22,2026-07-08,National,v1.4-Finlight-National-Ridge,DAILY_BATCH,,2.9452,2.928,DOWN,3.1034,UP,0.1754,0.0,0.0,0.0,2.9452,0.0,2.6042,3.2518,1.0,yfinance,5.0
2026-09-13 23:01:22,2026-07-09,National,v1.4-Finlight-National-Ridge,DAILY_BATCH,,2.9173,2.9145,DOWN,3.0387,UP,0.1242,0.0,0.0,0.0,2.9173,0.0,2.5907,3.2383,1.0,yfinance,5.0
2026-09-13 23:01:22,2026-07-13,National,v1.4-Finlight-National-Ridge,DAILY_BATCH,,3.0033,3.0328,UP,3.1663,UP,0.1335,1.0,0.0,0.0,3.0033,0.0,2.709,3.3566,1.0,yfinance,5.0
2026-09-13 23:01:22,2026-07-14,National,v1.4-Finlight-National-Ridge,DAILY_BATCH,,2.9539,2.9865,UP,3.2273,UP,0.2408,1.0,0.0,0.0,2.9539,0.0,2.6627,3.3103,1.0,yfinance,5.0
2026-09-13 23:01:22,2026-07-15,National,v1.4-Finlight-National-Ridge,DAILY_BATCH,,3.1034,3.1171,UP,3.3009,UP,0.1838,1.0,0.0,0.0,3.1034,0.0,2.7933,3.4409,1.0,yfinance,5.0
2026-09-13 23:01:22,2026-07-16,National,v1.4-Finlight-National-Ridge,DAILY_BATCH,,3.0387,3.0402,UP,3.2847,UP,0.2445,1.0,0.0,0.0,3.0387,0.0,2.7164,3.364,1.0,yfinance,5.0
2026-09-13 23:01:22,2026-07-17,National,v1.4-Finlight-National-Ridge,DAILY_BATCH,,2.9846,3.0218,UP,3.3927,UP,0.3709,1.0,0.0,0.0,2.9846,0.0,2.698,3.3456,0.0,yfinance,5.0
2026-09-13 23:01:22,2026-07-20,National,v1.4-Finlight-National-Ridge,DAILY_BATCH,,3.1663,3.1786,UP,3.389,UP,0.2104,1.0,0.0,0.0,3.1663,0.0,2.8548,3.5024,1.0,yfinance,5.0
2026-09-13 23:01:22,2026-07-21,National,v1.4-Finlight-National-Ridge,DAILY_BATCH,,3.2273,3.2284,UP,3.4059,UP,0.1775,1.0,0.0,0.0,3.2273,0.0,2.9046,3.5522,1.0,yfinance,5.0
2026-09-13 23:01:22,2026-07-22,National,v1.4-Finlight-National-Ridge,DAILY_BATCH,,3.3009,3.2285,DOWN,3.4147,UP,0.1862,0.0,0.0,0.0,3.3009,0.0,2.9047,3.5523,1.0,yfinance,5.0
2026-09-13 23:01:22,2026-07-23,National,v1.4-Finlight-National-Ridge,DAILY_BATCH,,3.2847,3.2255,DOWN,3.4964,UP,0.2709,0.0,0.0,0.0,3.2847,0.0,2.9017,3.5493,1.0,yfinance,5.0
2026-09-13 23:01:22,2026-07-24,National,v1.4-Finlight-National-Ridge,DAILY_BATCH,,3.3927,3.2828,DOWN,3.3959,UP,0.1131,0.0,0.0,0.0,3.3927,0.0,2.9591,3.6066,1.0,yfinance,5.0
2026-09-13 23:01:22,2026-07-27,National,v1.4-Finlight-National-Ridge,DAILY_BATCH,,3.389,3.2979,DOWN,3.3273,DOWN,0.0294,1.0,0.0,0.0,3.389,0.0,2.9741,3.6217,1.0,yfinance,5.0
2026-09-13 23:01:22,2026-07-28,National,v1.4-Finlight-National-Ridge,DAILY_BATCH,,3.4059,3.2995,DOWN,3.3345,DOWN,0.035,1.0,0.0,0.0,3.4059,0.0,2.9757,3.6233,1.0,yfinance,5.0
2026-09-13 23:01:22,2026-07-29,National,v1.4-Finlight-National-Ridge,DAILY_BATCH,,3.4147,3.3557,DOWN,3.3978,DOWN,0.0421,1.0,0.0,0.0,3.4147,0.0,3.0319,3.6795,1.0,yfinance,5.0
2026-09-13 23:01:22,2026-07-30,National,v1.4-Finlight-National-Ridge,DAILY_BATCH,,3.4964,3.3859,DOWN,3.2847,DOWN,0.1012,1.0,0.0,0.0,3.4964,0.0,3.0621,3.7097,1.0,yfinance,5.0
2026-09-13 23:01:22,2026-07-31,National,v1.4-Finlight-National-Ridge,DAILY_BATCH,,3.3959,3.3242,DOWN,3.2216,DOWN,0.1026,1.0,0.0,0.0,3.3959,0.0,3.0004,3.648,1.0,yfinance,5.0
2026-09-13 23:01:22,2026-08-03,National,v1.4-Finlight-National-Ridge,DAILY_BATCH,,3.3273,3.3229,DOWN,2.9667,DOWN,0.3562,1.0,0.0,0.0,3.3273,0.0,2.9991,3.6467,0.0,yfinance,5.0
2026-09-13 23:01:22,2026-08-04,National,v1.4-Finlight-National-Ridge,DAILY_BATCH,,3.3345,3.3517,UP,2.8522,DOWN,0.4995,0.0,0.0,0.0,3.3345,0.0,3.0279,3.6755,0.0,yfinance,5.0
2026-09-13 23:01:22,2026-08-05,National,v1.4-Finlight-National-Ridge,DAILY_BATCH,,3.3978,3.4133,UP,2.8388,DOWN,0.5745,0.0,0.0,0.0,3.3978,0.0,3.0895,3.7371,0.0,yfinance,5.0
2026-09-13 23:01:22,2026-08-06,National,v1.4-Finlight-National-Ridge,DAILY_BATCH,,3.2847,3.3229,UP,2.9385,DOWN,0.3844,0.0,0.0,0.0,3.2847,0.0,2.9992,3.6467,0.0,yfinance,5.0
2026-09-13 23:01:22,2026-08-07,National,v1.4-Finlight-National-Ridge,DAILY_BATCH,,3.2216,3.2516,UP,2.9853,DOWN,0.2663,0.0,0.0,0.0,3.2216,0.0,2.9278,3.5754,1.0,yfinance,5.0
2026-09-13 23:01:22,2026-08-10,National,v1.4-Finlight-National-Ridge,DAILY_BATCH,,2.9667,3.0398,UP,3.1354,UP,0.0956,1.0,0.0,0.0,2.9667,0.0,2.716,3.3636,1.0,yfinance,5.0
2026-09-13 23:01:22,2026-08-11,National,v1.4-Finlight-National-Ridge,DAILY_BATCH,,2.8522,2.9603,UP,3.1366,UP,0.1763,1.0,0.0,0.0,2.8522,0.0,2.6365,3.2841,1.0,yfinance,5.0
2026-09-13 23:01:22,2026-08-12,National,v1.4-Finlight-National-Ridge,DAILY_BATCH,,2.8388,2.9777,UP,3.1537,UP,0.176,1.0,0.0,0.0,2.8388,0.0,2.6539,3.3015,1.0,yfinance,5.0
2026-09-13 23:01:22,2026-08-13,National,v1.4-Finlight-National-Ridge,DAILY_BATCH,,2.9385,3.0842,UP,3.128,UP,0.0438,1.0,0.0,0.0,2.9385,0.0,2.7604,3.408,1.0,yfinance,5.0
2026-09-13 23:01:22,2026-08-14,National,v1.4-Finlight-National-Ridge,DAILY_BATCH,,2.9853,3.0373,UP,3.1841,UP,0.1468,1.0,0.0,0.0,2.9853,0.0,2.7135,3.3611,1.0,yfinance,5.0
2026-09-13 23:01:22,2026-08-17,National,v1.4-Finlight-National-Ridge,DAILY_BATCH,,3.1354,3.0823,DOWN,3.2701,UP,0.1878,0.0,0.0,0.0,3.1354,0.0,2.7585,3.4061,1.0,yfinance,5.0
2026-09-13 23:01:22,2026-08-18,National,v1.4-Finlight-National-Ridge,DAILY_BATCH,,3.1366,3.0777,DOWN,3.3017,UP,0.224,0.0,0.0,0.0,3.1366,0.0,2.7539,3.4015,1.0,yfinance,5.0
2026-09-13 23:01:22,2026-08-19,National,v1.4-Finlight-National-Ridge,DAILY_BATCH,,3.1537,3.1333,DOWN,3.2551,UP,0.1218,0.0,0.0,0.0,3.1537,0.0,2.8095,3.4571,1.0,yfinance,5.0
2026-09-13 23:01:22,2026-08-20,National,v1.4-Finlight-National-Ridge,DAILY_BATCH,,3.128,3.1019,DOWN,3.2629,UP,0.161,0.0,0.0,0.0,3.128,0.0,2.7781,3.4257,1.0,yfinance,5.0
2026-09-13 23:01:22,2026-08-21,National,v1.4-Finlight-National-Ridge,DAILY_BATCH,,3.1841,3.1385,DOWN,3.3479,UP,0.2094,0.0,0.0,0.0,3.1841,0.0,2.8147,3.4623,1.0,yfinance,5.0
2026-09-13 23:01:22,2026-08-24,National,v1.4-Finlight-National-Ridge,DAILY_BATCH,,3.2701,3.1559,DOWN,3.2708,UP,0.1149,0.0,0.0,0.0,3.2701,0.0,2.8321,3.4797,1.0,yfinance,5.0
2026-09-13 23:01:22,2026-08-25,National,v1.4-Finlight-National-Ridge,DAILY_BATCH,,3.3017,3.1897,DOWN,3.2529,DOWN,0.0632,1.0,0.0,0.0,3.3017,0.0,2.8659,3.5135,1.0,yfinance,5.0
2026-09-13 23:01:22,2026-08-26,National,v1.4-Finlight-National-Ridge,DAILY_BATCH,,3.2551,3.1484,DOWN,3.3201,UP,0.1717,0.0,0.0,0.0,3.2551,0.0,2.8246,3.4722,1.0,yfinance,5.0
2026-09-13 23:01:22,2026-08-27,National,v1.4-Finlight-National-Ridge,DAILY_BATCH,,3.2629,3.1656,DOWN,3.3842,UP,0.2186,0.0,0.0,0.0,3.2629,0.0,2.8418,3.4894,1.0,yfinance,5.0
2026-09-13 23:01:22,2026-08-28,National,v1.4-Finlight-National-Ridge,DAILY_BATCH,,3.3479,3.2144,DOWN,3.4899,UP,0.2755,0.0,0.0,0.0,3.3479,0.0,2.8906,3.5382,1.0,yfinance,5.0
2026-09-13 23:01:22,2026-08-31,National,v1.4-Finlight-National-Ridge,DAILY_BATCH,,3.2708,3.2056,DOWN,3.437,UP,0.2314,0.0,0.0,0.0,3.2708,0.0,2.8818,3.5293,1.0,yfinance,5.0
2026-09-13 23:01:22,2026-09-01,National,v1.4-Finlight-National-Ridge,DAILY_BATCH,,3.2529,3.2337,DOWN,3.1351,DOWN,0.0986,1.0,0.0,0.0,3.2529,0.0,2.9099,3.5575,1.0,yfinance,5.0
2026-09-13 23:01:22,2026-09-02,National,v1.4-Finlight-National-Ridge,DAILY_BATCH,,3.3201,3.2825,DOWN,3.1038,DOWN,0.1787,1.0,0.0,0.0,3.3201,0.0,2.9587,3.6063,1.0,yfinance,5.0
2026-09-13 23:01:22,2026-09-03,National,v1.4-Finlight-National-Ridge,DAILY_BATCH,,3.3842,3.3372,DOWN,3.1349,DOWN,0.2023,1.0,0.0,0.0,3.3842,0.0,3.0135,3.661,1.0,yfinance,5.0
2026-09-13 23:01:22,2026-09-04,National,v1.4-Finlight-National-Ridge,DAILY_BATCH,,3.4899,3.389,DOWN,3.2146,DOWN,0.1744,1.0,0.0,0.0,3.4899,0.0,3.0652,3.7128,1.0,yfinance,5.0
2026-09-13 23:01:22,2026-09-07,National,v1.4-Finlight-National-Ridge,DAILY_BATCH,,3.437,3.3817,DOWN,,,,,0.0,0.0,3.437,0.0,3.0579,3.7055,,yfinance,5.0
2026-09-13 23:01:22,2026-09-08,National,v1.4-Finlight-National-Ridge,DAILY_BATCH,,3.1351,3.1482,UP,3.2525,UP,0.1043,1.0,0.0,0.0,3.1351,0.0,2.8244,3.472,1.0,yfinance,5.0
2026-09-13 23:01:22,2026-09-09,National,v1.4-Finlight-National-Ridge,DAILY_BATCH,,3.1038,3.1068,UP,3.2106,UP,0.1038,1.0,0.0,0.0,3.1038,0.0,2.783,3.4306,1.0,yfinance,5.0
2026-09-13 23:01:22,2026-09-10,National,v1.4-Finlight-National-Ridge,DAILY_BATCH,,3.1349,3.1487,UP,3.3932,UP,0.2445,1.0,0.0,0.0,3.1349,0.0,2.8249,3.4725,1.0,yfinance,5.0
2026-09-13 23:01:22,2026-09-18,National,v1.4-Finlight-National-Ridge,DAILY_BATCH,,3.3072,3.1487,DOWN,,,,,0.0,0.0,3.3072,0.0,2.8249,3.4725,,yfinance,5.0
2026-09-13 23:03:05,2025-10-06,Tulsa_OK,v1.4-Finlight-Tulsa-Ridge,DAILY_BATCH,,2.5159,2.5042,DOWN,2.4516,DOWN,0.0526,1.0,0.0,0.0,2.5159,0.0,2.1738,2.8347,1.0,yfinance,5.0
2026-09-13 23:03:05,2025-10-07,Tulsa_OK,v1.4-Finlight-Tulsa-Ridge,DAILY_BATCH,,2.4937,2.4817,DOWN,2.4439,DOWN,0.0378,1.0,0.0,0.0,2.4937,0.0,2.1512,2.8122,1.0,yfinance,5.0
2026-09-13 23:03:05,2025-10-08,Tulsa_OK,v1.4-Finlight-Tulsa-Ridge,DAILY_BATCH,,2.4067,2.336,DOWN,2.4595,UP,0.1235,0.0,0.0,0.0,2.4067,0.0,2.0055,2.6664,1.0,yfinance,5.0
2026-09-13 23:03:05,2025-10-09,Tulsa_OK,v1.4-Finlight-Tulsa-Ridge,DAILY_BATCH,,2.3718,2.3452,DOWN,2.4326,UP,0.0874,0.0,0.0,0.0,2.3718,0.0,2.0147,2.6756,1.0,yfinance,5.0
2026-09-13 23:03:05,2025-10-10,Tulsa_OK,v1.4-Finlight-Tulsa-Ridge,DAILY_BATCH,,2.3813,2.3803,DOWN,2.3704,DOWN,0.0099,1.0,0.0,0.0,2.3813,0.0,2.0498,2.7107,1.0,yfinance,5.0
2026-09-13 23:03:05,2025-10-13,Tulsa_OK,v1.4-Finlight-Tulsa-Ridge,DAILY_BATCH,,2.4224,2.4359,UP,2.3938,DOWN,0.0421,0.0,0.0,0.0,2.4224,0.0,2.1055,2.7664,1.0,yfinance,5.0
2026-09-13 23:03:05,2025-10-14,Tulsa_OK,v1.4-Finlight-Tulsa-Ridge,DAILY_BATCH,,2.4147,2.4196,UP,2.3786,DOWN,0.041,0.0,0.0,0.0,2.4147,0.0,2.0892,2.7501,1.0,yfinance,5.0
2026-09-13 23:03:05,2025-10-15,Tulsa_OK,v1.4-Finlight-Tulsa-Ridge,DAILY_BATCH,,2.4303,2.4344,UP,2.3844,DOWN,0.05,0.0,0.0,0.0,2.4303,0.0,2.1039,2.7648,1.0,yfinance,5.0
2026-09-13 23:03:05,2025-10-16,Tulsa_OK,v1.4-Finlight-Tulsa-Ridge,DAILY_BATCH,,2.4034,2.4222,UP,2.3617,DOWN,0.0605,0.0,0.0,0.0,2.4034,0.0,2.0917,2.7527,1.0,yfinance,5.0
2026-09-13 23:03:05,2025-10-17,Tulsa_OK,v1.4-Finlight-Tulsa-Ridge,DAILY_BATCH,,2.3412,2.3819,UP,2.3877,UP,0.0058,1.0,0.0,0.0,2.3412,0.0,2.0515,2.7124,1.0,yfinance,5.0
2026-09-13 23:03:05,2025-10-20,Tulsa_OK,v1.4-Finlight-Tulsa-Ridge,DAILY_BATCH,,2.3646,2.3887,UP,2.3802,UP,0.0085,1.0,0.0,0.0,2.3646,0.0,2.0582,2.7191,1.0,yfinance,5.0
2026-09-13 23:03:05,2025-10-21,Tulsa_OK,v1.4-Finlight-Tulsa-Ridge,DAILY_BATCH,,2.3494,2.3926,UP,2.3753,UP,0.0173,1.0,0.0,0.0,2.3494,0.0,2.0621,2.723,1.0,yfinance,5.0
2026-09-13 23:03:05,2025-10-22,Tulsa_OK,v1.4-Finlight-Tulsa-Ridge,DAILY_BATCH,,2.3552,2.3931,UP,2.415,UP,0.0219,1.0,0.0,0.0,2.3552,0.0,2.0627,2.7236,1.0,yfinance,5.0
2026-09-13 23:03:05,2025-10-23,Tulsa_OK,v1.4-Finlight-Tulsa-Ridge,DAILY_BATCH,,2.3325,2.3586,UP,2.4769,UP,0.1183,1.0,0.0,0.0,2.3325,0.0,2.0282,2.6891,1.0,yfinance,5.0
2026-09-13 23:03:05,2025-10-24,Tulsa_OK,v1.4-Finlight-Tulsa-Ridge,DAILY_BATCH,,2.3585,2.3742,UP,2.4727,UP,0.0985,1.0,0.0,0.0,2.3585,0.0,2.0437,2.7047,1.0,yfinance,5.0
2026-09-13 23:03:05,2025-10-27,Tulsa_OK,v1.4-Finlight-Tulsa-Ridge,DAILY_BATCH,,2.351,2.3798,UP,2.4704,UP,0.0906,1.0,0.0,0.0,2.351,0.0,2.0493,2.7103,1.0,yfinance,5.0
2026-09-13 23:03:05,2025-10-28,Tulsa_OK,v1.4-Finlight-Tulsa-Ridge,DAILY_BATCH,,2.3461,2.3657,UP,2.4752,UP,0.1095,1.0,0.0,0.0,2.3461,0.0,2.0352,2.6961,1.0,yfinance,5.0
2026-09-13 23:03:05,2025-10-29,Tulsa_OK,v1.4-Finlight-Tulsa-Ridge,DAILY_BATCH,,2.3858,2.3895,UP,2.5237,UP,0.1342,1.0,0.0,0.0,2.3858,0.0,2.0591,2.72,1.0,yfinance,5.0
2026-09-13 23:03:05,2025-10-30,Tulsa_OK,v1.4-Finlight-Tulsa-Ridge,DAILY_BATCH,,2.4477,2.4222,DOWN,2.5534,UP,0.1312,0.0,0.0,0.0,2.4477,0.0,2.0917,2.7526,1.0,yfinance,5.0
2026-09-13 23:03:05,2025-10-31,Tulsa_OK,v1.4-Finlight-Tulsa-Ridge,DAILY_BATCH,,2.4435,2.4195,DOWN,2.5431,UP,0.1236,0.0,0.0,0.0,2.4435,0.0,2.0891,2.75,1.0,yfinance,5.0
2026-09-13 23:03:05,2025-11-03,Tulsa_OK,v1.4-Finlight-Tulsa-Ridge,DAILY_BATCH,,2.4412,2.4504,UP,2.4661,UP,0.0157,1.0,0.0,0.0,2.4412,0.0,2.12,2.7809,1.0,yfinance,5.0
2026-09-13 23:03:05,2025-11-04,Tulsa_OK,v1.4-Finlight-Tulsa-Ridge,DAILY_BATCH,,2.446,2.4702,UP,2.4728,UP,0.0026,1.0,0.0,0.0,2.446,0.0,2.1398,2.8007,1.0,yfinance,5.0
2026-09-13 23:03:05,2025-11-05,Tulsa_OK,v1.4-Finlight-Tulsa-Ridge,DAILY_BATCH,,2.4945,2.5087,UP,2.4593,DOWN,0.0494,0.0,0.0,0.0,2.4945,0.0,2.1782,2.8391,1.0,yfinance,5.0
2026-09-13 23:03:05,2025-11-06,Tulsa_OK,v1.4-Finlight-Tulsa-Ridge,DAILY_BATCH,,2.5242,2.4989,DOWN,2.5156,DOWN,0.0167,1.0,0.0,0.0,2.5242,0.0,2.1684,2.8293,1.0,yfinance,5.0
2026-09-13 23:03:05,2025-11-07,Tulsa_OK,v1.4-Finlight-Tulsa-Ridge,DAILY_BATCH,,2.5139,2.5101,DOWN,2.4903,DOWN,0.0198,1.0,0.0,0.0,2.5139,0.0,2.1797,2.8406,1.0,yfinance,5.0
2026-09-13 23:03:05,2025-11-10,Tulsa_OK,v1.4-Finlight-Tulsa-Ridge,DAILY_BATCH,,2.4369,2.4443,UP,2.5211,UP,0.0768,1.0,0.0,0.0,2.4369,0.0,2.1139,2.7748,1.0,yfinance,5.0
2026-09-13 23:03:05,2025-11-11,Tulsa_OK,v1.4-Finlight-Tulsa-Ridge,DAILY_BATCH,,2.4436,2.4467,UP,2.562,UP,0.1153,1.0,0.0,0.0,2.4436,0.0,2.1162,2.7772,1.0,yfinance,5.0
2026-09-13 23:03:05,2025-11-12,Tulsa_OK,v1.4-Finlight-Tulsa-Ridge,DAILY_BATCH,,2.4301,2.4578,UP,2.5054,UP,0.0476,1.0,0.0,0.0,2.4301,0.0,2.1274,2.7883,1.0,yfinance,5.0
2026-09-13 23:03:05,2025-11-13,Tulsa_OK,v1.4-Finlight-Tulsa-Ridge,DAILY_BATCH,,2.4864,2.56,UP,2.5097,UP,0.0503,1.0,0.0,0.0,2.4864,0.0,2.2295,2.8904,1.0,yfinance,5.0
2026-09-13 23:03:05,2025-11-14,Tulsa_OK,v1.4-Finlight-Tulsa-Ridge,DAILY_BATCH,,2.4611,2.5278,UP,2.5616,UP,0.0338,1.0,0.0,0.0,2.4611,0.0,2.1973,2.8582,1.0,yfinance,5.0
2026-09-13 23:03:05,2025-11-17,Tulsa_OK,v1.4-Finlight-Tulsa-Ridge,DAILY_BATCH,,2.4919,2.5348,UP,2.5401,UP,0.0053,1.0,0.0,0.0,2.4919,0.0,2.2043,2.8652,1.0,yfinance,5.0
2026-09-13 23:03:05,2025-11-18,Tulsa_OK,v1.4-Finlight-Tulsa-Ridge,DAILY_BATCH,,2.5328,2.5689,UP,2.5493,UP,0.0196,1.0,0.0,0.0,2.5328,0.0,2.2385,2.8994,1.0,yfinance,5.0
2026-09-13 23:03:05,2025-11-19,Tulsa_OK,v1.4-Finlight-Tulsa-Ridge,DAILY_BATCH,,2.4762,2.527,UP,2.4821,UP,0.0449,1.0,0.0,0.0,2.4762,0.0,2.1966,2.8575,1.0,yfinance,5.0
2026-09-13 23:03:05,2025-11-20,Tulsa_OK,v1.4-Finlight-Tulsa-Ridge,DAILY_BATCH,,2.4805,2.5413,UP,2.4684,DOWN,0.0729,0.0,0.0,0.0,2.4805,0.0,2.2109,2.8718,1.0,yfinance,5.0
2026-09-13 23:03:05,2025-11-21,Tulsa_OK,v1.4-Finlight-Tulsa-Ridge,DAILY_BATCH,,2.5324,2.5873,UP,2.4334,DOWN,0.1539,0.0,0.0,0.0,2.5324,0.0,2.2568,2.9177,1.0,yfinance,5.0
2026-09-13 23:03:05,2025-11-24,Tulsa_OK,v1.4-Finlight-Tulsa-Ridge,DAILY_BATCH,,2.5109,2.5554,UP,2.4466,DOWN,0.1088,0.0,0.0,0.0,2.5109,0.0,2.225,2.8859,1.0,yfinance,5.0
2026-09-13 23:03:05,2025-11-25,Tulsa_OK,v1.4-Finlight-Tulsa-Ridge,DAILY_BATCH,,2.5201,2.5614,UP,2.4072,DOWN,0.1542,0.0,0.0,0.0,2.5201,0.0,2.2309,2.8918,1.0,yfinance,5.0
2026-09-13 23:03:05,2025-11-26,Tulsa_OK,v1.4-Finlight-Tulsa-Ridge,DAILY_BATCH,,2.4529,2.4517,DOWN,2.439,DOWN,0.0127,1.0,0.0,0.0,2.4529,0.0,2.1212,2.7821,1.0,yfinance,5.0
2026-09-13 23:03:05,2025-11-27,Tulsa_OK,v1.4-Finlight-Tulsa-Ridge,DAILY_BATCH,,2.4392,2.4487,UP,,,,,0.0,0.0,2.4392,0.0,2.1183,2.7792,,yfinance,5.0
2026-09-13 23:03:05,2025-11-28,Tulsa_OK,v1.4-Finlight-Tulsa-Ridge,DAILY_BATCH,,2.4042,2.4019,DOWN,2.4459,UP,0.044,0.0,0.0,0.0,2.4042,0.0,2.0714,2.7323,1.0,yfinance,5.0
2026-09-13 23:03:05,2025-12-01,Tulsa_OK,v1.4-Finlight-Tulsa-Ridge,DAILY_BATCH,,2.4174,2.4552,UP,2.4189,UP,0.0363,1.0,0.0,0.0,2.4174,0.0,2.1248,2.7857,1.0,yfinance,5.0
2026-09-13 23:03:05,2025-12-02,Tulsa_OK,v1.4-Finlight-Tulsa-Ridge,DAILY_BATCH,,2.378,2.4142,UP,2.3803,UP,0.0339,1.0,0.0,0.0,2.378,0.0,2.0837,2.7447,1.0,yfinance,5.0
2026-09-13 23:03:05,2025-12-03,Tulsa_OK,v1.4-Finlight-Tulsa-Ridge,DAILY_BATCH,,2.4098,2.4332,UP,2.3772,DOWN,0.056,0.0,0.0,0.0,2.4098,0.0,2.1028,2.7637,1.0,yfinance,5.0
2026-09-13 23:03:05,2025-12-05,Tulsa_OK,v1.4-Finlight-Tulsa-Ridge,DAILY_BATCH,,2.4167,2.4428,UP,2.3841,DOWN,0.0587,0.0,0.0,0.0,2.4167,0.0,2.1124,2.7733,1.0,yfinance,5.0
2026-09-13 23:03:05,2025-12-08,Tulsa_OK,v1.4-Finlight-Tulsa-Ridge,DAILY_BATCH,,2.3897,2.4197,UP,2.3481,DOWN,0.0716,0.0,0.0,0.0,2.3897,0.0,2.0893,2.7502,1.0,yfinance,5.0
2026-09-13 23:03:05,2025-12-09,Tulsa_OK,v1.4-Finlight-Tulsa-Ridge,DAILY_BATCH,,2.3511,2.3685,UP,2.3397,DOWN,0.0288,0.0,0.0,0.0,2.3511,0.0,2.0381,2.699,1.0,yfinance,5.0
2026-09-13 23:03:05,2025-12-10,Tulsa_OK,v1.4-Finlight-Tulsa-Ridge,DAILY_BATCH,,2.348,2.369,UP,2.3315,DOWN,0.0375,0.0,0.0,0.0,2.348,0.0,2.0385,2.6994,1.0,yfinance,5.0
2026-09-13 23:03:05,2025-12-11,Tulsa_OK,v1.4-Finlight-Tulsa-Ridge,DAILY_BATCH,,2.3479,2.3624,UP,2.3098,DOWN,0.0526,0.0,0.0,0.0,2.3479,0.0,2.0319,2.6928,1.0,yfinance,5.0
2026-09-13 23:03:05,2025-12-12,Tulsa_OK,v1.4-Finlight-Tulsa-Ridge,DAILY_BATCH,,2.3549,2.3634,UP,2.3021,DOWN,0.0613,0.0,0.0,0.0,2.3549,0.0,2.0329,2.6939,1.0,yfinance,5.0
2026-09-13 23:03:05,2025-12-15,Tulsa_OK,v1.4-Finlight-Tulsa-Ridge,DAILY_BATCH,,2.3189,2.3336,UP,2.2823,DOWN,0.0513,0.0,0.0,0.0,2.3189,0.0,2.0032,2.6641,1.0,yfinance,5.0
2026-09-13 23:03:05,2025-12-16,Tulsa_OK,v1.4-Finlight-Tulsa-Ridge,DAILY_BATCH,,2.3105,2.3332,UP,2.2309,DOWN,0.1023,0.0,0.0,0.0,2.3105,0.0,2.0028,2.6637,1.0,yfinance,5.0
2026-09-13 23:03:05,2025-12-17,Tulsa_OK,v1.4-Finlight-Tulsa-Ridge,DAILY_BATCH,,2.3023,2.3056,UP,2.2443,DOWN,0.0613,0.0,0.0,0.0,2.3023,0.0,1.9751,2.6361,1.0,yfinance,5.0
2026-09-13 23:03:05,2025-12-18,Tulsa_OK,v1.4-Finlight-Tulsa-Ridge,DAILY_BATCH,,2.2806,2.3148,UP,2.2513,DOWN,0.0635,0.0,0.0,0.0,2.2806,0.0,1.9844,2.6453,1.0,yfinance,5.0
2026-09-13 23:03:05,2025-12-19,Tulsa_OK,v1.4-Finlight-Tulsa-Ridge,DAILY_BATCH,,2.2729,2.3107,UP,2.2582,DOWN,0.0525,0.0,0.0,0.0,2.2729,0.0,1.9802,2.6411,1.0,yfinance,5.0
2026-09-13 23:03:05,2025-12-22,Tulsa_OK,v1.4-Finlight-Tulsa-Ridge,DAILY_BATCH,,2.2531,2.2975,UP,2.2922,UP,0.0053,1.0,0.0,0.0,2.2531,0.0,1.967,2.6279,1.0,yfinance,5.0
2026-09-13 23:03:05,2025-12-23,Tulsa_OK,v1.4-Finlight-Tulsa-Ridge,DAILY_BATCH,,2.2017,2.2441,UP,2.2932,UP,0.0491,1.0,0.0,0.0,2.2017,0.0,1.9137,2.5746,1.0,yfinance,5.0
2026-09-13 23:03:05,2025-12-24,Tulsa_OK,v1.4-Finlight-Tulsa-Ridge,DAILY_BATCH,,2.2151,2.251,UP,2.2971,UP,0.0461,1.0,0.0,0.0,2.2151,0.0,1.9205,2.5814,1.0,yfinance,5.0
2026-09-13 23:03:05,2025-12-25,Tulsa_OK,v1.4-Finlight-Tulsa-Ridge,DAILY_BATCH,,2.2221,2.2582,UP,,,,,0.0,0.0,2.2221,0.0,1.9278,2.5887,,yfinance,5.0
2026-09-13 23:03:05,2025-12-26,Tulsa_OK,v1.4-Finlight-Tulsa-Ridge,DAILY_BATCH,,2.229,2.2833,UP,2.2471,UP,0.0362,1.0,0.0,0.0,2.229,0.0,1.9528,2.6137,1.0,yfinance,5.0
2026-09-13 23:03:05,2025-12-29,Tulsa_OK,v1.4-Finlight-Tulsa-Ridge,DAILY_BATCH,,2.263,2.2884,UP,2.2652,UP,0.0232,1.0,0.0,0.0,2.263,0.0,1.958,2.6189,1.0,yfinance,5.0
2026-09-13 23:03:05,2025-12-30,Tulsa_OK,v1.4-Finlight-Tulsa-Ridge,DAILY_BATCH,,2.264,2.296,UP,2.271,UP,0.025,1.0,0.0,0.0,2.264,0.0,1.9656,2.6265,1.0,yfinance,5.0
2026-09-13 23:03:05,2025-12-31,Tulsa_OK,v1.4-Finlight-Tulsa-Ridge,DAILY_BATCH,,2.2679,2.2857,UP,2.2554,DOWN,0.0303,0.0,0.0,0.0,2.2679,0.0,1.9552,2.6161,1.0,yfinance,5.0
2026-09-13 23:03:05,2026-01-02,Tulsa_OK,v1.4-Finlight-Tulsa-Ridge,DAILY_BATCH,,2.2179,2.2498,UP,2.2482,UP,0.0016,1.0,0.0,0.0,2.2179,0.0,1.9193,2.5802,1.0,yfinance,5.0
2026-09-13 23:03:05,2026-01-05,Tulsa_OK,v1.4-Finlight-Tulsa-Ridge,DAILY_BATCH,,2.236,2.2606,UP,2.27,UP,0.0094,1.0,0.0,0.0,2.236,0.0,1.9301,2.591,1.0,yfinance,5.0
2026-09-13 23:03:05,2026-01-06,Tulsa_OK,v1.4-Finlight-Tulsa-Ridge,DAILY_BATCH,,2.2418,2.2824,UP,2.2506,UP,0.0318,1.0,0.0,0.0,2.2418,0.0,1.9519,2.6128,1.0,yfinance,5.0
2026-09-13 23:03:05,2026-01-07,Tulsa_OK,v1.4-Finlight-Tulsa-Ridge,DAILY_BATCH,,2.2262,2.2596,UP,2.2445,UP,0.0151,1.0,0.0,0.0,2.2262,0.0,1.9292,2.5901,1.0,yfinance,5.0
2026-09-13 23:03:05,2026-01-09,Tulsa_OK,v1.4-Finlight-Tulsa-Ridge,DAILY_BATCH,,2.219,2.2545,UP,2.3306,UP,0.0761,1.0,0.0,0.0,2.219,0.0,1.924,2.5849,1.0,yfinance,5.0
2026-09-13 23:03:05,2026-01-12,Tulsa_OK,v1.4-Finlight-Tulsa-Ridge,DAILY_BATCH,,2.2408,2.2751,UP,2.3438,UP,0.0687,1.0,0.0,0.0,2.2408,0.0,1.9446,2.6055,1.0,yfinance,5.0
2026-09-13 23:03:05,2026-01-13,Tulsa_OK,v1.4-Finlight-Tulsa-Ridge,DAILY_BATCH,,2.2214,2.26,UP,2.3765,UP,0.1165,1.0,0.0,0.0,2.2214,0.0,1.9295,2.5904,1.0,yfinance,5.0
2026-09-13 23:03:05,2026-01-14,Tulsa_OK,v1.4-Finlight-Tulsa-Ridge,DAILY_BATCH,,2.2153,2.2631,UP,2.3804,UP,0.1173,1.0,0.0,0.0,2.2153,0.0,1.9326,2.5936,1.0,yfinance,5.0
2026-09-13 23:03:05,2026-01-15,Tulsa_OK,v1.4-Finlight-Tulsa-Ridge,DAILY_BATCH,,2.2811,2.368,UP,2.3338,UP,0.0342,1.0,0.0,0.0,2.2811,0.0,2.0375,2.6984,1.0,yfinance,5.0
2026-09-13 23:03:05,2026-01-16,Tulsa_OK,v1.4-Finlight-Tulsa-Ridge,DAILY_BATCH,,2.3014,2.3955,UP,2.3352,UP,0.0603,1.0,0.0,0.0,2.3014,0.0,2.0651,2.726,1.0,yfinance,5.0
2026-09-13 23:03:05,2026-01-19,Tulsa_OK,v1.4-Finlight-Tulsa-Ridge,DAILY_BATCH,,2.3146,2.4022,UP,,,,,0.0,0.0,2.3146,0.0,2.0718,2.7327,,yfinance,5.0
2026-09-13 23:03:05,2026-01-20,Tulsa_OK,v1.4-Finlight-Tulsa-Ridge,DAILY_BATCH,,2.3473,2.4341,UP,2.3738,UP,0.0603,1.0,0.0,0.0,2.3473,0.0,2.1036,2.7645,1.0,yfinance,5.0
2026-09-13 23:03:05,2026-01-21,Tulsa_OK,v1.4-Finlight-Tulsa-Ridge,DAILY_BATCH,,2.3512,2.4163,UP,2.4074,UP,0.0089,1.0,0.0,0.0,2.3512,0.0,2.0858,2.7467,1.0,yfinance,5.0
2026-09-13 23:03:05,2026-01-22,Tulsa_OK,v1.4-Finlight-Tulsa-Ridge,DAILY_BATCH,,2.3046,2.3742,UP,2.3672,UP,0.007,1.0,0.0,0.0,2.3046,0.0,2.0438,2.7047,1.0,yfinance,5.0
2026-09-13 23:03:05,2026-01-23,Tulsa_OK,v1.4-Finlight-Tulsa-Ridge,DAILY_BATCH,,2.306,2.3634,UP,2.401,UP,0.0376,1.0,0.0,0.0,2.306,0.0,2.0329,2.6938,1.0,yfinance,5.0
2026-09-13 23:03:05,2026-01-27,Tulsa_OK,v1.4-Finlight-Tulsa-Ridge,DAILY_BATCH,,2.3446,2.4237,UP,2.4152,UP,0.0085,1.0,0.0,0.0,2.3446,0.0,2.0932,2.7542,1.0,yfinance,5.0
2026-09-13 23:03:05,2026-01-28,Tulsa_OK,v1.4-Finlight-Tulsa-Ridge,DAILY_BATCH,,2.3782,2.4387,UP,2.4423,UP,0.0036,1.0,0.0,0.0,2.3782,0.0,2.1082,2.7691,1.0,yfinance,5.0
2026-09-13 23:03:05,2026-01-29,Tulsa_OK,v1.4-Finlight-Tulsa-Ridge,DAILY_BATCH,,2.338,2.4012,UP,2.47,UP,0.0688,1.0,0.0,0.0,2.338,0.0,2.0708,2.7317,1.0,yfinance,5.0
2026-09-13 23:03:05,2026-01-30,Tulsa_OK,v1.4-Finlight-Tulsa-Ridge,DAILY_BATCH,,2.3718,2.4424,UP,2.4728,UP,0.0304,1.0,0.0,0.0,2.3718,0.0,2.112,2.7729,1.0,yfinance,5.0
2026-09-13 23:03:05,2026-02-02,Tulsa_OK,v1.4-Finlight-Tulsa-Ridge,DAILY_BATCH,,2.3409,2.436,UP,2.4014,UP,0.0346,1.0,0.0,0.0,2.3409,0.0,2.1056,2.7665,1.0,yfinance,5.0
2026-09-13 23:03:05,2026-02-03,Tulsa_OK,v1.4-Finlight-Tulsa-Ridge,DAILY_BATCH,,2.386,2.4749,UP,2.4479,UP,0.027,1.0,0.0,0.0,2.386,0.0,2.1445,2.8054,1.0,yfinance,5.0
2026-09-13 23:03:05,2026-02-04,Tulsa_OK,v1.4-Finlight-Tulsa-Ridge,DAILY_BATCH,,2.4131,2.4982,UP,2.5152,UP,0.017,1.0,0.0,0.0,2.4131,0.0,2.1678,2.8287,1.0,yfinance,5.0
2026-09-13 23:03:05,2026-02-05,Tulsa_OK,v1.4-Finlight-Tulsa-Ridge,DAILY_BATCH,,2.4408,2.4939,UP,2.4766,UP,0.0173,1.0,0.0,0.0,2.4408,0.0,2.1634,2.8244,1.0,yfinance,5.0
2026-09-13 23:03:05,2026-02-06,Tulsa_OK,v1.4-Finlight-Tulsa-Ridge,DAILY_BATCH,,2.4436,2.4973,UP,2.5032,UP,0.0059,1.0,0.0,0.0,2.4436,0.0,2.1668,2.8278,1.0,yfinance,5.0
2026-09-13 23:03:05,2026-02-09,Tulsa_OK,v1.4-Finlight-Tulsa-Ridge,DAILY_BATCH,,2.3722,2.4465,UP,2.5355,UP,0.089,1.0,0.0,0.0,2.3722,0.0,2.116,2.7769,1.0,yfinance,5.0
2026-09-13 23:03:05,2026-02-10,Tulsa_OK,v1.4-Finlight-Tulsa-Ridge,DAILY_BATCH,,2.4187,2.5038,UP,2.5092,UP,0.0054,1.0,0.0,0.0,2.4187,0.0,2.1733,2.8342,1.0,yfinance,5.0
2026-09-13 23:03:05,2026-02-11,Tulsa_OK,v1.4-Finlight-Tulsa-Ridge,DAILY_BATCH,,2.486,2.5692,UP,2.5289,UP,0.0403,1.0,0.0,0.0,2.486,0.0,2.2388,2.8997,1.0,yfinance,5.0
2026-09-13 23:03:05,2026-02-12,Tulsa_OK,v1.4-Finlight-Tulsa-Ridge,DAILY_BATCH,,2.4474,2.5345,UP,2.4659,UP,0.0686,1.0,0.0,0.0,2.4474,0.0,2.2041,2.865,1.0,yfinance,5.0
2026-09-13 23:03:05,2026-02-13,Tulsa_OK,v1.4-Finlight-Tulsa-Ridge,DAILY_BATCH,,2.474,2.5778,UP,2.461,DOWN,0.1168,0.0,0.0,0.0,2.474,0.0,2.2473,2.9082,1.0,yfinance,5.0
2026-09-13 23:03:05,2026-02-16,Tulsa_OK,v1.4-Finlight-Tulsa-Ridge,DAILY_BATCH,,2.5063,2.5819,UP,,,,,0.0,0.0,2.5063,0.0,2.2515,2.9124,,yfinance,5.0
2026-09-13 23:03:05,2026-02-17,Tulsa_OK,v1.4-Finlight-Tulsa-Ridge,DAILY_BATCH,,2.48,2.5533,UP,2.4644,DOWN,0.0889,0.0,0.0,0.0,2.48,0.0,2.2229,2.8838,1.0,yfinance,5.0
2026-09-13 23:03:05,2026-02-18,Tulsa_OK,v1.4-Finlight-Tulsa-Ridge,DAILY_BATCH,,2.4997,2.6583,UP,2.518,UP,0.1403,1.0,0.0,0.0,2.4997,0.0,2.3279,2.9888,1.0,yfinance,5.0
2026-09-13 23:03:05,2026-02-19,Tulsa_OK,v1.4-Finlight-Tulsa-Ridge,DAILY_BATCH,,2.4367,2.6102,UP,2.5566,UP,0.0536,1.0,0.0,0.0,2.4367,0.0,2.2798,2.9407,1.0,yfinance,5.0
2026-09-13 23:03:05,2026-02-20,Tulsa_OK,v1.4-Finlight-Tulsa-Ridge,DAILY_BATCH,,2.4318,2.6058,UP,2.5473,UP,0.0585,1.0,0.0,0.0,2.4318,0.0,2.2754,2.9363,1.0,yfinance,5.0
2026-09-13 23:03:05,2026-02-24,Tulsa_OK,v1.4-Finlight-Tulsa-Ridge,DAILY_BATCH,,2.4352,2.5654,UP,2.5214,UP,0.044,1.0,0.0,0.0,2.4352,0.0,2.235,2.8959,1.0,yfinance,5.0
2026-09-13 23:03:05,2026-02-25,Tulsa_OK,v1.4-Finlight-Tulsa-Ridge,DAILY_BATCH,,2.4888,2.6159,UP,2.5414,UP,0.0745,1.0,0.0,0.0,2.4888,0.0,2.2854,2.9463,1.0,yfinance,5.0
2026-09-13 23:03:05,2026-02-26,Tulsa_OK,v1.4-Finlight-Tulsa-Ridge,DAILY_BATCH,,2.5274,2.6555,UP,2.5823,UP,0.0732,1.0,0.0,0.0,2.5274,0.0,2.325,2.9859,1.0,yfinance,5.0
2026-09-13 23:03:05,2026-02-27,Tulsa_OK,v1.4-Finlight-Tulsa-Ridge,DAILY_BATCH,,2.5181,2.631,UP,2.6279,UP,0.0031,1.0,0.0,0.0,2.5181,0.0,2.3005,2.9614,1.0,yfinance,5.0
2026-09-13 23:03:05,2026-03-02,Tulsa_OK,v1.4-Finlight-Tulsa-Ridge,DAILY_BATCH,,2.51,2.6141,UP,2.9206,UP,0.3065,1.0,0.0,0.0,2.51,0.0,2.2836,2.9445,1.0,yfinance,5.0
2026-09-13 23:03:05,2026-03-03,Tulsa_OK,v1.4-Finlight-Tulsa-Ridge,DAILY_BATCH,,2.4922,2.5919,UP,3.0074,UP,0.4155,1.0,0.0,0.0,2.4922,0.0,2.2614,2.9223,0.0,yfinance,5.0
2026-09-13 23:03:05,2026-03-04,Tulsa_OK,v1.4-Finlight-Tulsa-Ridge,DAILY_BATCH,,2.5122,2.6043,UP,3.0649,UP,0.4606,1.0,0.0,0.0,2.5122,0.0,2.2738,2.9348,0.0,yfinance,5.0
2026-09-13 23:03:05,2026-03-05,Tulsa_OK,v1.4-Finlight-Tulsa-Ridge,DAILY_BATCH,,2.5531,2.6475,UP,3.2209,UP,0.5734,1.0,0.0,0.0,2.5531,0.0,2.317,2.978,0.0,yfinance,5.0
2026-09-13 23:03:05,2026-03-06,Tulsa_OK,v1.4-Finlight-Tulsa-Ridge,DAILY_BATCH,,2.5987,2.6663,UP,3.2966,UP,0.6303,1.0,0.0,0.0,2.5987,0.0,2.3358,2.9968,0.0,yfinance,5.0
2026-09-13 23:03:05,2026-03-09,Tulsa_OK,v1.4-Finlight-Tulsa-Ridge,DAILY_BATCH,,2.8914,2.7796,DOWN,3.3584,UP,0.5788,0.0,0.0,0.0,2.8914,0.0,2.4491,3.11,0.0,yfinance,5.0
2026-09-13 23:03:05,2026-03-10,Tulsa_OK,v1.4-Finlight-Tulsa-Ridge,DAILY_BATCH,,2.9782,2.7527,DOWN,3.1903,UP,0.4376,0.0,0.0,0.0,2.9782,0.0,2.4222,3.0831,0.0,yfinance,5.0
2026-09-13 23:03:05,2026-03-11,Tulsa_OK,v1.4-Finlight-Tulsa-Ridge,DAILY_BATCH,,3.0357,2.8383,DOWN,3.3383,UP,0.5,0.0,0.0,0.0,3.0357,0.0,2.5078,3.1687,0.0,yfinance,5.0
2026-09-13 23:03:05,2026-03-12,Tulsa_OK,v1.4-Finlight-Tulsa-Ridge,DAILY_BATCH,,3.1917,2.9582,DOWN,3.5146,UP,0.5564,0.0,0.0,0.0,3.1917,0.0,2.6277,3.2886,0.0,yfinance,5.0
2026-09-13 23:03:05,2026-03-13,Tulsa_OK,v1.4-Finlight-Tulsa-Ridge,DAILY_BATCH,,3.2674,2.9226,DOWN,3.5914,UP,0.6688,0.0,0.0,0.0,3.2674,0.0,2.5921,3.2531,0.0,yfinance,5.0
2026-09-13 23:03:05,2026-03-16,Tulsa_OK,v1.4-Finlight-Tulsa-Ridge,DAILY_BATCH,,3.3292,2.9521,DOWN,3.5503,UP,0.5982,0.0,0.0,0.0,3.3292,0.0,2.6217,3.2826,0.0,yfinance,5.0
2026-09-13 23:03:05,2026-03-17,Tulsa_OK,v1.4-Finlight-Tulsa-Ridge,DAILY_BATCH,,3.1611,3.0129,DOWN,3.6734,UP,0.6605,0.0,0.0,0.0,3.1611,0.0,2.6825,3.3434,0.0,yfinance,5.0
2026-09-13 23:03:05,2026-03-18,Tulsa_OK,v1.4-Finlight-Tulsa-Ridge,DAILY_BATCH,,3.3091,3.1507,DOWN,3.6485,UP,0.4978,0.0,0.0,0.0,3.3091,0.0,2.8203,3.4812,0.0,yfinance,5.0
2026-09-13 23:03:05,2026-03-19,Tulsa_OK,v1.4-Finlight-Tulsa-Ridge,DAILY_BATCH,,3.4854,3.1761,DOWN,3.6771,UP,0.501,0.0,0.0,0.0,3.4854,0.0,2.8457,3.5066,0.0,yfinance,5.0
2026-09-13 23:03:05,2026-03-20,Tulsa_OK,v1.4-Finlight-Tulsa-Ridge,DAILY_BATCH,,3.5622,3.2069,DOWN,3.8362,UP,0.6293,0.0,0.0,0.0,3.5622,0.0,2.8764,3.5373,0.0,yfinance,5.0
2026-09-13 23:03:05,2026-03-23,Tulsa_OK,v1.4-Finlight-Tulsa-Ridge,DAILY_BATCH,,3.5211,3.3905,DOWN,3.5249,UP,0.1344,0.0,0.0,0.0,3.5211,0.0,3.06,3.721,1.0,yfinance,5.0
2026-09-13 23:03:05,2026-03-24,Tulsa_OK,v1.4-Finlight-Tulsa-Ridge,DAILY_BATCH,,3.6442,3.5315,DOWN,3.698,UP,0.1665,0.0,0.0,0.0,3.6442,0.0,3.2011,3.862,1.0,yfinance,5.0
2026-09-13 23:03:05,2026-03-25,Tulsa_OK,v1.4-Finlight-Tulsa-Ridge,DAILY_BATCH,,3.6193,3.5103,DOWN,3.5624,DOWN,0.0521,1.0,0.0,0.0,3.6193,0.0,3.1798,3.8407,1.0,yfinance,5.0
2026-09-13 23:03:05,2026-03-26,Tulsa_OK,v1.4-Finlight-Tulsa-Ridge,DAILY_BATCH,,3.6479,3.566,DOWN,3.6802,UP,0.1142,0.0,0.0,0.0,3.6479,0.0,3.2356,3.8965,1.0,yfinance,5.0
2026-09-13 23:03:05,2026-03-27,Tulsa_OK,v1.4-Finlight-Tulsa-Ridge,DAILY_BATCH,,3.807,3.6628,DOWN,3.8001,DOWN,0.1373,1.0,0.0,0.0,3.807,0.0,3.3323,3.9933,1.0,yfinance,5.0
2026-09-13 23:03:05,2026-03-30,Tulsa_OK,v1.4-Finlight-Tulsa-Ridge,DAILY_BATCH,,3.4957,3.5899,UP,3.9015,UP,0.3116,1.0,0.0,0.0,3.4957,0.0,3.2594,3.9203,1.0,yfinance,5.0
2026-09-13 23:03:05,2026-03-31,Tulsa_OK,v1.4-Finlight-Tulsa-Ridge,DAILY_BATCH,,3.6688,3.6418,DOWN,3.8623,UP,0.2205,0.0,0.0,0.0,3.6688,0.0,3.3114,3.9723,1.0,yfinance,5.0
2026-09-13 23:03:05,2026-04-01,Tulsa_OK,v1.4-Finlight-Tulsa-Ridge,DAILY_BATCH,,3.5332,3.6068,UP,3.6414,UP,0.0346,1.0,0.0,0.0,3.5332,0.0,3.2764,3.9373,1.0,yfinance,5.0
2026-09-13 23:03:05,2026-04-02,Tulsa_OK,v1.4-Finlight-Tulsa-Ridge,DAILY_BATCH,,3.651,3.7639,UP,3.838,UP,0.0741,1.0,0.0,0.0,3.651,0.0,3.4335,4.0944,1.0,yfinance,5.0
2026-09-13 23:03:05,2026-04-03,Tulsa_OK,v1.4-Finlight-Tulsa-Ridge,DAILY_BATCH,,3.7709,3.8065,UP,,,,,0.0,0.0,3.7709,0.0,3.4761,4.137,,yfinance,5.0
2026-09-13 23:03:05,2026-04-06,Tulsa_OK,v1.4-Finlight-Tulsa-Ridge,DAILY_BATCH,,3.8723,3.7864,DOWN,3.8582,DOWN,0.0718,1.0,0.0,0.0,3.8723,0.0,3.456,4.1169,1.0,yfinance,5.0
2026-09-13 23:03:05,2026-04-07,Tulsa_OK,v1.4-Finlight-Tulsa-Ridge,DAILY_BATCH,,3.8331,3.796,DOWN,3.8552,UP,0.0592,0.0,0.0,0.0,3.8331,0.0,3.4655,4.1265,1.0,yfinance,5.0
2026-09-13 23:03:05,2026-04-08,Tulsa_OK,v1.4-Finlight-Tulsa-Ridge,DAILY_BATCH,,3.6122,3.6642,UP,3.5559,DOWN,0.1083,0.0,0.0,0.0,3.6122,0.0,3.3338,3.9947,1.0,yfinance,5.0
2026-09-13 23:03:05,2026-04-09,Tulsa_OK,v1.4-Finlight-Tulsa-Ridge,DAILY_BATCH,,3.8088,3.782,DOWN,3.5507,DOWN,0.2313,1.0,0.0,0.0,3.8088,0.0,3.4515,4.1124,1.0,yfinance,5.0
2026-09-13 23:03:05,2026-04-13,Tulsa_OK,v1.4-Finlight-Tulsa-Ridge,DAILY_BATCH,,3.829,3.8755,UP,3.666,DOWN,0.2095,0.0,0.0,0.0,3.829,0.0,3.545,4.2059,1.0,yfinance,5.0
2026-09-13 23:03:05,2026-04-14,Tulsa_OK,v1.4-Finlight-Tulsa-Ridge,DAILY_BATCH,,3.826,3.8426,UP,3.5895,DOWN,0.2531,0.0,0.0,0.0,3.826,0.0,3.5121,4.173,1.0,yfinance,5.0
2026-09-13 23:03:05,2026-04-15,Tulsa_OK,v1.4-Finlight-Tulsa-Ridge,DAILY_BATCH,,3.5267,3.6807,UP,3.6192,UP,0.0615,1.0,0.0,0.0,3.5267,0.0,3.3502,4.0111,1.0,yfinance,5.0
2026-09-13 23:03:05,2026-04-16,Tulsa_OK,v1.4-Finlight-Tulsa-Ridge,DAILY_BATCH,,3.5215,3.617,UP,3.7137,UP,0.0967,1.0,0.0,0.0,3.5215,0.0,3.2866,3.9475,1.0,yfinance,5.0
2026-09-13 23:03:05,2026-04-17,Tulsa_OK,v1.4-Finlight-Tulsa-Ridge,DAILY_BATCH,,3.5581,3.6821,UP,3.5548,DOWN,0.1273,0.0,0.0,0.0,3.5581,0.0,3.3517,4.0126,1.0,yfinance,5.0
2026-09-13 23:03:05,2026-04-20,Tulsa_OK,v1.4-Finlight-Tulsa-Ridge,DAILY_BATCH,,3.6368,3.742,UP,3.6668,UP,0.0752,1.0,0.0,0.0,3.6368,0.0,3.4115,4.0724,1.0,yfinance,5.0
2026-09-13 23:03:05,2026-04-21,Tulsa_OK,v1.4-Finlight-Tulsa-Ridge,DAILY_BATCH,,3.5603,3.6967,UP,3.7598,UP,0.0631,1.0,0.0,0.0,3.5603,0.0,3.3663,4.0272,1.0,yfinance,5.0
2026-09-13 23:03:05,2026-04-22,Tulsa_OK,v1.4-Finlight-Tulsa-Ridge,DAILY_BATCH,,3.59,3.6729,UP,3.9079,UP,0.235,1.0,0.0,0.0,3.59,0.0,3.3424,4.0034,1.0,yfinance,5.0
2026-09-13 23:03:05,2026-04-23,Tulsa_OK,v1.4-Finlight-Tulsa-Ridge,DAILY_BATCH,,3.6845,3.6737,DOWN,4.0121,UP,0.3384,0.0,0.0,0.0,3.6845,0.0,3.3432,4.0041,0.0,yfinance,5.0
2026-09-13 23:03:05,2026-04-24,Tulsa_OK,v1.4-Finlight-Tulsa-Ridge,DAILY_BATCH,,3.5256,3.6366,UP,4.0126,UP,0.376,1.0,0.0,0.0,3.5256,0.0,3.3061,3.967,0.0,yfinance,5.0
2026-09-13 23:03:05,2026-04-27,Tulsa_OK,v1.4-Finlight-Tulsa-Ridge,DAILY_BATCH,,3.6376,3.7112,UP,4.041,UP,0.3298,1.0,0.0,0.0,3.6376,0.0,3.3807,4.0416,1.0,yfinance,5.0
2026-09-13 23:03:05,2026-04-28,Tulsa_OK,v1.4-Finlight-Tulsa-Ridge,DAILY_BATCH,,3.7306,3.7509,UP,4.1104,UP,0.3595,1.0,0.0,0.0,3.7306,0.0,3.4204,4.0813,0.0,yfinance,5.0
2026-09-13 23:03:05,2026-04-29,Tulsa_OK,v1.4-Finlight-Tulsa-Ridge,DAILY_BATCH,,3.8787,3.7889,DOWN,4.2911,UP,0.5022,0.0,0.0,0.0,3.8787,0.0,3.4585,4.1194,0.0,yfinance,5.0
2026-09-13 23:03:05,2026-04-30,Tulsa_OK,v1.4-Finlight-Tulsa-Ridge,DAILY_BATCH,,3.9829,3.8367,DOWN,4.3215,UP,0.4848,0.0,0.0,0.0,3.9829,0.0,3.5063,4.1672,0.0,yfinance,5.0
2026-09-13 23:03:05,2026-05-01,Tulsa_OK,v1.4-Finlight-Tulsa-Ridge,DAILY_BATCH,,3.9834,3.8668,DOWN,4.1452,UP,0.2784,0.0,0.0,0.0,3.9834,0.0,3.5364,4.1973,1.0,yfinance,5.0
2026-09-13 23:03:05,2026-05-04,Tulsa_OK,v1.4-Finlight-Tulsa-Ridge,DAILY_BATCH,,4.0118,3.9243,DOWN,4.2882,UP,0.3639,0.0,0.0,0.0,4.0118,0.0,3.5939,4.2548,0.0,yfinance,5.0
2026-09-13 23:03:05,2026-05-05,Tulsa_OK,v1.4-Finlight-Tulsa-Ridge,DAILY_BATCH,,4.0812,3.9015,DOWN,4.1706,UP,0.2691,0.0,0.0,0.0,4.0812,0.0,3.5711,4.232,1.0,yfinance,5.0
2026-09-13 23:03:05,2026-05-06,Tulsa_OK,v1.4-Finlight-Tulsa-Ridge,DAILY_BATCH,,4.2619,4.0126,DOWN,4.0093,DOWN,0.0033,1.0,0.0,0.0,4.2619,0.0,3.6822,4.3431,1.0,yfinance,5.0
2026-09-13 23:03:05,2026-05-07,Tulsa_OK,v1.4-Finlight-Tulsa-Ridge,DAILY_BATCH,,4.2923,4.0922,DOWN,4.006,DOWN,0.0862,1.0,0.0,0.0,4.2923,0.0,3.7618,4.4227,1.0,yfinance,5.0
2026-09-13 23:03:05,2026-05-08,Tulsa_OK,v1.4-Finlight-Tulsa-Ridge,DAILY_BATCH,,4.116,4.0277,DOWN,4.0767,DOWN,0.049,1.0,0.0,0.0,4.116,0.0,3.6972,4.3581,1.0,yfinance,5.0
2026-09-13 23:03:05,2026-05-11,Tulsa_OK,v1.4-Finlight-Tulsa-Ridge,DAILY_BATCH,,4.259,4.1133,DOWN,4.1498,DOWN,0.0365,1.0,0.0,0.0,4.259,0.0,3.7829,4.4438,1.0,yfinance,5.0
2026-09-13 23:03:05,2026-05-12,Tulsa_OK,v1.4-Finlight-Tulsa-Ridge,DAILY_BATCH,,4.1414,4.1108,DOWN,4.2477,UP,0.1369,0.0,0.0,0.0,4.1414,0.0,3.7803,4.4412,1.0,yfinance,5.0
2026-09-13 23:03:05,2026-05-13,Tulsa_OK,v1.4-Finlight-Tulsa-Ridge,DAILY_BATCH,,3.9801,4.0717,UP,4.1687,UP,0.097,1.0,0.0,0.0,3.9801,0.0,3.7412,4.4021,1.0,yfinance,5.0
2026-09-13 23:03:05,2026-05-14,Tulsa_OK,v1.4-Finlight-Tulsa-Ridge,DAILY_BATCH,,3.9768,4.0613,UP,4.1557,UP,0.0944,1.0,0.0,0.0,3.9768,0.0,3.7309,4.3918,1.0,yfinance,5.0
2026-09-13 23:03:05,2026-05-15,Tulsa_OK,v1.4-Finlight-Tulsa-Ridge,DAILY_BATCH,,4.0475,4.1264,UP,4.2519,UP,0.1255,1.0,0.0,0.0,4.0475,0.0,3.796,4.4569,1.0,yfinance,5.0
2026-09-13 23:03:05,2026-05-18,Tulsa_OK,v1.4-Finlight-Tulsa-Ridge,DAILY_BATCH,,4.1206,4.1394,UP,4.3107,UP,0.1713,1.0,0.0,0.0,4.1206,0.0,3.8089,4.4698,1.0,yfinance,5.0
2026-09-13 23:03:05,2026-05-19,Tulsa_OK,v1.4-Finlight-Tulsa-Ridge,DAILY_BATCH,,4.2185,4.1611,DOWN,4.2462,UP,0.0851,0.0,0.0,0.0,4.2185,0.0,3.8306,4.4915,1.0,yfinance,5.0
2026-09-13 23:03:05,2026-05-20,Tulsa_OK,v1.4-Finlight-Tulsa-Ridge,DAILY_BATCH,,4.1395,4.1392,DOWN,4.0374,DOWN,0.1018,1.0,0.0,0.0,4.1395,0.0,3.8088,4.4697,1.0,yfinance,5.0
2026-09-13 23:03:05,2026-05-21,Tulsa_OK,v1.4-Finlight-Tulsa-Ridge,DAILY_BATCH,,4.1265,4.1626,UP,3.9296,DOWN,0.233,0.0,0.0,0.0,4.1265,0.0,3.8321,4.493,1.0,yfinance,5.0
2026-09-13 23:03:05,2026-05-22,Tulsa_OK,v1.4-Finlight-Tulsa-Ridge,DAILY_BATCH,,4.2227,4.1858,DOWN,4.0039,DOWN,0.1819,1.0,0.0,0.0,4.2227,0.0,3.8553,4.5162,1.0,yfinance,5.0
2026-09-13 23:03:05,2026-05-25,Tulsa_OK,v1.4-Finlight-Tulsa-Ridge,DAILY_BATCH,,4.2815,4.2212,DOWN,,,,,0.0,0.0,4.2815,0.0,3.8907,4.5516,,yfinance,5.0
2026-09-13 23:03:05,2026-05-26,Tulsa_OK,v1.4-Finlight-Tulsa-Ridge,DAILY_BATCH,,4.217,4.1876,DOWN,3.7705,DOWN,0.4171,1.0,0.0,0.0,4.217,0.0,3.8572,4.5181,0.0,yfinance,5.0
2026-09-13 23:03:05,2026-05-27,Tulsa_OK,v1.4-Finlight-Tulsa-Ridge,DAILY_BATCH,,4.0082,4.0097,UP,3.6837,DOWN,0.326,0.0,0.0,0.0,4.0082,0.0,3.6792,4.3401,1.0,yfinance,5.0
2026-09-13 23:03:05,2026-05-28,Tulsa_OK,v1.4-Finlight-Tulsa-Ridge,DAILY_BATCH,,3.9004,3.8822,DOWN,3.7352,DOWN,0.147,1.0,0.0,0.0,3.9004,0.0,3.5517,4.2127,1.0,yfinance,5.0
2026-09-13 23:03:05,2026-05-29,Tulsa_OK,v1.4-Finlight-Tulsa-Ridge,DAILY_BATCH,,3.9747,3.972,DOWN,3.6767,DOWN,0.2953,1.0,0.0,0.0,3.9747,0.0,3.6416,4.3025,1.0,yfinance,5.0
2026-09-13 23:03:05,2026-06-02,Tulsa_OK,v1.4-Finlight-Tulsa-Ridge,DAILY_BATCH,,3.7413,3.8367,UP,3.6943,DOWN,0.1424,0.0,0.0,0.0,3.7413,0.0,3.5062,4.1672,1.0,yfinance,5.0
2026-09-13 23:03:05,2026-06-03,Tulsa_OK,v1.4-Finlight-Tulsa-Ridge,DAILY_BATCH,,3.6545,3.7832,UP,3.6816,UP,0.1016,1.0,0.0,0.0,3.6545,0.0,3.4528,4.1137,1.0,yfinance,5.0
2026-09-13 23:03:05,2026-06-04,Tulsa_OK,v1.4-Finlight-Tulsa-Ridge,DAILY_BATCH,,3.706,3.7829,UP,3.5883,DOWN,0.1946,0.0,0.0,0.0,3.706,0.0,3.4525,4.1134,1.0,yfinance,5.0
2026-09-13 23:03:05,2026-06-05,Tulsa_OK,v1.4-Finlight-Tulsa-Ridge,DAILY_BATCH,,3.6475,3.7758,UP,3.5959,DOWN,0.1799,0.0,0.0,0.0,3.6475,0.0,3.4454,4.1063,1.0,yfinance,5.0
2026-09-13 23:03:05,2026-06-08,Tulsa_OK,v1.4-Finlight-Tulsa-Ridge,DAILY_BATCH,,3.6055,3.722,UP,3.6206,UP,0.1014,1.0,0.0,0.0,3.6055,0.0,3.3915,4.0525,1.0,yfinance,5.0
2026-09-13 23:03:05,2026-06-09,Tulsa_OK,v1.4-Finlight-Tulsa-Ridge,DAILY_BATCH,,3.6651,3.7334,UP,3.5711,DOWN,0.1623,0.0,0.0,0.0,3.6651,0.0,3.403,4.0639,1.0,yfinance,5.0
2026-09-13 23:03:05,2026-06-10,Tulsa_OK,v1.4-Finlight-Tulsa-Ridge,DAILY_BATCH,,3.6524,3.6856,UP,3.6599,UP,0.0257,1.0,0.0,0.0,3.6524,0.0,3.3551,4.016,1.0,yfinance,5.0
2026-09-13 23:03:05,2026-06-11,Tulsa_OK,v1.4-Finlight-Tulsa-Ridge,DAILY_BATCH,,3.5591,3.6138,UP,3.6514,UP,0.0376,1.0,0.0,0.0,3.5591,0.0,3.2833,3.9442,1.0,yfinance,5.0
2026-09-13 23:03:05,2026-06-12,Tulsa_OK,v1.4-Finlight-Tulsa-Ridge,DAILY_BATCH,,3.5667,3.6002,UP,3.5998,UP,0.0004,1.0,0.0,0.0,3.5667,0.0,3.2697,3.9306,1.0,yfinance,5.0
2026-09-13 23:03:05,2026-06-15,Tulsa_OK,v1.4-Finlight-Tulsa-Ridge,DAILY_BATCH,,3.5914,3.6272,UP,3.4972,DOWN,0.13,0.0,0.0,0.0,3.5914,0.0,3.2968,3.9577,1.0,yfinance,5.0
2026-09-13 23:03:05,2026-06-16,Tulsa_OK,v1.4-Finlight-Tulsa-Ridge,DAILY_BATCH,,3.5419,3.5703,UP,3.4305,DOWN,0.1398,0.0,0.0,0.0,3.5419,0.0,3.2398,3.9007,1.0,yfinance,5.0
2026-09-13 23:03:05,2026-06-17,Tulsa_OK,v1.4-Finlight-Tulsa-Ridge,DAILY_BATCH,,3.6307,3.6106,DOWN,3.4596,DOWN,0.151,1.0,0.0,0.0,3.6307,0.0,3.2801,3.941,1.0,yfinance,5.0
2026-09-13 23:03:05,2026-06-18,Tulsa_OK,v1.4-Finlight-Tulsa-Ridge,DAILY_BATCH,,3.6222,3.608,DOWN,3.5449,DOWN,0.0631,1.0,0.0,0.0,3.6222,0.0,3.2776,3.9385,1.0,yfinance,5.0
2026-09-13 23:03:05,2026-06-19,Tulsa_OK,v1.4-Finlight-Tulsa-Ridge,DAILY_BATCH,,3.5706,3.5659,DOWN,,,,,0.0,0.0,3.5706,0.0,3.2354,3.8963,,yfinance,5.0
2026-09-13 23:03:05,2026-06-22,Tulsa_OK,v1.4-Finlight-Tulsa-Ridge,DAILY_BATCH,,3.468,3.4507,DOWN,3.537,UP,0.0863,0.0,0.0,0.0,3.468,0.0,3.1203,3.7812,1.0,yfinance,5.0
2026-09-13 23:03:05,2026-06-23,Tulsa_OK,v1.4-Finlight-Tulsa-Ridge,DAILY_BATCH,,3.4013,3.4293,UP,3.509,UP,0.0797,1.0,0.0,0.0,3.4013,0.0,3.0988,3.7597,1.0,yfinance,5.0
2026-09-13 23:03:05,2026-06-24,Tulsa_OK,v1.4-Finlight-Tulsa-Ridge,DAILY_BATCH,,3.4304,3.4568,UP,3.4318,UP,0.025,1.0,0.0,0.0,3.4304,0.0,3.1263,3.7872,1.0,yfinance,5.0
2026-09-13 23:03:05,2026-06-25,Tulsa_OK,v1.4-Finlight-Tulsa-Ridge,DAILY_BATCH,,3.5157,3.5329,UP,3.5773,UP,0.0444,1.0,0.0,0.0,3.5157,0.0,3.2025,3.8634,1.0,yfinance,5.0
2026-09-13 23:03:05,2026-06-29,Tulsa_OK,v1.4-Finlight-Tulsa-Ridge,DAILY_BATCH,,3.5078,3.5224,UP,3.6114,UP,0.089,1.0,0.0,0.0,3.5078,0.0,3.1919,3.8528,1.0,yfinance,5.0
2026-09-13 23:03:05,2026-06-30,Tulsa_OK,v1.4-Finlight-Tulsa-Ridge,DAILY_BATCH,,3.4798,3.4882,UP,3.5644,UP,0.0762,1.0,0.0,0.0,3.4798,0.0,3.1578,3.8187,1.0,yfinance,5.0
2026-09-13 23:03:05,2026-07-01,Tulsa_OK,v1.4-Finlight-Tulsa-Ridge,DAILY_BATCH,,3.4026,3.4042,UP,3.4952,UP,0.091,1.0,0.0,0.0,3.4026,0.0,3.0738,3.7347,1.0,yfinance,5.0
2026-09-13 23:03:05,2026-07-02,Tulsa_OK,v1.4-Finlight-Tulsa-Ridge,DAILY_BATCH,,3.5481,3.558,UP,3.4673,DOWN,0.0907,0.0,0.0,0.0,3.5481,0.0,3.2275,3.8884,1.0,yfinance,5.0
2026-09-13 23:03:05,2026-07-03,Tulsa_OK,v1.4-Finlight-Tulsa-Ridge,DAILY_BATCH,,3.4779,3.5137,UP,,,,,0.0,0.0,3.4779,0.0,3.1833,3.8442,,yfinance,5.0
2026-09-13 23:03:05,2026-07-06,Tulsa_OK,v1.4-Finlight-Tulsa-Ridge,DAILY_BATCH,,3.5822,3.6061,UP,3.5533,DOWN,0.0528,0.0,0.0,0.0,3.5822,0.0,3.2756,3.9366,1.0,yfinance,5.0
2026-09-13 23:03:05,2026-07-07,Tulsa_OK,v1.4-Finlight-Tulsa-Ridge,DAILY_BATCH,,3.5352,3.5491,UP,3.5039,DOWN,0.0452,0.0,0.0,0.0,3.5352,0.0,3.2187,3.8796,1.0,yfinance,5.0
2026-09-13 23:03:05,2026-07-08,Tulsa_OK,v1.4-Finlight-Tulsa-Ridge,DAILY_BATCH,,3.466,3.4742,UP,3.6534,UP,0.1792,1.0,0.0,0.0,3.466,0.0,3.1438,3.8047,1.0,yfinance,5.0
2026-09-13 23:03:05,2026-07-09,Tulsa_OK,v1.4-Finlight-Tulsa-Ridge,DAILY_BATCH,,3.4381,3.4459,UP,3.5887,UP,0.1428,1.0,0.0,0.0,3.4381,0.0,3.1154,3.7763,1.0,yfinance,5.0
2026-09-13 23:03:05,2026-07-13,Tulsa_OK,v1.4-Finlight-Tulsa-Ridge,DAILY_BATCH,,3.5241,3.5626,UP,3.7163,UP,0.1537,1.0,0.0,0.0,3.5241,0.0,3.2321,3.893,1.0,yfinance,5.0
2026-09-13 23:03:05,2026-07-14,Tulsa_OK,v1.4-Finlight-Tulsa-Ridge,DAILY_BATCH,,3.4747,3.5147,UP,3.7773,UP,0.2626,1.0,0.0,0.0,3.4747,0.0,3.1843,3.8452,1.0,yfinance,5.0
2026-09-13 23:03:05,2026-07-15,Tulsa_OK,v1.4-Finlight-Tulsa-Ridge,DAILY_BATCH,,3.6242,3.627,UP,3.8509,UP,0.2239,1.0,0.0,0.0,3.6242,0.0,3.2966,3.9575,1.0,yfinance,5.0
2026-09-13 23:03:05,2026-07-16,Tulsa_OK,v1.4-Finlight-Tulsa-Ridge,DAILY_BATCH,,3.5595,3.5623,UP,3.8347,UP,0.2724,1.0,0.0,0.0,3.5595,0.0,3.2319,3.8928,1.0,yfinance,5.0
2026-09-13 23:03:05,2026-07-17,Tulsa_OK,v1.4-Finlight-Tulsa-Ridge,DAILY_BATCH,,3.5054,3.5463,UP,3.9427,UP,0.3964,1.0,0.0,0.0,3.5054,0.0,3.2159,3.8768,0.0,yfinance,5.0
2026-09-13 23:03:05,2026-07-20,Tulsa_OK,v1.4-Finlight-Tulsa-Ridge,DAILY_BATCH,,3.6871,3.6911,UP,3.939,UP,0.2479,1.0,0.0,0.0,3.6871,0.0,3.3606,4.0216,1.0,yfinance,5.0
2026-09-13 23:03:05,2026-07-21,Tulsa_OK,v1.4-Finlight-Tulsa-Ridge,DAILY_BATCH,,3.7481,3.7303,DOWN,3.9559,UP,0.2256,0.0,0.0,0.0,3.7481,0.0,3.3998,4.0607,1.0,yfinance,5.0
2026-09-13 23:03:05,2026-07-22,Tulsa_OK,v1.4-Finlight-Tulsa-Ridge,DAILY_BATCH,,3.8217,3.754,DOWN,3.9647,UP,0.2107,0.0,0.0,0.0,3.8217,0.0,3.4235,4.0844,1.0,yfinance,5.0
2026-09-13 23:03:05,2026-07-23,Tulsa_OK,v1.4-Finlight-Tulsa-Ridge,DAILY_BATCH,,3.8055,3.7536,DOWN,4.0464,UP,0.2928,0.0,0.0,0.0,3.8055,0.0,3.4232,4.0841,1.0,yfinance,5.0
2026-09-13 23:03:05,2026-07-24,Tulsa_OK,v1.4-Finlight-Tulsa-Ridge,DAILY_BATCH,,3.9135,3.8091,DOWN,3.9459,UP,0.1368,0.0,0.0,0.0,3.9135,0.0,3.4787,4.1396,1.0,yfinance,5.0
2026-09-13 23:03:05,2026-07-27,Tulsa_OK,v1.4-Finlight-Tulsa-Ridge,DAILY_BATCH,,3.9098,3.8242,DOWN,3.8773,DOWN,0.0531,1.0,0.0,0.0,3.9098,0.0,3.4937,4.1546,1.0,yfinance,5.0
2026-09-13 23:03:05,2026-07-28,Tulsa_OK,v1.4-Finlight-Tulsa-Ridge,DAILY_BATCH,,3.9267,3.8292,DOWN,3.8845,DOWN,0.0553,1.0,0.0,0.0,3.9267,0.0,3.4987,4.1596,1.0,yfinance,5.0
2026-09-13 23:03:05,2026-07-29,Tulsa_OK,v1.4-Finlight-Tulsa-Ridge,DAILY_BATCH,,3.9355,3.8829,DOWN,3.9478,UP,0.0649,0.0,0.0,0.0,3.9355,0.0,3.5524,4.2133,1.0,yfinance,5.0
2026-09-13 23:03:05,2026-07-30,Tulsa_OK,v1.4-Finlight-Tulsa-Ridge,DAILY_BATCH,,4.0172,3.8968,DOWN,3.8347,DOWN,0.0621,1.0,0.0,0.0,4.0172,0.0,3.5664,4.2273,1.0,yfinance,5.0
2026-09-13 23:03:05,2026-07-31,Tulsa_OK,v1.4-Finlight-Tulsa-Ridge,DAILY_BATCH,,3.9167,3.8425,DOWN,3.7716,DOWN,0.0709,1.0,0.0,0.0,3.9167,0.0,3.512,4.1729,1.0,yfinance,5.0
2026-09-13 23:03:05,2026-08-03,Tulsa_OK,v1.4-Finlight-Tulsa-Ridge,DAILY_BATCH,,3.8481,3.8412,DOWN,3.5167,DOWN,0.3245,1.0,0.0,0.0,3.8481,0.0,3.5108,4.1717,1.0,yfinance,5.0
2026-09-13 23:03:05,2026-08-04,Tulsa_OK,v1.4-Finlight-Tulsa-Ridge,DAILY_BATCH,,3.8553,3.8656,UP,3.4022,DOWN,0.4634,0.0,0.0,0.0,3.8553,0.0,3.5351,4.196,0.0,yfinance,5.0
2026-09-13 23:03:05,2026-08-05,Tulsa_OK,v1.4-Finlight-Tulsa-Ridge,DAILY_BATCH,,3.9186,3.9169,DOWN,3.3888,DOWN,0.5281,1.0,0.0,0.0,3.9186,0.0,3.5865,4.2474,0.0,yfinance,5.0
2026-09-13 23:03:05,2026-08-06,Tulsa_OK,v1.4-Finlight-Tulsa-Ridge,DAILY_BATCH,,3.8055,3.8384,UP,3.4885,DOWN,0.3499,0.0,0.0,0.0,3.8055,0.0,3.508,4.1689,0.0,yfinance,5.0
2026-09-13 23:03:05,2026-08-07,Tulsa_OK,v1.4-Finlight-Tulsa-Ridge,DAILY_BATCH,,3.7424,3.7497,UP,3.5353,DOWN,0.2144,0.0,0.0,0.0,3.7424,0.0,3.4193,4.0802,1.0,yfinance,5.0
2026-09-13 23:03:05,2026-08-10,Tulsa_OK,v1.4-Finlight-Tulsa-Ridge,DAILY_BATCH,,3.4875,3.5313,UP,3.6854,UP,0.1541,1.0,0.0,0.0,3.4875,0.0,3.2008,3.8617,1.0,yfinance,5.0
2026-09-13 23:03:05,2026-08-11,Tulsa_OK,v1.4-Finlight-Tulsa-Ridge,DAILY_BATCH,,3.373,3.4452,UP,3.6866,UP,0.2414,1.0,0.0,0.0,3.373,0.0,3.1148,3.7757,1.0,yfinance,5.0
2026-09-13 23:03:05,2026-08-12,Tulsa_OK,v1.4-Finlight-Tulsa-Ridge,DAILY_BATCH,,3.3596,3.4766,UP,3.7037,UP,0.2271,1.0,0.0,0.0,3.3596,0.0,3.1461,3.807,1.0,yfinance,5.0
2026-09-13 23:03:05,2026-08-13,Tulsa_OK,v1.4-Finlight-Tulsa-Ridge,DAILY_BATCH,,3.4593,3.5896,UP,3.678,UP,0.0884,1.0,0.0,0.0,3.4593,0.0,3.2591,3.92,1.0,yfinance,5.0
2026-09-13 23:03:05,2026-08-14,Tulsa_OK,v1.4-Finlight-Tulsa-Ridge,DAILY_BATCH,,3.5061,3.5436,UP,3.7341,UP,0.1905,1.0,0.0,0.0,3.5061,0.0,3.2131,3.874,1.0,yfinance,5.0
2026-09-13 23:03:05,2026-08-17,Tulsa_OK,v1.4-Finlight-Tulsa-Ridge,DAILY_BATCH,,3.6562,3.5731,DOWN,3.8201,UP,0.247,0.0,0.0,0.0,3.6562,0.0,3.2427,3.9036,1.0,yfinance,5.0
2026-09-13 23:03:05,2026-08-18,Tulsa_OK,v1.4-Finlight-Tulsa-Ridge,DAILY_BATCH,,3.6574,3.5811,DOWN,3.8517,UP,0.2706,0.0,0.0,0.0,3.6574,0.0,3.2506,3.9115,1.0,yfinance,5.0
2026-09-13 23:03:05,2026-08-19,Tulsa_OK,v1.4-Finlight-Tulsa-Ridge,DAILY_BATCH,,3.6745,3.6369,DOWN,3.8051,UP,0.1682,0.0,0.0,0.0,3.6745,0.0,3.3064,3.9673,1.0,yfinance,5.0
2026-09-13 23:03:05,2026-08-20,Tulsa_OK,v1.4-Finlight-Tulsa-Ridge,DAILY_BATCH,,3.6488,3.6116,DOWN,3.8129,UP,0.2013,0.0,0.0,0.0,3.6488,0.0,3.2812,3.9421,1.0,yfinance,5.0
2026-09-13 23:03:05,2026-08-21,Tulsa_OK,v1.4-Finlight-Tulsa-Ridge,DAILY_BATCH,,3.7049,3.643,DOWN,3.8979,UP,0.2549,0.0,0.0,0.0,3.7049,0.0,3.3126,3.9735,1.0,yfinance,5.0
2026-09-13 23:03:05,2026-08-24,Tulsa_OK,v1.4-Finlight-Tulsa-Ridge,DAILY_BATCH,,3.7909,3.6662,DOWN,3.8208,UP,0.1546,0.0,0.0,0.0,3.7909,0.0,3.3358,3.9967,1.0,yfinance,5.0
2026-09-13 23:03:05,2026-08-25,Tulsa_OK,v1.4-Finlight-Tulsa-Ridge,DAILY_BATCH,,3.8225,3.7079,DOWN,3.8029,DOWN,0.095,1.0,0.0,0.0,3.8225,0.0,3.3775,4.0384,1.0,yfinance,5.0
2026-09-13 23:03:05,2026-08-26,Tulsa_OK,v1.4-Finlight-Tulsa-Ridge,DAILY_BATCH,,3.7759,3.668,DOWN,3.8701,UP,0.2021,0.0,0.0,0.0,3.7759,0.0,3.3375,3.9984,1.0,yfinance,5.0
2026-09-13 23:03:05,2026-08-27,Tulsa_OK,v1.4-Finlight-Tulsa-Ridge,DAILY_BATCH,,3.7837,3.6807,DOWN,3.9342,UP,0.2535,0.0,0.0,0.0,3.7837,0.0,3.3502,4.0111,1.0,yfinance,5.0
2026-09-13 23:03:05,2026-08-28,Tulsa_OK,v1.4-Finlight-Tulsa-Ridge,DAILY_BATCH,,3.8687,3.7204,DOWN,4.0399,UP,0.3195,0.0,0.0,0.0,3.8687,0.0,3.39,4.0509,1.0,yfinance,5.0
2026-09-13 23:03:05,2026-08-31,Tulsa_OK,v1.4-Finlight-Tulsa-Ridge,DAILY_BATCH,,3.7916,3.7266,DOWN,3.987,UP,0.2604,0.0,0.0,0.0,3.7916,0.0,3.3961,4.057,1.0,yfinance,5.0
2026-09-13 23:03:05,2026-09-01,Tulsa_OK,v1.4-Finlight-Tulsa-Ridge,DAILY_BATCH,,3.7737,3.7563,DOWN,3.6851,DOWN,0.0712,1.0,0.0,0.0,3.7737,0.0,3.4258,4.0867,1.0,yfinance,5.0
2026-09-13 23:03:05,2026-09-02,Tulsa_OK,v1.4-Finlight-Tulsa-Ridge,DAILY_BATCH,,3.8409,3.8023,DOWN,3.6538,DOWN,0.1485,1.0,0.0,0.0,3.8409,0.0,3.4718,4.1327,1.0,yfinance,5.0
2026-09-13 23:03:05,2026-09-03,Tulsa_OK,v1.4-Finlight-Tulsa-Ridge,DAILY_BATCH,,3.905,3.8461,DOWN,3.6849,DOWN,0.1612,1.0,0.0,0.0,3.905,0.0,3.5157,4.1766,1.0,yfinance,5.0
2026-09-13 23:03:05,2026-09-04,Tulsa_OK,v1.4-Finlight-Tulsa-Ridge,DAILY_BATCH,,4.0107,3.8937,DOWN,3.7646,DOWN,0.1291,1.0,0.0,0.0,4.0107,0.0,3.5632,4.2241,1.0,yfinance,5.0
2026-09-13 23:03:05,2026-09-07,Tulsa_OK,v1.4-Finlight-Tulsa-Ridge,DAILY_BATCH,,3.9578,3.887,DOWN,,,,,0.0,0.0,3.9578,0.0,3.5566,4.2175,,yfinance,5.0
2026-09-13 23:03:05,2026-09-08,Tulsa_OK,v1.4-Finlight-Tulsa-Ridge,DAILY_BATCH,,3.6559,3.6372,DOWN,3.8025,UP,0.1653,0.0,0.0,0.0,3.6559,0.0,3.3067,3.9677,1.0,yfinance,5.0
2026-09-13 23:03:05,2026-09-09,Tulsa_OK,v1.4-Finlight-Tulsa-Ridge,DAILY_BATCH,,3.6246,3.5705,DOWN,3.7606,UP,0.1901,0.0,0.0,0.0,3.6246,0.0,3.2401,3.901,1.0,yfinance,5.0
2026-09-13 23:03:05,2026-09-10,Tulsa_OK,v1.4-Finlight-Tulsa-Ridge,DAILY_BATCH,,3.6557,3.6258,DOWN,3.9432,UP,0.3174,0.0,0.0,0.0,3.6557,0.0,3.2954,3.9563,1.0,yfinance,5.0
2026-09-13 23:04:31,2026-09-18,Tulsa_OK,v1.4-Finlight-Tulsa-Ridge,DAILY_BATCH,,3.828,3.7915,DOWN,,,,,0.0,0.0,3.828,0.0,3.4922,4.0908,,yfinance,5.0
2026-09-13 23:04:54,2025-10-03,Newark_DE,v1.4-Finlight-Newark-Ridge,DAILY_BATCH,,2.0734,2.0227,DOWN,2.4105,UP,0.3878,0.0,0.0,0.0,2.0734,0.0,1.7204,2.3249,0.0,yfinance,5.0
2026-09-13 23:04:54,2025-10-06,Newark_DE,v1.4-Finlight-Newark-Ridge,DAILY_BATCH,,2.0309,2.0082,DOWN,2.4516,UP,0.4434,0.0,0.0,0.0,2.0309,0.0,1.706,2.3104,0.0,yfinance,5.0
2026-09-13 23:04:54,2025-10-07,Newark_DE,v1.4-Finlight-Newark-Ridge,DAILY_BATCH,,2.0087,1.9906,DOWN,2.4439,UP,0.4533,0.0,0.0,0.0,2.0087,0.0,1.6884,2.2928,0.0,yfinance,5.0
2026-09-13 23:04:54,2025-10-08,Newark_DE,v1.4-Finlight-Newark-Ridge,DAILY_BATCH,,1.9217,1.8311,DOWN,2.4595,UP,0.6284,0.0,0.0,0.0,1.9217,0.0,1.5289,2.1334,0.0,yfinance,5.0
2026-09-13 23:04:54,2025-10-09,Newark_DE,v1.4-Finlight-Newark-Ridge,DAILY_BATCH,,1.8868,1.8527,DOWN,2.4326,UP,0.5799,0.0,0.0,0.0,1.8868,0.0,1.5504,2.1549,0.0,yfinance,5.0
2026-09-13 23:04:54,2025-10-10,Newark_DE,v1.4-Finlight-Newark-Ridge,DAILY_BATCH,,1.8963,1.893,DOWN,2.3704,UP,0.4774,0.0,0.0,0.0,1.8963,0.0,1.5908,2.1953,0.0,yfinance,5.0
2026-09-13 23:04:54,2025-10-13,Newark_DE,v1.4-Finlight-Newark-Ridge,DAILY_BATCH,,1.9374,1.9438,UP,2.3938,UP,0.45,1.0,0.0,0.0,1.9374,0.0,1.6416,2.246,0.0,yfinance,5.0
2026-09-13 23:04:54,2025-10-14,Newark_DE,v1.4-Finlight-Newark-Ridge,DAILY_BATCH,,1.9297,1.9266,DOWN,2.3786,UP,0.452,0.0,0.0,0.0,1.9297,0.0,1.6244,2.2289,0.0,yfinance,5.0
2026-09-13 23:04:54,2025-10-15,Newark_DE,v1.4-Finlight-Newark-Ridge,DAILY_BATCH,,1.9453,1.9432,DOWN,2.3844,UP,0.4412,0.0,0.0,0.0,1.9453,0.0,1.641,2.2455,0.0,yfinance,5.0
2026-09-13 23:04:54,2025-10-16,Newark_DE,v1.4-Finlight-Newark-Ridge,DAILY_BATCH,,1.9184,1.9361,UP,2.3617,UP,0.4256,1.0,0.0,0.0,1.9184,0.0,1.6339,2.2383,0.0,yfinance,5.0
2026-09-13 23:04:54,2025-10-17,Newark_DE,v1.4-Finlight-Newark-Ridge,DAILY_BATCH,,1.8562,1.899,UP,2.3877,UP,0.4887,1.0,0.0,0.0,1.8562,0.0,1.5967,2.2012,0.0,yfinance,5.0
2026-09-13 23:04:54,2025-10-20,Newark_DE,v1.4-Finlight-Newark-Ridge,DAILY_BATCH,,1.8796,1.9051,UP,2.3802,UP,0.4751,1.0,0.0,0.0,1.8796,0.0,1.6028,2.2073,0.0,yfinance,5.0
2026-09-13 23:04:54,2025-10-21,Newark_DE,v1.4-Finlight-Newark-Ridge,DAILY_BATCH,,1.8644,1.9047,UP,2.3753,UP,0.4706,1.0,0.0,0.0,1.8644,0.0,1.6025,2.207,0.0,yfinance,5.0
2026-09-13 23:04:54,2025-10-22,Newark_DE,v1.4-Finlight-Newark-Ridge,DAILY_BATCH,,1.8702,1.9037,UP,2.415,UP,0.5113,1.0,0.0,0.0,1.8702,0.0,1.6015,2.206,0.0,yfinance,5.0
2026-09-13 23:04:54,2025-10-23,Newark_DE,v1.4-Finlight-Newark-Ridge,DAILY_BATCH,,1.8475,1.8701,UP,2.4769,UP,0.6068,1.0,0.0,0.0,1.8475,0.0,1.5678,2.1723,0.0,yfinance,5.0
2026-09-13 23:04:54,2025-10-24,Newark_DE,v1.4-Finlight-Newark-Ridge,DAILY_BATCH,,1.8735,1.8868,UP,2.4727,UP,0.5859,1.0,0.0,0.0,1.8735,0.0,1.5845,2.189,0.0,yfinance,5.0
2026-09-13 23:04:54,2025-10-27,Newark_DE,v1.4-Finlight-Newark-Ridge,DAILY_BATCH,,1.866,1.8901,UP,2.4704,UP,0.5803,1.0,0.0,0.0,1.866,0.0,1.5879,2.1924,0.0,yfinance,5.0
2026-09-13 23:04:54,2025-10-28,Newark_DE,v1.4-Finlight-Newark-Ridge,DAILY_BATCH,,1.8611,1.8793,UP,2.4752,UP,0.5959,1.0,0.0,0.0,1.8611,0.0,1.5771,2.1816,0.0,yfinance,5.0
2026-09-13 23:04:54,2025-10-29,Newark_DE,v1.4-Finlight-Newark-Ridge,DAILY_BATCH,,1.9008,1.8989,DOWN,2.5237,UP,0.6248,0.0,0.0,0.0,1.9008,0.0,1.5967,2.2011,0.0,yfinance,5.0
2026-09-13 23:04:54,2025-10-30,Newark_DE,v1.4-Finlight-Newark-Ridge,DAILY_BATCH,,1.9627,1.9358,DOWN,2.5534,UP,0.6176,0.0,0.0,0.0,1.9627,0.0,1.6336,2.2381,0.0,yfinance,5.0
2026-09-13 23:04:54,2025-10-31,Newark_DE,v1.4-Finlight-Newark-Ridge,DAILY_BATCH,,1.9585,1.9317,DOWN,2.5431,UP,0.6114,0.0,0.0,0.0,1.9585,0.0,1.6295,2.2339,0.0,yfinance,5.0
2026-09-13 23:04:54,2025-11-03,Newark_DE,v1.4-Finlight-Newark-Ridge,DAILY_BATCH,,1.9562,1.9571,UP,2.4661,UP,0.509,1.0,0.0,0.0,1.9562,0.0,1.6549,2.2594,0.0,yfinance,5.0
2026-09-13 23:04:54,2025-11-04,Newark_DE,v1.4-Finlight-Newark-Ridge,DAILY_BATCH,,1.961,1.9723,UP,2.4728,UP,0.5005,1.0,0.0,0.0,1.961,0.0,1.6701,2.2745,0.0,yfinance,5.0
2026-09-13 23:04:54,2025-11-05,Newark_DE,v1.4-Finlight-Newark-Ridge,DAILY_BATCH,,2.0095,2.0112,UP,2.4593,UP,0.4481,1.0,0.0,0.0,2.0095,0.0,1.709,2.3134,0.0,yfinance,5.0
2026-09-13 23:04:54,2025-11-06,Newark_DE,v1.4-Finlight-Newark-Ridge,DAILY_BATCH,,2.0392,1.9961,DOWN,2.5156,UP,0.5195,0.0,0.0,0.0,2.0392,0.0,1.6938,2.2983,0.0,yfinance,5.0
2026-09-13 23:04:54,2025-11-07,Newark_DE,v1.4-Finlight-Newark-Ridge,DAILY_BATCH,,2.0289,2.0043,DOWN,2.4903,UP,0.486,0.0,0.0,0.0,2.0289,0.0,1.702,2.3065,0.0,yfinance,5.0
2026-09-13 23:04:54,2025-11-10,Newark_DE,v1.4-Finlight-Newark-Ridge,DAILY_BATCH,,1.9519,1.936,DOWN,2.5211,UP,0.5851,0.0,0.0,0.0,1.9519,0.0,1.6338,2.2383,0.0,yfinance,5.0
2026-09-13 23:04:54,2025-11-11,Newark_DE,v1.4-Finlight-Newark-Ridge,DAILY_BATCH,,1.9586,1.9444,DOWN,2.562,UP,0.6176,0.0,0.0,0.0,1.9586,0.0,1.6422,2.2467,0.0,yfinance,5.0
2026-09-13 23:04:54,2025-11-12,Newark_DE,v1.4-Finlight-Newark-Ridge,DAILY_BATCH,,1.9451,1.9542,UP,2.5054,UP,0.5512,1.0,0.0,0.0,1.9451,0.0,1.652,2.2565,0.0,yfinance,5.0
2026-09-13 23:04:54,2025-11-13,Newark_DE,v1.4-Finlight-Newark-Ridge,DAILY_BATCH,,2.0014,2.068,UP,2.5097,UP,0.4417,1.0,0.0,0.0,2.0014,0.0,1.7657,2.3702,0.0,yfinance,5.0
2026-09-13 23:04:54,2025-11-14,Newark_DE,v1.4-Finlight-Newark-Ridge,DAILY_BATCH,,1.9761,2.0287,UP,2.5616,UP,0.5329,1.0,0.0,0.0,1.9761,0.0,1.7265,2.3309,0.0,yfinance,5.0
2026-09-13 23:04:54,2025-11-17,Newark_DE,v1.4-Finlight-Newark-Ridge,DAILY_BATCH,,2.0069,2.0308,UP,2.5401,UP,0.5093,1.0,0.0,0.0,2.0069,0.0,1.7285,2.333,0.0,yfinance,5.0
2026-09-13 23:04:54,2025-11-18,Newark_DE,v1.4-Finlight-Newark-Ridge,DAILY_BATCH,,2.0478,2.0728,UP,2.5493,UP,0.4765,1.0,0.0,0.0,2.0478,0.0,1.7706,2.3751,0.0,yfinance,5.0
2026-09-13 23:04:54,2025-11-19,Newark_DE,v1.4-Finlight-Newark-Ridge,DAILY_BATCH,,1.9912,2.022,UP,2.4821,UP,0.4601,1.0,0.0,0.0,1.9912,0.0,1.7198,2.3243,0.0,yfinance,5.0
2026-09-13 23:04:54,2025-11-20,Newark_DE,v1.4-Finlight-Newark-Ridge,DAILY_BATCH,,1.9955,2.0351,UP,2.4684,UP,0.4333,1.0,0.0,0.0,1.9955,0.0,1.7328,2.3373,0.0,yfinance,5.0
2026-09-13 23:04:54,2025-11-21,Newark_DE,v1.4-Finlight-Newark-Ridge,DAILY_BATCH,,2.0474,2.082,UP,2.4334,UP,0.3514,1.0,0.0,0.0,2.0474,0.0,1.7797,2.3842,0.0,yfinance,5.0
2026-09-13 23:04:54,2025-11-24,Newark_DE,v1.4-Finlight-Newark-Ridge,DAILY_BATCH,,2.0259,2.0525,UP,2.4466,UP,0.3941,1.0,0.0,0.0,2.0259,0.0,1.7502,2.3547,0.0,yfinance,5.0
2026-09-13 23:04:54,2025-11-25,Newark_DE,v1.4-Finlight-Newark-Ridge,DAILY_BATCH,,2.0351,2.054,UP,2.4072,UP,0.3532,1.0,0.0,0.0,2.0351,0.0,1.7517,2.3562,0.0,yfinance,5.0
2026-09-13 23:04:54,2025-11-26,Newark_DE,v1.4-Finlight-Newark-Ridge,DAILY_BATCH,,1.9679,1.9415,DOWN,2.439,UP,0.4975,0.0,0.0,0.0,1.9679,0.0,1.6393,2.2437,0.0,yfinance,5.0
2026-09-13 23:04:54,2025-11-27,Newark_DE,v1.4-Finlight-Newark-Ridge,DAILY_BATCH,,1.9542,1.9452,DOWN,,,,,0.0,0.0,1.9542,0.0,1.643,2.2474,,yfinance,5.0
2026-09-13 23:04:54,2025-11-28,Newark_DE,v1.4-Finlight-Newark-Ridge,DAILY_BATCH,,1.9192,1.9052,DOWN,2.4459,UP,0.5407,0.0,0.0,0.0,1.9192,0.0,1.6029,2.2074,0.0,yfinance,5.0
2026-09-13 23:04:54,2025-12-01,Newark_DE,v1.4-Finlight-Newark-Ridge,DAILY_BATCH,,1.9324,1.961,UP,2.4189,UP,0.4579,1.0,0.0,0.0,1.9324,0.0,1.6588,2.2632,0.0,yfinance,5.0
2026-09-13 23:04:54,2025-12-02,Newark_DE,v1.4-Finlight-Newark-Ridge,DAILY_BATCH,,1.893,1.9135,UP,2.3803,UP,0.4668,1.0,0.0,0.0,1.893,0.0,1.6113,2.2158,0.0,yfinance,5.0
2026-09-13 23:04:54,2025-12-03,Newark_DE,v1.4-Finlight-Newark-Ridge,DAILY_BATCH,,1.9248,1.9357,UP,2.3772,UP,0.4415,1.0,0.0,0.0,1.9248,0.0,1.6334,2.2379,0.0,yfinance,5.0
2026-09-13 23:04:54,2025-12-05,Newark_DE,v1.4-Finlight-Newark-Ridge,DAILY_BATCH,,1.9317,1.9423,UP,2.3841,UP,0.4418,1.0,0.0,0.0,1.9317,0.0,1.6401,2.2446,0.0,yfinance,5.0
2026-09-13 23:04:54,2025-12-08,Newark_DE,v1.4-Finlight-Newark-Ridge,DAILY_BATCH,,1.9047,1.9169,UP,2.3481,UP,0.4312,1.0,0.0,0.0,1.9047,0.0,1.6147,2.2192,0.0,yfinance,5.0
2026-09-13 23:04:54,2025-12-09,Newark_DE,v1.4-Finlight-Newark-Ridge,DAILY_BATCH,,1.8661,1.8691,UP,2.3397,UP,0.4706,1.0,0.0,0.0,1.8661,0.0,1.5669,2.1714,0.0,yfinance,5.0
2026-09-13 23:04:54,2025-12-10,Newark_DE,v1.4-Finlight-Newark-Ridge,DAILY_BATCH,,1.863,1.8721,UP,2.3315,UP,0.4594,1.0,0.0,0.0,1.863,0.0,1.5699,2.1743,0.0,yfinance,5.0
2026-09-13 23:04:54,2025-12-11,Newark_DE,v1.4-Finlight-Newark-Ridge,DAILY_BATCH,,1.8629,1.8604,DOWN,2.3098,UP,0.4494,0.0,0.0,0.0,1.8629,0.0,1.5581,2.1626,0.0,yfinance,5.0
2026-09-13 23:04:54,2025-12-12,Newark_DE,v1.4-Finlight-Newark-Ridge,DAILY_BATCH,,1.8699,1.8575,DOWN,2.3021,UP,0.4446,0.0,0.0,0.0,1.8699,0.0,1.5552,2.1597,0.0,yfinance,5.0
2026-09-13 23:04:54,2025-12-15,Newark_DE,v1.4-Finlight-Newark-Ridge,DAILY_BATCH,,1.8339,1.8305,DOWN,2.2823,UP,0.4518,0.0,0.0,0.0,1.8339,0.0,1.5283,2.1328,0.0,yfinance,5.0
2026-09-13 23:04:54,2025-12-16,Newark_DE,v1.4-Finlight-Newark-Ridge,DAILY_BATCH,,1.8255,1.8328,UP,2.2309,UP,0.3981,1.0,0.0,0.0,1.8255,0.0,1.5305,2.135,0.0,yfinance,5.0
2026-09-13 23:04:54,2025-12-17,Newark_DE,v1.4-Finlight-Newark-Ridge,DAILY_BATCH,,1.8173,1.8033,DOWN,2.2443,UP,0.441,0.0,0.0,0.0,1.8173,0.0,1.5011,2.1055,0.0,yfinance,5.0
2026-09-13 23:04:54,2025-12-18,Newark_DE,v1.4-Finlight-Newark-Ridge,DAILY_BATCH,,1.7956,1.8149,UP,2.2513,UP,0.4364,1.0,0.0,0.0,1.7956,0.0,1.5126,2.1171,0.0,yfinance,5.0
2026-09-13 23:04:54,2025-12-19,Newark_DE,v1.4-Finlight-Newark-Ridge,DAILY_BATCH,,1.7879,1.8088,UP,2.2582,UP,0.4494,1.0,0.0,0.0,1.7879,0.0,1.5066,2.111,0.0,yfinance,5.0
2026-09-13 23:04:54,2025-12-22,Newark_DE,v1.4-Finlight-Newark-Ridge,DAILY_BATCH,,1.7681,1.8025,UP,2.2922,UP,0.4897,1.0,0.0,0.0,1.7681,0.0,1.5002,2.1047,0.0,yfinance,5.0
2026-09-13 23:04:54,2025-12-23,Newark_DE,v1.4-Finlight-Newark-Ridge,DAILY_BATCH,,1.7167,1.7471,UP,2.2932,UP,0.5461,1.0,0.0,0.0,1.7167,0.0,1.4448,2.0493,0.0,yfinance,5.0
2026-09-13 23:04:54,2025-12-24,Newark_DE,v1.4-Finlight-Newark-Ridge,DAILY_BATCH,,1.7301,1.7588,UP,2.2971,UP,0.5383,1.0,0.0,0.0,1.7301,0.0,1.4565,2.061,0.0,yfinance,5.0
2026-09-13 23:04:54,2025-12-25,Newark_DE,v1.4-Finlight-Newark-Ridge,DAILY_BATCH,,1.7371,1.76,UP,,,,,0.0,0.0,1.7371,0.0,1.4578,2.0623,,yfinance,5.0
2026-09-13 23:04:54,2025-12-26,Newark_DE,v1.4-Finlight-Newark-Ridge,DAILY_BATCH,,1.744,1.7955,UP,2.2471,UP,0.4516,1.0,0.0,0.0,1.744,0.0,1.4933,2.0977,0.0,yfinance,5.0
2026-09-13 23:04:54,2025-12-29,Newark_DE,v1.4-Finlight-Newark-Ridge,DAILY_BATCH,,1.778,1.803,UP,2.2652,UP,0.4622,1.0,0.0,0.0,1.778,0.0,1.5008,2.1052,0.0,yfinance,5.0
2026-09-13 23:04:54,2025-12-30,Newark_DE,v1.4-Finlight-Newark-Ridge,DAILY_BATCH,,1.779,1.8126,UP,2.271,UP,0.4584,1.0,0.0,0.0,1.779,0.0,1.5104,2.1148,0.0,yfinance,5.0
2026-09-13 23:04:54,2025-12-31,Newark_DE,v1.4-Finlight-Newark-Ridge,DAILY_BATCH,,1.7829,1.7899,UP,2.2554,UP,0.4655,1.0,0.0,0.0,1.7829,0.0,1.4877,2.0921,0.0,yfinance,5.0
2026-09-13 23:04:54,2026-01-02,Newark_DE,v1.4-Finlight-Newark-Ridge,DAILY_BATCH,,1.7329,1.7544,UP,2.2482,UP,0.4938,1.0,0.0,0.0,1.7329,0.0,1.4522,2.0566,0.0,yfinance,5.0
2026-09-13 23:04:54,2026-01-05,Newark_DE,v1.4-Finlight-Newark-Ridge,DAILY_BATCH,,1.751,1.7684,UP,2.27,UP,0.5016,1.0,0.0,0.0,1.751,0.0,1.4662,2.0706,0.0,yfinance,5.0
2026-09-13 23:04:54,2026-01-06,Newark_DE,v1.4-Finlight-Newark-Ridge,DAILY_BATCH,,1.7568,1.7858,UP,2.2506,UP,0.4648,1.0,0.0,0.0,1.7568,0.0,1.4836,2.0881,0.0,yfinance,5.0
2026-09-13 23:04:54,2026-01-07,Newark_DE,v1.4-Finlight-Newark-Ridge,DAILY_BATCH,,1.7412,1.7618,UP,2.2445,UP,0.4827,1.0,0.0,0.0,1.7412,0.0,1.4596,2.064,0.0,yfinance,5.0
2026-09-13 23:04:54,2026-01-09,Newark_DE,v1.4-Finlight-Newark-Ridge,DAILY_BATCH,,1.734,1.7563,UP,2.3306,UP,0.5743,1.0,0.0,0.0,1.734,0.0,1.4541,2.0586,0.0,yfinance,5.0
2026-09-13 23:04:54,2026-01-12,Newark_DE,v1.4-Finlight-Newark-Ridge,DAILY_BATCH,,1.7558,1.7781,UP,2.3438,UP,0.5657,1.0,0.0,0.0,1.7558,0.0,1.4759,2.0804,0.0,yfinance,5.0
2026-09-13 23:04:54,2026-01-13,Newark_DE,v1.4-Finlight-Newark-Ridge,DAILY_BATCH,,1.7364,1.7608,UP,2.3765,UP,0.6157,1.0,0.0,0.0,1.7364,0.0,1.4586,2.063,0.0,yfinance,5.0
2026-09-13 23:04:54,2026-01-14,Newark_DE,v1.4-Finlight-Newark-Ridge,DAILY_BATCH,,1.7303,1.7698,UP,2.3804,UP,0.6106,1.0,0.0,0.0,1.7303,0.0,1.4676,2.072,0.0,yfinance,5.0
2026-09-13 23:04:54,2026-01-15,Newark_DE,v1.4-Finlight-Newark-Ridge,DAILY_BATCH,,1.7961,1.8803,UP,2.3338,UP,0.4535,1.0,0.0,0.0,1.7961,0.0,1.578,2.1825,0.0,yfinance,5.0
2026-09-13 23:04:54,2026-01-16,Newark_DE,v1.4-Finlight-Newark-Ridge,DAILY_BATCH,,1.8164,1.911,UP,2.3352,UP,0.4242,1.0,0.0,0.0,1.8164,0.0,1.6087,2.2132,0.0,yfinance,5.0
2026-09-13 23:04:54,2026-01-19,Newark_DE,v1.4-Finlight-Newark-Ridge,DAILY_BATCH,,1.8296,1.9189,UP,,,,,0.0,0.0,1.8296,0.0,1.6167,2.2211,,yfinance,5.0
2026-09-13 23:04:54,2026-01-20,Newark_DE,v1.4-Finlight-Newark-Ridge,DAILY_BATCH,,1.8623,1.9546,UP,2.3738,UP,0.4192,1.0,0.0,0.0,1.8623,0.0,1.6523,2.2568,0.0,yfinance,5.0
2026-09-13 23:04:54,2026-01-21,Newark_DE,v1.4-Finlight-Newark-Ridge,DAILY_BATCH,,1.8662,1.9311,UP,2.4074,UP,0.4763,1.0,0.0,0.0,1.8662,0.0,1.6288,2.2333,0.0,yfinance,5.0
2026-09-13 23:04:54,2026-01-22,Newark_DE,v1.4-Finlight-Newark-Ridge,DAILY_BATCH,,1.8196,1.8842,UP,2.3672,UP,0.483,1.0,0.0,0.0,1.8196,0.0,1.582,2.1865,0.0,yfinance,5.0
2026-09-13 23:04:54,2026-01-23,Newark_DE,v1.4-Finlight-Newark-Ridge,DAILY_BATCH,,1.821,1.8747,UP,2.401,UP,0.5263,1.0,0.0,0.0,1.821,0.0,1.5724,2.1769,0.0,yfinance,5.0
2026-09-13 23:04:54,2026-01-27,Newark_DE,v1.4-Finlight-Newark-Ridge,DAILY_BATCH,,1.8596,1.9349,UP,2.4152,UP,0.4803,1.0,0.0,0.0,1.8596,0.0,1.6326,2.2371,0.0,yfinance,5.0
2026-09-13 23:04:54,2026-01-28,Newark_DE,v1.4-Finlight-Newark-Ridge,DAILY_BATCH,,1.8932,1.9536,UP,2.4423,UP,0.4887,1.0,0.0,0.0,1.8932,0.0,1.6514,2.2559,0.0,yfinance,5.0
2026-09-13 23:04:54,2026-01-29,Newark_DE,v1.4-Finlight-Newark-Ridge,DAILY_BATCH,,1.853,1.9087,UP,2.47,UP,0.5613,1.0,0.0,0.0,1.853,0.0,1.6065,2.2109,0.0,yfinance,5.0
2026-09-13 23:04:54,2026-01-30,Newark_DE,v1.4-Finlight-Newark-Ridge,DAILY_BATCH,,1.8868,1.9498,UP,2.4728,UP,0.523,1.0,0.0,0.0,1.8868,0.0,1.6476,2.252,0.0,yfinance,5.0
2026-09-13 23:04:54,2026-02-02,Newark_DE,v1.4-Finlight-Newark-Ridge,DAILY_BATCH,,1.8559,1.9472,UP,2.4014,UP,0.4542,1.0,0.0,0.0,1.8559,0.0,1.6449,2.2494,0.0,yfinance,5.0
2026-09-13 23:04:54,2026-02-03,Newark_DE,v1.4-Finlight-Newark-Ridge,DAILY_BATCH,,1.901,1.995,UP,2.4479,UP,0.4529,1.0,0.0,0.0,1.901,0.0,1.6927,2.2972,0.0,yfinance,5.0
2026-09-13 23:04:54,2026-02-04,Newark_DE,v1.4-Finlight-Newark-Ridge,DAILY_BATCH,,1.9281,2.0199,UP,2.5152,UP,0.4953,1.0,0.0,0.0,1.9281,0.0,1.7176,2.3221,0.0,yfinance,5.0
2026-09-13 23:04:54,2026-02-05,Newark_DE,v1.4-Finlight-Newark-Ridge,DAILY_BATCH,,1.9558,2.0232,UP,2.4766,UP,0.4534,1.0,0.0,0.0,1.9558,0.0,1.721,2.3254,0.0,yfinance,5.0
2026-09-13 23:04:54,2026-02-06,Newark_DE,v1.4-Finlight-Newark-Ridge,DAILY_BATCH,,1.9586,2.0248,UP,2.5032,UP,0.4784,1.0,0.0,0.0,1.9586,0.0,1.7226,2.3271,0.0,yfinance,5.0
2026-09-13 23:04:54,2026-02-09,Newark_DE,v1.4-Finlight-Newark-Ridge,DAILY_BATCH,,1.8872,1.9623,UP,2.5355,UP,0.5732,1.0,0.0,0.0,1.8872,0.0,1.6601,2.2646,0.0,yfinance,5.0
2026-09-13 23:04:54,2026-02-10,Newark_DE,v1.4-Finlight-Newark-Ridge,DAILY_BATCH,,1.9337,2.0266,UP,2.5092,UP,0.4826,1.0,0.0,0.0,1.9337,0.0,1.7243,2.3288,0.0,yfinance,5.0
2026-09-13 23:04:54,2026-02-11,Newark_DE,v1.4-Finlight-Newark-Ridge,DAILY_BATCH,,2.001,2.0924,UP,2.5289,UP,0.4365,1.0,0.0,0.0,2.001,0.0,1.7902,2.3946,0.0,yfinance,5.0
2026-09-13 23:04:54,2026-02-12,Newark_DE,v1.4-Finlight-Newark-Ridge,DAILY_BATCH,,1.9624,2.0893,UP,2.4659,UP,0.3766,1.0,0.0,0.0,1.9624,0.0,1.7871,2.3916,0.0,yfinance,5.0
2026-09-13 23:04:54,2026-02-13,Newark_DE,v1.4-Finlight-Newark-Ridge,DAILY_BATCH,,1.989,2.1199,UP,2.461,UP,0.3411,1.0,0.0,0.0,1.989,0.0,1.8177,2.4221,0.0,yfinance,5.0
2026-09-13 23:04:54,2026-02-16,Newark_DE,v1.4-Finlight-Newark-Ridge,DAILY_BATCH,,2.0213,2.1173,UP,,,,,0.0,0.0,2.0213,0.0,1.815,2.4195,,yfinance,5.0
2026-09-13 23:04:54,2026-02-17,Newark_DE,v1.4-Finlight-Newark-Ridge,DAILY_BATCH,,1.995,2.0927,UP,2.4644,UP,0.3717,1.0,0.0,0.0,1.995,0.0,1.7905,2.3949,0.0,yfinance,5.0
2026-09-13 23:04:54,2026-02-18,Newark_DE,v1.4-Finlight-Newark-Ridge,DAILY_BATCH,,2.0147,2.1112,UP,2.518,UP,0.4068,1.0,0.0,0.0,2.0147,0.0,1.809,2.4134,0.0,yfinance,5.0
2026-09-13 23:04:54,2026-02-19,Newark_DE,v1.4-Finlight-Newark-Ridge,DAILY_BATCH,,1.9517,2.045,UP,2.5566,UP,0.5116,1.0,0.0,0.0,1.9517,0.0,1.7428,2.3472,0.0,yfinance,5.0
2026-09-13 23:04:54,2026-02-20,Newark_DE,v1.4-Finlight-Newark-Ridge,DAILY_BATCH,,1.9468,2.0655,UP,2.5473,UP,0.4818,1.0,0.0,0.0,1.9468,0.0,1.7633,2.3677,0.0,yfinance,5.0
2026-09-13 23:04:54,2026-02-24,Newark_DE,v1.4-Finlight-Newark-Ridge,DAILY_BATCH,,1.9502,2.034,UP,2.5214,UP,0.4874,1.0,0.0,0.0,1.9502,0.0,1.7318,2.3362,0.0,yfinance,5.0
2026-09-13 23:04:54,2026-02-25,Newark_DE,v1.4-Finlight-Newark-Ridge,DAILY_BATCH,,2.0038,2.1001,UP,2.5414,UP,0.4413,1.0,0.0,0.0,2.0038,0.0,1.7978,2.4023,0.0,yfinance,5.0
2026-09-13 23:04:54,2026-02-26,Newark_DE,v1.4-Finlight-Newark-Ridge,DAILY_BATCH,,2.0424,2.1654,UP,2.5823,UP,0.4169,1.0,0.0,0.0,2.0424,0.0,1.8632,2.4676,0.0,yfinance,5.0
2026-09-13 23:04:54,2026-02-27,Newark_DE,v1.4-Finlight-Newark-Ridge,DAILY_BATCH,,2.0331,2.1424,UP,2.6279,UP,0.4855,1.0,0.0,0.0,2.0331,0.0,1.8401,2.4446,0.0,yfinance,5.0
2026-09-13 23:04:54,2026-03-02,Newark_DE,v1.4-Finlight-Newark-Ridge,DAILY_BATCH,,2.025,2.1295,UP,2.9206,UP,0.7911,1.0,0.0,0.0,2.025,0.0,1.8273,2.4318,0.0,yfinance,5.0
2026-09-13 23:04:54,2026-03-03,Newark_DE,v1.4-Finlight-Newark-Ridge,DAILY_BATCH,,2.0072,2.1156,UP,3.0074,UP,0.8918,1.0,0.0,0.0,2.0072,0.0,1.8134,2.4179,0.0,yfinance,5.0
2026-09-13 23:04:54,2026-03-04,Newark_DE,v1.4-Finlight-Newark-Ridge,DAILY_BATCH,,2.0272,2.1303,UP,3.0649,UP,0.9346,1.0,0.0,0.0,2.0272,0.0,1.8281,2.4325,0.0,yfinance,5.0
2026-09-13 23:04:54,2026-03-05,Newark_DE,v1.4-Finlight-Newark-Ridge,DAILY_BATCH,,2.0681,2.1785,UP,3.2209,UP,1.0424,1.0,0.0,0.0,2.0681,0.0,1.8763,2.4807,0.0,yfinance,5.0
2026-09-13 23:04:54,2026-03-06,Newark_DE,v1.4-Finlight-Newark-Ridge,DAILY_BATCH,,2.1137,2.211,UP,3.2966,UP,1.0856,1.0,0.0,0.0,2.1137,0.0,1.9087,2.5132,0.0,yfinance,5.0
2026-09-13 23:04:54,2026-03-09,Newark_DE,v1.4-Finlight-Newark-Ridge,DAILY_BATCH,,2.4064,2.3434,DOWN,3.3584,UP,1.015,0.0,0.0,0.0,2.4064,0.0,2.0412,2.6456,0.0,yfinance,5.0
2026-09-13 23:04:54,2026-03-10,Newark_DE,v1.4-Finlight-Newark-Ridge,DAILY_BATCH,,2.4932,2.3163,DOWN,3.1903,UP,0.874,0.0,0.0,0.0,2.4932,0.0,2.0141,2.6185,0.0,yfinance,5.0
2026-09-13 23:04:54,2026-03-11,Newark_DE,v1.4-Finlight-Newark-Ridge,DAILY_BATCH,,2.5507,2.397,DOWN,3.3383,UP,0.9413,0.0,0.0,0.0,2.5507,0.0,2.0948,2.6992,0.0,yfinance,5.0
2026-09-13 23:04:54,2026-03-12,Newark_DE,v1.4-Finlight-Newark-Ridge,DAILY_BATCH,,2.7067,2.5158,DOWN,3.5146,UP,0.9988,0.0,0.0,0.0,2.7067,0.0,2.2135,2.818,0.0,yfinance,5.0
2026-09-13 23:04:54,2026-03-13,Newark_DE,v1.4-Finlight-Newark-Ridge,DAILY_BATCH,,2.7824,2.4939,DOWN,3.5914,UP,1.0975,0.0,0.0,0.0,2.7824,0.0,2.1916,2.7961,0.0,yfinance,5.0
2026-09-13 23:04:54,2026-03-16,Newark_DE,v1.4-Finlight-Newark-Ridge,DAILY_BATCH,,2.8442,2.5207,DOWN,3.5503,UP,1.0296,0.0,0.0,0.0,2.8442,0.0,2.2184,2.8229,0.0,yfinance,5.0
2026-09-13 23:04:54,2026-03-17,Newark_DE,v1.4-Finlight-Newark-Ridge,DAILY_BATCH,,2.6761,2.5639,DOWN,3.6734,UP,1.1095,0.0,0.0,0.0,2.6761,0.0,2.2616,2.8661,0.0,yfinance,5.0
2026-09-13 23:04:54,2026-03-18,Newark_DE,v1.4-Finlight-Newark-Ridge,DAILY_BATCH,,2.8241,2.7175,DOWN,3.6485,UP,0.931,0.0,0.0,0.0,2.8241,0.0,2.4153,3.0197,0.0,yfinance,5.0
2026-09-13 23:04:54,2026-03-19,Newark_DE,v1.4-Finlight-Newark-Ridge,DAILY_BATCH,,3.0004,2.7535,DOWN,3.6771,UP,0.9236,0.0,0.0,0.0,3.0004,0.0,2.4513,3.0557,0.0,yfinance,5.0
2026-09-13 23:04:54,2026-03-20,Newark_DE,v1.4-Finlight-Newark-Ridge,DAILY_BATCH,,3.0772,2.7895,DOWN,3.8362,UP,1.0467,0.0,0.0,0.0,3.0772,0.0,2.4872,3.0917,0.0,yfinance,5.0
2026-09-13 23:04:54,2026-03-23,Newark_DE,v1.4-Finlight-Newark-Ridge,DAILY_BATCH,,3.0361,2.9396,DOWN,3.5249,UP,0.5853,0.0,0.0,0.0,3.0361,0.0,2.6374,3.2419,0.0,yfinance,5.0
2026-09-13 23:04:54,2026-03-24,Newark_DE,v1.4-Finlight-Newark-Ridge,DAILY_BATCH,,3.1592,3.0741,DOWN,3.698,UP,0.6239,0.0,0.0,0.0,3.1592,0.0,2.7719,3.3763,0.0,yfinance,5.0
2026-09-13 23:04:54,2026-03-25,Newark_DE,v1.4-Finlight-Newark-Ridge,DAILY_BATCH,,3.1343,3.052,DOWN,3.5624,UP,0.5104,0.0,0.0,0.0,3.1343,0.0,2.7497,3.3542,0.0,yfinance,5.0
2026-09-13 23:04:54,2026-03-26,Newark_DE,v1.4-Finlight-Newark-Ridge,DAILY_BATCH,,3.1629,3.1089,DOWN,3.6802,UP,0.5713,0.0,0.0,0.0,3.1629,0.0,2.8066,3.4111,0.0,yfinance,5.0
2026-09-13 23:04:54,2026-03-27,Newark_DE,v1.4-Finlight-Newark-Ridge,DAILY_BATCH,,3.322,3.2236,DOWN,3.8001,UP,0.5765,0.0,0.0,0.0,3.322,0.0,2.9214,3.5259,0.0,yfinance,5.0
2026-09-13 23:04:54,2026-03-30,Newark_DE,v1.4-Finlight-Newark-Ridge,DAILY_BATCH,,3.0107,3.1052,UP,3.9015,UP,0.7963,1.0,0.0,0.0,3.0107,0.0,2.803,3.4075,0.0,yfinance,5.0
2026-09-13 23:04:54,2026-03-31,Newark_DE,v1.4-Finlight-Newark-Ridge,DAILY_BATCH,,3.1838,3.1705,DOWN,3.8623,UP,0.6918,0.0,0.0,0.0,3.1838,0.0,2.8683,3.4728,0.0,yfinance,5.0
2026-09-13 23:04:54,2026-04-01,Newark_DE,v1.4-Finlight-Newark-Ridge,DAILY_BATCH,,3.0482,3.128,UP,3.6414,UP,0.5134,1.0,0.0,0.0,3.0482,0.0,2.8258,3.4302,0.0,yfinance,5.0
2026-09-13 23:04:54,2026-04-02,Newark_DE,v1.4-Finlight-Newark-Ridge,DAILY_BATCH,,3.166,3.2913,UP,3.838,UP,0.5467,1.0,0.0,0.0,3.166,0.0,2.989,3.5935,0.0,yfinance,5.0
2026-09-13 23:04:54,2026-04-03,Newark_DE,v1.4-Finlight-Newark-Ridge,DAILY_BATCH,,3.2859,3.3407,UP,,,,,0.0,0.0,3.2859,0.0,3.0385,3.643,,yfinance,5.0
2026-09-13 23:04:54,2026-04-06,Newark_DE,v1.4-Finlight-Newark-Ridge,DAILY_BATCH,,3.3873,3.335,DOWN,3.8582,UP,0.5232,0.0,0.0,0.0,3.3873,0.0,3.0328,3.6372,0.0,yfinance,5.0
2026-09-13 23:04:54,2026-04-07,Newark_DE,v1.4-Finlight-Newark-Ridge,DAILY_BATCH,,3.3481,3.3339,DOWN,3.8552,UP,0.5213,0.0,0.0,0.0,3.3481,0.0,3.0316,3.6361,0.0,yfinance,5.0
2026-09-13 23:04:54,2026-04-08,Newark_DE,v1.4-Finlight-Newark-Ridge,DAILY_BATCH,,3.1272,3.1989,UP,3.5559,UP,0.357,1.0,0.0,0.0,3.1272,0.0,2.8967,3.5011,0.0,yfinance,5.0
2026-09-13 23:04:54,2026-04-09,Newark_DE,v1.4-Finlight-Newark-Ridge,DAILY_BATCH,,3.3238,3.3291,UP,3.5507,UP,0.2216,1.0,0.0,0.0,3.3238,0.0,3.0268,3.6313,1.0,yfinance,5.0
2026-09-13 23:04:54,2026-04-13,Newark_DE,v1.4-Finlight-Newark-Ridge,DAILY_BATCH,,3.344,3.4234,UP,3.666,UP,0.2426,1.0,0.0,0.0,3.344,0.0,3.1211,3.7256,1.0,yfinance,5.0
2026-09-13 23:04:54,2026-04-14,Newark_DE,v1.4-Finlight-Newark-Ridge,DAILY_BATCH,,3.341,3.3958,UP,3.5895,UP,0.1937,1.0,0.0,0.0,3.341,0.0,3.0936,3.698,1.0,yfinance,5.0
2026-09-13 23:04:54,2026-04-15,Newark_DE,v1.4-Finlight-Newark-Ridge,DAILY_BATCH,,3.0417,3.2061,UP,3.6192,UP,0.4131,1.0,0.0,0.0,3.0417,0.0,2.9039,3.5084,0.0,yfinance,5.0
2026-09-13 23:04:54,2026-04-16,Newark_DE,v1.4-Finlight-Newark-Ridge,DAILY_BATCH,,3.0365,3.1443,UP,3.7137,UP,0.5694,1.0,0.0,0.0,3.0365,0.0,2.8421,3.4466,0.0,yfinance,5.0
2026-09-13 23:04:54,2026-04-17,Newark_DE,v1.4-Finlight-Newark-Ridge,DAILY_BATCH,,3.0731,3.2076,UP,3.5548,UP,0.3472,1.0,0.0,0.0,3.0731,0.0,2.9053,3.5098,0.0,yfinance,5.0
2026-09-13 23:04:54,2026-04-20,Newark_DE,v1.4-Finlight-Newark-Ridge,DAILY_BATCH,,3.1518,3.2724,UP,3.6668,UP,0.3944,1.0,0.0,0.0,3.1518,0.0,2.9702,3.5747,0.0,yfinance,5.0
2026-09-13 23:04:54,2026-04-21,Newark_DE,v1.4-Finlight-Newark-Ridge,DAILY_BATCH,,3.0753,3.2205,UP,3.7598,UP,0.5393,1.0,0.0,0.0,3.0753,0.0,2.9183,3.5227,0.0,yfinance,5.0
2026-09-13 23:04:54,2026-04-22,Newark_DE,v1.4-Finlight-Newark-Ridge,DAILY_BATCH,,3.105,3.1944,UP,3.9079,UP,0.7135,1.0,0.0,0.0,3.105,0.0,2.8922,3.4966,0.0,yfinance,5.0
2026-09-13 23:04:54,2026-04-23,Newark_DE,v1.4-Finlight-Newark-Ridge,DAILY_BATCH,,3.1995,3.2013,UP,4.0121,UP,0.8108,1.0,0.0,0.0,3.1995,0.0,2.8991,3.5036,0.0,yfinance,5.0
2026-09-13 23:04:54,2026-04-24,Newark_DE,v1.4-Finlight-Newark-Ridge,DAILY_BATCH,,3.0406,3.1484,UP,4.0126,UP,0.8642,1.0,0.0,0.0,3.0406,0.0,2.8462,3.4506,0.0,yfinance,5.0
2026-09-13 23:04:54,2026-04-27,Newark_DE,v1.4-Finlight-Newark-Ridge,DAILY_BATCH,,3.1526,3.2403,UP,4.041,UP,0.8007,1.0,0.0,0.0,3.1526,0.0,2.9381,3.5425,0.0,yfinance,5.0
2026-09-13 23:04:54,2026-04-28,Newark_DE,v1.4-Finlight-Newark-Ridge,DAILY_BATCH,,3.2456,3.2825,UP,4.1104,UP,0.8279,1.0,0.0,0.0,3.2456,0.0,2.9803,3.5847,0.0,yfinance,5.0
2026-09-13 23:04:54,2026-04-29,Newark_DE,v1.4-Finlight-Newark-Ridge,DAILY_BATCH,,3.3937,3.34,DOWN,4.2911,UP,0.9511,0.0,0.0,0.0,3.3937,0.0,3.0378,3.6423,0.0,yfinance,5.0
2026-09-13 23:04:54,2026-04-30,Newark_DE,v1.4-Finlight-Newark-Ridge,DAILY_BATCH,,3.4979,3.3771,DOWN,4.3215,UP,0.9444,0.0,0.0,0.0,3.4979,0.0,3.0748,3.6793,0.0,yfinance,5.0
2026-09-13 23:04:54,2026-05-01,Newark_DE,v1.4-Finlight-Newark-Ridge,DAILY_BATCH,,3.4984,3.3951,DOWN,4.1452,UP,0.7501,0.0,0.0,0.0,3.4984,0.0,3.0928,3.6973,0.0,yfinance,5.0
2026-09-13 23:04:54,2026-05-04,Newark_DE,v1.4-Finlight-Newark-Ridge,DAILY_BATCH,,3.5268,3.4482,DOWN,4.2882,UP,0.84,0.0,0.0,0.0,3.5268,0.0,3.146,3.7504,0.0,yfinance,5.0
2026-09-13 23:04:54,2026-05-05,Newark_DE,v1.4-Finlight-Newark-Ridge,DAILY_BATCH,,3.5962,3.4326,DOWN,4.1706,UP,0.738,0.0,0.0,0.0,3.5962,0.0,3.1304,3.7349,0.0,yfinance,5.0
2026-09-13 23:04:54,2026-05-06,Newark_DE,v1.4-Finlight-Newark-Ridge,DAILY_BATCH,,3.7769,3.5564,DOWN,4.0093,UP,0.4529,0.0,0.0,0.0,3.7769,0.0,3.2541,3.8586,0.0,yfinance,5.0
2026-09-13 23:04:54,2026-05-07,Newark_DE,v1.4-Finlight-Newark-Ridge,DAILY_BATCH,,3.8073,3.6317,DOWN,4.006,UP,0.3743,0.0,0.0,0.0,3.8073,0.0,3.3295,3.9339,0.0,yfinance,5.0
2026-09-13 23:04:54,2026-05-08,Newark_DE,v1.4-Finlight-Newark-Ridge,DAILY_BATCH,,3.631,3.5467,DOWN,4.0767,UP,0.53,0.0,0.0,0.0,3.631,0.0,3.2445,3.8489,0.0,yfinance,5.0
2026-09-13 23:04:54,2026-05-11,Newark_DE,v1.4-Finlight-Newark-Ridge,DAILY_BATCH,,3.774,3.6422,DOWN,4.1498,UP,0.5076,0.0,0.0,0.0,3.774,0.0,3.3399,3.9444,0.0,yfinance,5.0
2026-09-13 23:04:54,2026-05-12,Newark_DE,v1.4-Finlight-Newark-Ridge,DAILY_BATCH,,3.6564,3.617,DOWN,4.2477,UP,0.6307,0.0,0.0,0.0,3.6564,0.0,3.3148,3.9192,0.0,yfinance,5.0
2026-09-13 23:04:54,2026-05-13,Newark_DE,v1.4-Finlight-Newark-Ridge,DAILY_BATCH,,3.4951,3.5902,UP,4.1687,UP,0.5785,1.0,0.0,0.0,3.4951,0.0,3.288,3.8925,0.0,yfinance,5.0
2026-09-13 23:04:54,2026-05-14,Newark_DE,v1.4-Finlight-Newark-Ridge,DAILY_BATCH,,3.4918,3.5837,UP,4.1557,UP,0.572,1.0,0.0,0.0,3.4918,0.0,3.2815,3.8859,0.0,yfinance,5.0
2026-09-13 23:04:54,2026-05-15,Newark_DE,v1.4-Finlight-Newark-Ridge,DAILY_BATCH,,3.5625,3.6494,UP,4.2519,UP,0.6025,1.0,0.0,0.0,3.5625,0.0,3.3471,3.9516,0.0,yfinance,5.0
2026-09-13 23:04:54,2026-05-18,Newark_DE,v1.4-Finlight-Newark-Ridge,DAILY_BATCH,,3.6356,3.6728,UP,4.3107,UP,0.6379,1.0,0.0,0.0,3.6356,0.0,3.3706,3.9751,0.0,yfinance,5.0
2026-09-13 23:04:54,2026-05-19,Newark_DE,v1.4-Finlight-Newark-Ridge,DAILY_BATCH,,3.7335,3.7062,DOWN,4.2462,UP,0.54,0.0,0.0,0.0,3.7335,0.0,3.4039,4.0084,0.0,yfinance,5.0
2026-09-13 23:04:54,2026-05-20,Newark_DE,v1.4-Finlight-Newark-Ridge,DAILY_BATCH,,3.6545,3.6729,UP,4.0374,UP,0.3645,1.0,0.0,0.0,3.6545,0.0,3.3707,3.9751,0.0,yfinance,5.0
2026-09-13 23:04:54,2026-05-21,Newark_DE,v1.4-Finlight-Newark-Ridge,DAILY_BATCH,,3.6415,3.6877,UP,3.9296,UP,0.2419,1.0,0.0,0.0,3.6415,0.0,3.3855,3.9899,1.0,yfinance,5.0
2026-09-13 23:04:54,2026-05-22,Newark_DE,v1.4-Finlight-Newark-Ridge,DAILY_BATCH,,3.7377,3.7147,DOWN,4.0039,UP,0.2892,0.0,0.0,0.0,3.7377,0.0,3.4125,4.017,1.0,yfinance,5.0
2026-09-13 23:04:54,2026-05-25,Newark_DE,v1.4-Finlight-Newark-Ridge,DAILY_BATCH,,3.7965,3.7568,DOWN,,,,,0.0,0.0,3.7965,0.0,3.4546,4.0591,,yfinance,5.0
2026-09-13 23:04:54,2026-05-26,Newark_DE,v1.4-Finlight-Newark-Ridge,DAILY_BATCH,,3.732,3.7291,DOWN,3.7705,UP,0.0414,0.0,0.0,0.0,3.732,0.0,3.4269,4.0313,1.0,yfinance,5.0
2026-09-13 23:04:54,2026-05-27,Newark_DE,v1.4-Finlight-Newark-Ridge,DAILY_BATCH,,3.5232,3.5411,UP,3.6837,UP,0.1426,1.0,0.0,0.0,3.5232,0.0,3.2388,3.8433,1.0,yfinance,5.0
2026-09-13 23:04:54,2026-05-28,Newark_DE,v1.4-Finlight-Newark-Ridge,DAILY_BATCH,,3.4154,3.4246,UP,3.7352,UP,0.3106,1.0,0.0,0.0,3.4154,0.0,3.1224,3.7269,0.0,yfinance,5.0
2026-09-13 23:04:54,2026-05-29,Newark_DE,v1.4-Finlight-Newark-Ridge,DAILY_BATCH,,3.4897,3.519,UP,3.6767,UP,0.1577,1.0,0.0,0.0,3.4897,0.0,3.2168,3.8213,1.0,yfinance,5.0
2026-09-13 23:04:54,2026-06-02,Newark_DE,v1.4-Finlight-Newark-Ridge,DAILY_BATCH,,3.2563,3.3647,UP,3.6943,UP,0.3296,1.0,0.0,0.0,3.2563,0.0,3.0624,3.6669,0.0,yfinance,5.0
2026-09-13 23:04:54,2026-06-03,Newark_DE,v1.4-Finlight-Newark-Ridge,DAILY_BATCH,,3.1695,3.3147,UP,3.6816,UP,0.3669,1.0,0.0,0.0,3.1695,0.0,3.0125,3.617,0.0,yfinance,5.0
2026-09-13 23:04:54,2026-06-04,Newark_DE,v1.4-Finlight-Newark-Ridge,DAILY_BATCH,,3.221,3.3039,UP,3.5883,UP,0.2844,1.0,0.0,0.0,3.221,0.0,3.0017,3.6061,1.0,yfinance,5.0
2026-09-13 23:04:54,2026-06-05,Newark_DE,v1.4-Finlight-Newark-Ridge,DAILY_BATCH,,3.1625,3.2845,UP,3.5959,UP,0.3114,1.0,0.0,0.0,3.1625,0.0,2.9822,3.5867,0.0,yfinance,5.0
2026-09-13 23:04:54,2026-06-08,Newark_DE,v1.4-Finlight-Newark-Ridge,DAILY_BATCH,,3.1205,3.2363,UP,3.6206,UP,0.3843,1.0,0.0,0.0,3.1205,0.0,2.9341,3.5385,0.0,yfinance,5.0
2026-09-13 23:04:54,2026-06-09,Newark_DE,v1.4-Finlight-Newark-Ridge,DAILY_BATCH,,3.1801,3.2588,UP,3.5711,UP,0.3123,1.0,0.0,0.0,3.1801,0.0,2.9566,3.5611,0.0,yfinance,5.0
2026-09-13 23:04:54,2026-06-10,Newark_DE,v1.4-Finlight-Newark-Ridge,DAILY_BATCH,,3.1674,3.2101,UP,3.6599,UP,0.4498,1.0,0.0,0.0,3.1674,0.0,2.9079,3.5123,0.0,yfinance,5.0
2026-09-13 23:04:54,2026-06-11,Newark_DE,v1.4-Finlight-Newark-Ridge,DAILY_BATCH,,3.0741,3.1315,UP,3.6514,UP,0.5199,1.0,0.0,0.0,3.0741,0.0,2.8292,3.4337,0.0,yfinance,5.0
2026-09-13 23:04:54,2026-06-12,Newark_DE,v1.4-Finlight-Newark-Ridge,DAILY_BATCH,,3.0817,3.1175,UP,3.5998,UP,0.4823,1.0,0.0,0.0,3.0817,0.0,2.8153,3.4197,0.0,yfinance,5.0
2026-09-13 23:04:54,2026-06-15,Newark_DE,v1.4-Finlight-Newark-Ridge,DAILY_BATCH,,3.1064,3.145,UP,3.4972,UP,0.3522,1.0,0.0,0.0,3.1064,0.0,2.8427,3.4472,0.0,yfinance,5.0
2026-09-13 23:04:54,2026-06-16,Newark_DE,v1.4-Finlight-Newark-Ridge,DAILY_BATCH,,3.0569,3.0868,UP,3.4305,UP,0.3437,1.0,0.0,0.0,3.0569,0.0,2.7846,3.389,0.0,yfinance,5.0
2026-09-13 23:04:54,2026-06-17,Newark_DE,v1.4-Finlight-Newark-Ridge,DAILY_BATCH,,3.1457,3.138,DOWN,3.4596,UP,0.3216,0.0,0.0,0.0,3.1457,0.0,2.8357,3.4402,0.0,yfinance,5.0
2026-09-13 23:04:54,2026-06-18,Newark_DE,v1.4-Finlight-Newark-Ridge,DAILY_BATCH,,3.1372,3.1305,DOWN,3.5449,UP,0.4144,0.0,0.0,0.0,3.1372,0.0,2.8283,3.4328,0.0,yfinance,5.0
2026-09-13 23:04:54,2026-06-19,Newark_DE,v1.4-Finlight-Newark-Ridge,DAILY_BATCH,,3.0856,3.0804,DOWN,,,,,0.0,0.0,3.0856,0.0,2.7781,3.3826,,yfinance,5.0
2026-09-13 23:04:54,2026-06-22,Newark_DE,v1.4-Finlight-Newark-Ridge,DAILY_BATCH,,2.983,2.9688,DOWN,3.537,UP,0.5682,0.0,0.0,0.0,2.983,0.0,2.6665,3.271,0.0,yfinance,5.0
2026-09-13 23:04:54,2026-06-23,Newark_DE,v1.4-Finlight-Newark-Ridge,DAILY_BATCH,,2.9163,2.9484,UP,3.509,UP,0.5606,1.0,0.0,0.0,2.9163,0.0,2.6462,3.2507,0.0,yfinance,5.0
2026-09-13 23:04:54,2026-06-24,Newark_DE,v1.4-Finlight-Newark-Ridge,DAILY_BATCH,,2.9454,2.976,UP,3.4318,UP,0.4558,1.0,0.0,0.0,2.9454,0.0,2.6738,3.2782,0.0,yfinance,5.0
2026-09-13 23:04:54,2026-06-25,Newark_DE,v1.4-Finlight-Newark-Ridge,DAILY_BATCH,,3.0307,3.0605,UP,3.5773,UP,0.5168,1.0,0.0,0.0,3.0307,0.0,2.7582,3.3627,0.0,yfinance,5.0
2026-09-13 23:04:54,2026-06-29,Newark_DE,v1.4-Finlight-Newark-Ridge,DAILY_BATCH,,3.0228,3.0428,UP,3.6114,UP,0.5686,1.0,0.0,0.0,3.0228,0.0,2.7406,3.345,0.0,yfinance,5.0
2026-09-13 23:04:54,2026-06-30,Newark_DE,v1.4-Finlight-Newark-Ridge,DAILY_BATCH,,2.9948,2.9972,UP,3.5644,UP,0.5672,1.0,0.0,0.0,2.9948,0.0,2.695,3.2995,0.0,yfinance,5.0
2026-09-13 23:04:54,2026-07-01,Newark_DE,v1.4-Finlight-Newark-Ridge,DAILY_BATCH,,2.9176,2.9147,DOWN,3.4952,UP,0.5805,0.0,0.0,0.0,2.9176,0.0,2.6125,3.217,0.0,yfinance,5.0
2026-09-13 23:04:54,2026-07-02,Newark_DE,v1.4-Finlight-Newark-Ridge,DAILY_BATCH,,3.0631,3.0696,UP,3.4673,UP,0.3977,1.0,0.0,0.0,3.0631,0.0,2.7674,3.3719,0.0,yfinance,5.0
2026-09-13 23:04:54,2026-07-03,Newark_DE,v1.4-Finlight-Newark-Ridge,DAILY_BATCH,,2.9929,3.019,UP,,,,,0.0,0.0,2.9929,0.0,2.7167,3.3212,,yfinance,5.0
2026-09-13 23:04:54,2026-07-06,Newark_DE,v1.4-Finlight-Newark-Ridge,DAILY_BATCH,,3.0972,3.1133,UP,3.5533,UP,0.44,1.0,0.0,0.0,3.0972,0.0,2.811,3.4155,0.0,yfinance,5.0
2026-09-13 23:04:54,2026-07-07,Newark_DE,v1.4-Finlight-Newark-Ridge,DAILY_BATCH,,3.0502,3.0376,DOWN,3.5039,UP,0.4663,0.0,0.0,0.0,3.0502,0.0,2.7354,3.3399,0.0,yfinance,5.0
2026-09-13 23:04:54,2026-07-08,Newark_DE,v1.4-Finlight-Newark-Ridge,DAILY_BATCH,,2.981,2.961,DOWN,3.6534,UP,0.6924,0.0,0.0,0.0,2.981,0.0,2.6588,3.2633,0.0,yfinance,5.0
2026-09-13 23:04:54,2026-07-09,Newark_DE,v1.4-Finlight-Newark-Ridge,DAILY_BATCH,,2.9531,2.9449,DOWN,3.5887,UP,0.6438,0.0,0.0,0.0,2.9531,0.0,2.6427,3.2472,0.0,yfinance,5.0
2026-09-13 23:04:54,2026-07-13,Newark_DE,v1.4-Finlight-Newark-Ridge,DAILY_BATCH,,3.0391,3.0612,UP,3.7163,UP,0.6551,1.0,0.0,0.0,3.0391,0.0,2.759,3.3634,0.0,yfinance,5.0
2026-09-13 23:04:54,2026-07-14,Newark_DE,v1.4-Finlight-Newark-Ridge,DAILY_BATCH,,2.9897,3.0149,UP,3.7773,UP,0.7624,1.0,0.0,0.0,2.9897,0.0,2.7127,3.3172,0.0,yfinance,5.0
2026-09-13 23:04:54,2026-07-15,Newark_DE,v1.4-Finlight-Newark-Ridge,DAILY_BATCH,,3.1392,3.1378,DOWN,3.8509,UP,0.7131,0.0,0.0,0.0,3.1392,0.0,2.8356,3.44,0.0,yfinance,5.0
2026-09-13 23:04:54,2026-07-16,Newark_DE,v1.4-Finlight-Newark-Ridge,DAILY_BATCH,,3.0745,3.0612,DOWN,3.8347,UP,0.7735,0.0,0.0,0.0,3.0745,0.0,2.759,3.3635,0.0,yfinance,5.0
2026-09-13 23:04:54,2026-07-17,Newark_DE,v1.4-Finlight-Newark-Ridge,DAILY_BATCH,,3.0204,3.0396,UP,3.9427,UP,0.9031,1.0,0.0,0.0,3.0204,0.0,2.7374,3.3418,0.0,yfinance,5.0
2026-09-13 23:04:54,2026-07-20,Newark_DE,v1.4-Finlight-Newark-Ridge,DAILY_BATCH,,3.2021,3.1967,DOWN,3.939,UP,0.7423,0.0,0.0,0.0,3.2021,0.0,2.8944,3.4989,0.0,yfinance,5.0
2026-09-13 23:04:54,2026-07-21,Newark_DE,v1.4-Finlight-Newark-Ridge,DAILY_BATCH,,3.2631,3.2461,DOWN,3.9559,UP,0.7098,0.0,0.0,0.0,3.2631,0.0,2.9438,3.5483,0.0,yfinance,5.0
2026-09-13 23:04:54,2026-07-22,Newark_DE,v1.4-Finlight-Newark-Ridge,DAILY_BATCH,,3.3367,3.261,DOWN,3.9647,UP,0.7037,0.0,0.0,0.0,3.3367,0.0,2.9588,3.5632,0.0,yfinance,5.0
2026-09-13 23:04:54,2026-07-23,Newark_DE,v1.4-Finlight-Newark-Ridge,DAILY_BATCH,,3.3205,3.2522,DOWN,4.0464,UP,0.7942,0.0,0.0,0.0,3.3205,0.0,2.9499,3.5544,0.0,yfinance,5.0
2026-09-13 23:04:54,2026-07-24,Newark_DE,v1.4-Finlight-Newark-Ridge,DAILY_BATCH,,3.4285,3.3126,DOWN,3.9459,UP,0.6333,0.0,0.0,0.0,3.4285,0.0,3.0104,3.6149,0.0,yfinance,5.0
2026-09-13 23:04:54,2026-07-27,Newark_DE,v1.4-Finlight-Newark-Ridge,DAILY_BATCH,,3.4248,3.3319,DOWN,3.8773,UP,0.5454,0.0,0.0,0.0,3.4248,0.0,3.0296,3.6341,0.0,yfinance,5.0
2026-09-13 23:04:54,2026-07-28,Newark_DE,v1.4-Finlight-Newark-Ridge,DAILY_BATCH,,3.4417,3.3357,DOWN,3.8845,UP,0.5488,0.0,0.0,0.0,3.4417,0.0,3.0335,3.638,0.0,yfinance,5.0
2026-09-13 23:04:54,2026-07-29,Newark_DE,v1.4-Finlight-Newark-Ridge,DAILY_BATCH,,3.4505,3.3891,DOWN,3.9478,UP,0.5587,0.0,0.0,0.0,3.4505,0.0,3.0869,3.6913,0.0,yfinance,5.0
2026-09-13 23:04:54,2026-07-30,Newark_DE,v1.4-Finlight-Newark-Ridge,DAILY_BATCH,,3.5322,3.4142,DOWN,3.8347,UP,0.4205,0.0,0.0,0.0,3.5322,0.0,3.112,3.7165,0.0,yfinance,5.0
2026-09-13 23:04:54,2026-07-31,Newark_DE,v1.4-Finlight-Newark-Ridge,DAILY_BATCH,,3.4317,3.3538,DOWN,3.7716,UP,0.4178,0.0,0.0,0.0,3.4317,0.0,3.0515,3.656,0.0,yfinance,5.0
2026-09-13 23:04:54,2026-08-03,Newark_DE,v1.4-Finlight-Newark-Ridge,DAILY_BATCH,,3.3631,3.3489,DOWN,3.5167,UP,0.1678,0.0,0.0,0.0,3.3631,0.0,3.0467,3.6511,1.0,yfinance,5.0
2026-09-13 23:04:54,2026-08-04,Newark_DE,v1.4-Finlight-Newark-Ridge,DAILY_BATCH,,3.3703,3.3732,UP,3.4022,UP,0.029,1.0,0.0,0.0,3.3703,0.0,3.071,3.6755,1.0,yfinance,5.0
2026-09-13 23:04:54,2026-08-05,Newark_DE,v1.4-Finlight-Newark-Ridge,DAILY_BATCH,,3.4336,3.4314,DOWN,3.3888,DOWN,0.0426,1.0,0.0,0.0,3.4336,0.0,3.1292,3.7337,1.0,yfinance,5.0
2026-09-13 23:04:54,2026-08-06,Newark_DE,v1.4-Finlight-Newark-Ridge,DAILY_BATCH,,3.3205,3.3467,UP,3.4885,UP,0.1418,1.0,0.0,0.0,3.3205,0.0,3.0444,3.6489,1.0,yfinance,5.0
2026-09-13 23:04:54,2026-08-07,Newark_DE,v1.4-Finlight-Newark-Ridge,DAILY_BATCH,,3.2574,3.2729,UP,3.5353,UP,0.2624,1.0,0.0,0.0,3.2574,0.0,2.9706,3.5751,1.0,yfinance,5.0
2026-09-13 23:04:54,2026-08-10,Newark_DE,v1.4-Finlight-Newark-Ridge,DAILY_BATCH,,3.0025,3.0536,UP,3.6854,UP,0.6318,1.0,0.0,0.0,3.0025,0.0,2.7514,3.3558,0.0,yfinance,5.0
2026-09-13 23:04:54,2026-08-11,Newark_DE,v1.4-Finlight-Newark-Ridge,DAILY_BATCH,,2.888,2.9665,UP,3.6866,UP,0.7201,1.0,0.0,0.0,2.888,0.0,2.6643,3.2688,0.0,yfinance,5.0
2026-09-13 23:04:54,2026-08-12,Newark_DE,v1.4-Finlight-Newark-Ridge,DAILY_BATCH,,2.8746,2.9877,UP,3.7037,UP,0.716,1.0,0.0,0.0,2.8746,0.0,2.6855,3.29,0.0,yfinance,5.0
2026-09-13 23:04:54,2026-08-13,Newark_DE,v1.4-Finlight-Newark-Ridge,DAILY_BATCH,,2.9743,3.0994,UP,3.678,UP,0.5786,1.0,0.0,0.0,2.9743,0.0,2.7972,3.4017,0.0,yfinance,5.0
2026-09-13 23:04:54,2026-08-14,Newark_DE,v1.4-Finlight-Newark-Ridge,DAILY_BATCH,,3.0211,3.057,UP,3.7341,UP,0.6771,1.0,0.0,0.0,3.0211,0.0,2.7547,3.3592,0.0,yfinance,5.0
2026-09-13 23:04:54,2026-08-17,Newark_DE,v1.4-Finlight-Newark-Ridge,DAILY_BATCH,,3.1712,3.0971,DOWN,3.8201,UP,0.723,0.0,0.0,0.0,3.1712,0.0,2.7949,3.3993,0.0,yfinance,5.0
2026-09-13 23:04:54,2026-08-18,Newark_DE,v1.4-Finlight-Newark-Ridge,DAILY_BATCH,,3.1724,3.0943,DOWN,3.8517,UP,0.7574,0.0,0.0,0.0,3.1724,0.0,2.792,3.3965,0.0,yfinance,5.0
2026-09-13 23:04:54,2026-08-19,Newark_DE,v1.4-Finlight-Newark-Ridge,DAILY_BATCH,,3.1895,3.1503,DOWN,3.8051,UP,0.6548,0.0,0.0,0.0,3.1895,0.0,2.848,3.4525,0.0,yfinance,5.0
2026-09-13 23:04:54,2026-08-20,Newark_DE,v1.4-Finlight-Newark-Ridge,DAILY_BATCH,,3.1638,3.1187,DOWN,3.8129,UP,0.6942,0.0,0.0,0.0,3.1638,0.0,2.8165,3.4209,0.0,yfinance,5.0
2026-09-13 23:04:54,2026-08-21,Newark_DE,v1.4-Finlight-Newark-Ridge,DAILY_BATCH,,3.2199,3.1546,DOWN,3.8979,UP,0.7433,0.0,0.0,0.0,3.2199,0.0,2.8523,3.4568,0.0,yfinance,5.0
2026-09-13 23:04:54,2026-08-24,Newark_DE,v1.4-Finlight-Newark-Ridge,DAILY_BATCH,,3.3059,3.1743,DOWN,3.8208,UP,0.6465,0.0,0.0,0.0,3.3059,0.0,2.8721,3.4765,0.0,yfinance,5.0
2026-09-13 23:04:54,2026-08-25,Newark_DE,v1.4-Finlight-Newark-Ridge,DAILY_BATCH,,3.3375,3.2116,DOWN,3.8029,UP,0.5913,0.0,0.0,0.0,3.3375,0.0,2.9094,3.5138,0.0,yfinance,5.0
2026-09-13 23:04:54,2026-08-26,Newark_DE,v1.4-Finlight-Newark-Ridge,DAILY_BATCH,,3.2909,3.1669,DOWN,3.8701,UP,0.7032,0.0,0.0,0.0,3.2909,0.0,2.8647,3.4691,0.0,yfinance,5.0
2026-09-13 23:04:54,2026-08-27,Newark_DE,v1.4-Finlight-Newark-Ridge,DAILY_BATCH,,3.2987,3.1825,DOWN,3.9342,UP,0.7517,0.0,0.0,0.0,3.2987,0.0,2.8803,3.4847,0.0,yfinance,5.0
2026-09-13 23:04:54,2026-08-28,Newark_DE,v1.4-Finlight-Newark-Ridge,DAILY_BATCH,,3.3837,3.2329,DOWN,4.0399,UP,0.807,0.0,0.0,0.0,3.3837,0.0,2.9307,3.5351,0.0,yfinance,5.0
2026-09-13 23:04:54,2026-08-31,Newark_DE,v1.4-Finlight-Newark-Ridge,DAILY_BATCH,,3.3066,3.2337,DOWN,3.987,UP,0.7533,0.0,0.0,0.0,3.3066,0.0,2.9315,3.536,0.0,yfinance,5.0
2026-09-13 23:04:54,2026-09-01,Newark_DE,v1.4-Finlight-Newark-Ridge,DAILY_BATCH,,3.2887,3.2593,DOWN,3.6851,UP,0.4258,0.0,0.0,0.0,3.2887,0.0,2.957,3.5615,0.0,yfinance,5.0
2026-09-13 23:04:54,2026-09-02,Newark_DE,v1.4-Finlight-Newark-Ridge,DAILY_BATCH,,3.3559,3.3117,DOWN,3.6538,UP,0.3421,0.0,0.0,0.0,3.3559,0.0,3.0095,3.6139,0.0,yfinance,5.0
2026-09-13 23:04:54,2026-09-03,Newark_DE,v1.4-Finlight-Newark-Ridge,DAILY_BATCH,,3.42,3.3679,DOWN,3.6849,UP,0.317,0.0,0.0,0.0,3.42,0.0,3.0656,3.6701,0.0,yfinance,5.0
2026-09-13 23:04:54,2026-09-04,Newark_DE,v1.4-Finlight-Newark-Ridge,DAILY_BATCH,,3.5257,3.4189,DOWN,3.7646,UP,0.3457,0.0,0.0,0.0,3.5257,0.0,3.1167,3.7212,0.0,yfinance,5.0
2026-09-13 23:04:54,2026-09-07,Newark_DE,v1.4-Finlight-Newark-Ridge,DAILY_BATCH,,3.4728,3.4007,DOWN,,,,,0.0,0.0,3.4728,0.0,3.0984,3.7029,,yfinance,5.0
2026-09-13 23:04:54,2026-09-08,Newark_DE,v1.4-Finlight-Newark-Ridge,DAILY_BATCH,,3.1709,3.1421,DOWN,3.8025,UP,0.6604,0.0,0.0,0.0,3.1709,0.0,2.8399,3.4443,0.0,yfinance,5.0
2026-09-13 23:04:54,2026-09-09,Newark_DE,v1.4-Finlight-Newark-Ridge,DAILY_BATCH,,3.1396,3.0939,DOWN,3.7606,UP,0.6667,0.0,0.0,0.0,3.1396,0.0,2.7917,3.3962,0.0,yfinance,5.0
2026-09-13 23:04:54,2026-09-10,Newark_DE,v1.4-Finlight-Newark-Ridge,DAILY_BATCH,,3.1707,3.1417,DOWN,3.9432,UP,0.8015,0.0,0.0,0.0,3.1707,0.0,2.8394,3.4439,0.0,yfinance,5.0
2026-09-13 23:07:30,2026-09-18,Newark_DE,v1.4-Finlight-Newark-Ridge,DAILY_BATCH,,3.343,3.3121,DOWN,,,,,0.0,0.0,3.343,0.0,3.0208,3.6033,,yfinance,5.0
2026-09-13 23:08:02,2025-10-03,Cincinnati_OH,v1.4-Finlight-Cincinnati-Ridge,DAILY_BATCH,,2.8264,2.776,DOWN,2.4105,DOWN,0.3655,1.0,0.0,0.0,2.8264,0.0,2.4485,3.1036,0.0,yfinance,5.0
2026-09-13 23:08:02,2025-10-06,Cincinnati_OH,v1.4-Finlight-Cincinnati-Ridge,DAILY_BATCH,,2.7839,2.7597,DOWN,2.4516,DOWN,0.3081,1.0,0.0,0.0,2.7839,0.0,2.4322,3.0872,1.0,yfinance,5.0
2026-09-13 23:08:02,2025-10-07,Cincinnati_OH,v1.4-Finlight-Cincinnati-Ridge,DAILY_BATCH,,2.7617,2.7429,DOWN,2.4439,DOWN,0.299,1.0,0.0,0.0,2.7617,0.0,2.4154,3.0704,1.0,yfinance,5.0
2026-09-13 23:08:02,2025-10-08,Cincinnati_OH,v1.4-Finlight-Cincinnati-Ridge,DAILY_BATCH,,2.6747,2.5926,DOWN,2.4595,DOWN,0.1331,1.0,0.0,0.0,2.6747,0.0,2.2651,2.9202,1.0,yfinance,5.0
2026-09-13 23:08:02,2025-10-09,Cincinnati_OH,v1.4-Finlight-Cincinnati-Ridge,DAILY_BATCH,,2.6398,2.6077,DOWN,2.4326,DOWN,0.1751,1.0,0.0,0.0,2.6398,0.0,2.2802,2.9353,1.0,yfinance,5.0
2026-09-13 23:08:02,2025-10-10,Cincinnati_OH,v1.4-Finlight-Cincinnati-Ridge,DAILY_BATCH,,2.6493,2.6449,DOWN,2.3704,DOWN,0.2745,1.0,0.0,0.0,2.6493,0.0,2.3174,2.9724,1.0,yfinance,5.0
2026-09-13 23:08:02,2025-10-13,Cincinnati_OH,v1.4-Finlight-Cincinnati-Ridge,DAILY_BATCH,,2.6904,2.6961,UP,2.3938,DOWN,0.3023,0.0,0.0,0.0,2.6904,0.0,2.3686,3.0236,1.0,yfinance,5.0
2026-09-13 23:08:02,2025-10-14,Cincinnati_OH,v1.4-Finlight-Cincinnati-Ridge,DAILY_BATCH,,2.6827,2.6783,DOWN,2.3786,DOWN,0.2997,1.0,0.0,0.0,2.6827,0.0,2.3507,3.0058,1.0,yfinance,5.0
2026-09-13 23:08:02,2025-10-15,Cincinnati_OH,v1.4-Finlight-Cincinnati-Ridge,DAILY_BATCH,,2.6983,2.6945,DOWN,2.3844,DOWN,0.3101,1.0,0.0,0.0,2.6983,0.0,2.367,3.022,1.0,yfinance,5.0
2026-09-13 23:08:02,2025-10-16,Cincinnati_OH,v1.4-Finlight-Cincinnati-Ridge,DAILY_BATCH,,2.6714,2.685,UP,2.3617,DOWN,0.3233,0.0,0.0,0.0,2.6714,0.0,2.3575,3.0125,1.0,yfinance,5.0
2026-09-13 23:08:02,2025-10-17,Cincinnati_OH,v1.4-Finlight-Cincinnati-Ridge,DAILY_BATCH,,2.6092,2.6485,UP,2.3877,DOWN,0.2608,0.0,0.0,0.0,2.6092,0.0,2.321,2.9761,1.0,yfinance,5.0
2026-09-13 23:08:02,2025-10-20,Cincinnati_OH,v1.4-Finlight-Cincinnati-Ridge,DAILY_BATCH,,2.6326,2.6562,UP,2.3802,DOWN,0.276,0.0,0.0,0.0,2.6326,0.0,2.3287,2.9838,1.0,yfinance,5.0
2026-09-13 23:08:02,2025-10-21,Cincinnati_OH,v1.4-Finlight-Cincinnati-Ridge,DAILY_BATCH,,2.6174,2.6548,UP,2.3753,DOWN,0.2795,0.0,0.0,0.0,2.6174,0.0,2.3273,2.9823,1.0,yfinance,5.0
2026-09-13 23:08:02,2025-10-22,Cincinnati_OH,v1.4-Finlight-Cincinnati-Ridge,DAILY_BATCH,,2.6232,2.653,UP,2.415,DOWN,0.238,0.0,0.0,0.0,2.6232,0.0,2.3255,2.9805,1.0,yfinance,5.0
2026-09-13 23:08:02,2025-10-23,Cincinnati_OH,v1.4-Finlight-Cincinnati-Ridge,DAILY_BATCH,,2.6005,2.6189,UP,2.4769,DOWN,0.142,0.0,0.0,0.0,2.6005,0.0,2.2913,2.9464,1.0,yfinance,5.0
2026-09-13 23:08:02,2025-10-24,Cincinnati_OH,v1.4-Finlight-Cincinnati-Ridge,DAILY_BATCH,,2.6265,2.637,UP,2.4727,DOWN,0.1643,0.0,0.0,0.0,2.6265,0.0,2.3095,2.9645,1.0,yfinance,5.0
2026-09-13 23:08:02,2025-10-27,Cincinnati_OH,v1.4-Finlight-Cincinnati-Ridge,DAILY_BATCH,,2.619,2.641,UP,2.4704,DOWN,0.1706,0.0,0.0,0.0,2.619,0.0,2.3135,2.9685,1.0,yfinance,5.0
2026-09-13 23:08:02,2025-10-28,Cincinnati_OH,v1.4-Finlight-Cincinnati-Ridge,DAILY_BATCH,,2.6141,2.6293,UP,2.4752,DOWN,0.1541,0.0,0.0,0.0,2.6141,0.0,2.3018,2.9568,1.0,yfinance,5.0
2026-09-13 23:08:02,2025-10-29,Cincinnati_OH,v1.4-Finlight-Cincinnati-Ridge,DAILY_BATCH,,2.6538,2.6522,DOWN,2.5237,DOWN,0.1285,1.0,0.0,0.0,2.6538,0.0,2.3247,2.9797,1.0,yfinance,5.0
2026-09-13 23:08:02,2025-10-30,Cincinnati_OH,v1.4-Finlight-Cincinnati-Ridge,DAILY_BATCH,,2.7157,2.6899,DOWN,2.5534,DOWN,0.1365,1.0,0.0,0.0,2.7157,0.0,2.3624,3.0174,1.0,yfinance,5.0
2026-09-13 23:08:02,2025-10-31,Cincinnati_OH,v1.4-Finlight-Cincinnati-Ridge,DAILY_BATCH,,2.7115,2.6823,DOWN,2.5431,DOWN,0.1392,1.0,0.0,0.0,2.7115,0.0,2.3548,3.0098,1.0,yfinance,5.0
2026-09-13 23:08:02,2025-11-03,Cincinnati_OH,v1.4-Finlight-Cincinnati-Ridge,DAILY_BATCH,,2.7092,2.7086,DOWN,2.4661,DOWN,0.2425,1.0,0.0,0.0,2.7092,0.0,2.3811,3.0361,1.0,yfinance,5.0
2026-09-13 23:08:02,2025-11-04,Cincinnati_OH,v1.4-Finlight-Cincinnati-Ridge,DAILY_BATCH,,2.714,2.7239,UP,2.4728,DOWN,0.2511,0.0,0.0,0.0,2.714,0.0,2.3963,3.0514,1.0,yfinance,5.0
2026-09-13 23:08:02,2025-11-05,Cincinnati_OH,v1.4-Finlight-Cincinnati-Ridge,DAILY_BATCH,,2.7625,2.7655,UP,2.4593,DOWN,0.3062,0.0,0.0,0.0,2.7625,0.0,2.438,3.093,1.0,yfinance,5.0
2026-09-13 23:08:02,2025-11-06,Cincinnati_OH,v1.4-Finlight-Cincinnati-Ridge,DAILY_BATCH,,2.7922,2.7538,DOWN,2.5156,DOWN,0.2382,1.0,0.0,0.0,2.7922,0.0,2.4263,3.0813,1.0,yfinance,5.0
2026-09-13 23:08:02,2025-11-07,Cincinnati_OH,v1.4-Finlight-Cincinnati-Ridge,DAILY_BATCH,,2.7819,2.7636,DOWN,2.4903,DOWN,0.2733,1.0,0.0,0.0,2.7819,0.0,2.4361,3.0911,1.0,yfinance,5.0
2026-09-13 23:08:02,2025-11-10,Cincinnati_OH,v1.4-Finlight-Cincinnati-Ridge,DAILY_BATCH,,2.7049,2.6947,DOWN,2.5211,DOWN,0.1736,1.0,0.0,0.0,2.7049,0.0,2.3672,3.0222,1.0,yfinance,5.0
2026-09-13 23:08:02,2025-11-11,Cincinnati_OH,v1.4-Finlight-Cincinnati-Ridge,DAILY_BATCH,,2.7116,2.6996,DOWN,2.562,DOWN,0.1376,1.0,0.0,0.0,2.7116,0.0,2.3721,3.0271,1.0,yfinance,5.0
2026-09-13 23:08:02,2025-11-12,Cincinnati_OH,v1.4-Finlight-Cincinnati-Ridge,DAILY_BATCH,,2.6981,2.7078,UP,2.5054,DOWN,0.2024,0.0,0.0,0.0,2.6981,0.0,2.3803,3.0353,1.0,yfinance,5.0
2026-09-13 23:08:02,2025-11-13,Cincinnati_OH,v1.4-Finlight-Cincinnati-Ridge,DAILY_BATCH,,2.7544,2.8183,UP,2.5097,DOWN,0.3086,0.0,0.0,0.0,2.7544,0.0,2.4908,3.1458,1.0,yfinance,5.0
2026-09-13 23:08:02,2025-11-14,Cincinnati_OH,v1.4-Finlight-Cincinnati-Ridge,DAILY_BATCH,,2.7291,2.782,UP,2.5616,DOWN,0.2204,0.0,0.0,0.0,2.7291,0.0,2.4545,3.1095,1.0,yfinance,5.0
2026-09-13 23:08:02,2025-11-17,Cincinnati_OH,v1.4-Finlight-Cincinnati-Ridge,DAILY_BATCH,,2.7599,2.7855,UP,2.5401,DOWN,0.2454,0.0,0.0,0.0,2.7599,0.0,2.458,3.113,1.0,yfinance,5.0
2026-09-13 23:08:02,2025-11-18,Cincinnati_OH,v1.4-Finlight-Cincinnati-Ridge,DAILY_BATCH,,2.8008,2.8256,UP,2.5493,DOWN,0.2763,0.0,0.0,0.0,2.8008,0.0,2.4981,3.1531,1.0,yfinance,5.0
2026-09-13 23:08:02,2025-11-19,Cincinnati_OH,v1.4-Finlight-Cincinnati-Ridge,DAILY_BATCH,,2.7442,2.7772,UP,2.4821,DOWN,0.2951,0.0,0.0,0.0,2.7442,0.0,2.4496,3.1047,1.0,yfinance,5.0
2026-09-13 23:08:02,2025-11-20,Cincinnati_OH,v1.4-Finlight-Cincinnati-Ridge,DAILY_BATCH,,2.7485,2.7934,UP,2.4684,DOWN,0.325,0.0,0.0,0.0,2.7485,0.0,2.4658,3.1209,1.0,yfinance,5.0
2026-09-13 23:08:02,2025-11-21,Cincinnati_OH,v1.4-Finlight-Cincinnati-Ridge,DAILY_BATCH,,2.8004,2.8394,UP,2.4334,DOWN,0.406,0.0,0.0,0.0,2.8004,0.0,2.5119,3.1669,0.0,yfinance,5.0
2026-09-13 23:08:02,2025-11-24,Cincinnati_OH,v1.4-Finlight-Cincinnati-Ridge,DAILY_BATCH,,2.7789,2.8077,UP,2.4466,DOWN,0.3611,0.0,0.0,0.0,2.7789,0.0,2.4802,3.1352,0.0,yfinance,5.0
2026-09-13 23:08:02,2025-11-25,Cincinnati_OH,v1.4-Finlight-Cincinnati-Ridge,DAILY_BATCH,,2.7881,2.8119,UP,2.4072,DOWN,0.4047,0.0,0.0,0.0,2.7881,0.0,2.4844,3.1394,0.0,yfinance,5.0
2026-09-13 23:08:02,2025-11-26,Cincinnati_OH,v1.4-Finlight-Cincinnati-Ridge,DAILY_BATCH,,2.7209,2.7036,DOWN,2.439,DOWN,0.2646,1.0,0.0,0.0,2.7209,0.0,2.3761,3.0311,1.0,yfinance,5.0
2026-09-13 23:08:02,2025-11-27,Cincinnati_OH,v1.4-Finlight-Cincinnati-Ridge,DAILY_BATCH,,2.7072,2.7063,DOWN,,,,,0.0,0.0,2.7072,0.0,2.3788,3.0338,,yfinance,5.0
2026-09-13 23:08:02,2025-11-28,Cincinnati_OH,v1.4-Finlight-Cincinnati-Ridge,DAILY_BATCH,,2.6722,2.663,DOWN,2.4459,DOWN,0.2171,1.0,0.0,0.0,2.6722,0.0,2.3354,2.9905,1.0,yfinance,5.0
2026-09-13 23:08:02,2025-12-01,Cincinnati_OH,v1.4-Finlight-Cincinnati-Ridge,DAILY_BATCH,,2.6854,2.7175,UP,2.4189,DOWN,0.2986,0.0,0.0,0.0,2.6854,0.0,2.39,3.045,1.0,yfinance,5.0
2026-09-13 23:08:02,2025-12-02,Cincinnati_OH,v1.4-Finlight-Cincinnati-Ridge,DAILY_BATCH,,2.646,2.6717,UP,2.3803,DOWN,0.2914,0.0,0.0,0.0,2.646,0.0,2.3442,2.9992,1.0,yfinance,5.0
2026-09-13 23:08:02,2025-12-03,Cincinnati_OH,v1.4-Finlight-Cincinnati-Ridge,DAILY_BATCH,,2.6778,2.6926,UP,2.3772,DOWN,0.3154,0.0,0.0,0.0,2.6778,0.0,2.365,3.0201,1.0,yfinance,5.0
2026-09-13 23:08:02,2025-12-05,Cincinnati_OH,v1.4-Finlight-Cincinnati-Ridge,DAILY_BATCH,,2.6847,2.6996,UP,2.3841,DOWN,0.3155,0.0,0.0,0.0,2.6847,0.0,2.3721,3.0271,1.0,yfinance,5.0
2026-09-13 23:08:02,2025-12-08,Cincinnati_OH,v1.4-Finlight-Cincinnati-Ridge,DAILY_BATCH,,2.6577,2.6775,UP,2.3481,DOWN,0.3294,0.0,0.0,0.0,2.6577,0.0,2.35,3.0051,0.0,yfinance,5.0
2026-09-13 23:08:02,2025-12-09,Cincinnati_OH,v1.4-Finlight-Cincinnati-Ridge,DAILY_BATCH,,2.6191,2.6291,UP,2.3397,DOWN,0.2894,0.0,0.0,0.0,2.6191,0.0,2.3016,2.9566,1.0,yfinance,5.0
2026-09-13 23:08:02,2025-12-10,Cincinnati_OH,v1.4-Finlight-Cincinnati-Ridge,DAILY_BATCH,,2.616,2.6311,UP,2.3315,DOWN,0.2996,0.0,0.0,0.0,2.616,0.0,2.3036,2.9586,1.0,yfinance,5.0
2026-09-13 23:08:02,2025-12-11,Cincinnati_OH,v1.4-Finlight-Cincinnati-Ridge,DAILY_BATCH,,2.6159,2.6188,UP,2.3098,DOWN,0.309,0.0,0.0,0.0,2.6159,0.0,2.2913,2.9463,1.0,yfinance,5.0
2026-09-13 23:08:02,2025-12-12,Cincinnati_OH,v1.4-Finlight-Cincinnati-Ridge,DAILY_BATCH,,2.6229,2.617,DOWN,2.3021,DOWN,0.3149,1.0,0.0,0.0,2.6229,0.0,2.2895,2.9445,1.0,yfinance,5.0
2026-09-13 23:08:02,2025-12-15,Cincinnati_OH,v1.4-Finlight-Cincinnati-Ridge,DAILY_BATCH,,2.5869,2.5883,UP,2.2823,DOWN,0.306,0.0,0.0,0.0,2.5869,0.0,2.2608,2.9158,1.0,yfinance,5.0
2026-09-13 23:08:02,2025-12-16,Cincinnati_OH,v1.4-Finlight-Cincinnati-Ridge,DAILY_BATCH,,2.5785,2.5907,UP,2.2309,DOWN,0.3598,0.0,0.0,0.0,2.5785,0.0,2.2632,2.9183,0.0,yfinance,5.0
2026-09-13 23:08:02,2025-12-17,Cincinnati_OH,v1.4-Finlight-Cincinnati-Ridge,DAILY_BATCH,,2.5703,2.5631,DOWN,2.2443,DOWN,0.3188,1.0,0.0,0.0,2.5703,0.0,2.2356,2.8907,1.0,yfinance,5.0
2026-09-13 23:08:02,2025-12-18,Cincinnati_OH,v1.4-Finlight-Cincinnati-Ridge,DAILY_BATCH,,2.5486,2.5736,UP,2.2513,DOWN,0.3223,0.0,0.0,0.0,2.5486,0.0,2.246,2.9011,1.0,yfinance,5.0
2026-09-13 23:08:02,2025-12-19,Cincinnati_OH,v1.4-Finlight-Cincinnati-Ridge,DAILY_BATCH,,2.5409,2.5684,UP,2.2582,DOWN,0.3102,0.0,0.0,0.0,2.5409,0.0,2.2409,2.8959,1.0,yfinance,5.0
2026-09-13 23:08:02,2025-12-22,Cincinnati_OH,v1.4-Finlight-Cincinnati-Ridge,DAILY_BATCH,,2.5211,2.5576,UP,2.2922,DOWN,0.2654,0.0,0.0,0.0,2.5211,0.0,2.2301,2.8851,1.0,yfinance,5.0
2026-09-13 23:08:02,2025-12-23,Cincinnati_OH,v1.4-Finlight-Cincinnati-Ridge,DAILY_BATCH,,2.4697,2.5037,UP,2.2932,DOWN,0.2105,0.0,0.0,0.0,2.4697,0.0,2.1762,2.8313,1.0,yfinance,5.0
2026-09-13 23:08:02,2025-12-24,Cincinnati_OH,v1.4-Finlight-Cincinnati-Ridge,DAILY_BATCH,,2.4831,2.5153,UP,2.2971,DOWN,0.2182,0.0,0.0,0.0,2.4831,0.0,2.1877,2.8428,1.0,yfinance,5.0
2026-09-13 23:08:02,2025-12-25,Cincinnati_OH,v1.4-Finlight-Cincinnati-Ridge,DAILY_BATCH,,2.4901,2.5162,UP,,,,,0.0,0.0,2.4901,0.0,2.1887,2.8437,,yfinance,5.0
2026-09-13 23:08:02,2025-12-26,Cincinnati_OH,v1.4-Finlight-Cincinnati-Ridge,DAILY_BATCH,,2.497,2.5483,UP,2.2471,DOWN,0.3012,0.0,0.0,0.0,2.497,0.0,2.2207,2.8758,1.0,yfinance,5.0
2026-09-13 23:08:02,2025-12-29,Cincinnati_OH,v1.4-Finlight-Cincinnati-Ridge,DAILY_BATCH,,2.531,2.5559,UP,2.2652,DOWN,0.2907,0.0,0.0,0.0,2.531,0.0,2.2284,2.8834,1.0,yfinance,5.0
2026-09-13 23:08:02,2025-12-30,Cincinnati_OH,v1.4-Finlight-Cincinnati-Ridge,DAILY_BATCH,,2.532,2.5631,UP,2.271,DOWN,0.2921,0.0,0.0,0.0,2.532,0.0,2.2356,2.8906,1.0,yfinance,5.0
2026-09-13 23:08:02,2025-12-31,Cincinnati_OH,v1.4-Finlight-Cincinnati-Ridge,DAILY_BATCH,,2.5359,2.5445,UP,2.2554,DOWN,0.2891,0.0,0.0,0.0,2.5359,0.0,2.217,2.872,1.0,yfinance,5.0
2026-09-13 23:08:02,2026-01-02,Cincinnati_OH,v1.4-Finlight-Cincinnati-Ridge,DAILY_BATCH,,2.4859,2.5088,UP,2.2482,DOWN,0.2606,0.0,0.0,0.0,2.4859,0.0,2.1813,2.8363,1.0,yfinance,5.0
2026-09-13 23:08:02,2026-01-05,Cincinnati_OH,v1.4-Finlight-Cincinnati-Ridge,DAILY_BATCH,,2.504,2.5237,UP,2.27,DOWN,0.2537,0.0,0.0,0.0,2.504,0.0,2.1962,2.8512,1.0,yfinance,5.0
2026-09-13 23:08:02,2026-01-06,Cincinnati_OH,v1.4-Finlight-Cincinnati-Ridge,DAILY_BATCH,,2.5098,2.5403,UP,2.2506,DOWN,0.2897,0.0,0.0,0.0,2.5098,0.0,2.2128,2.8678,1.0,yfinance,5.0
2026-09-13 23:08:02,2026-01-07,Cincinnati_OH,v1.4-Finlight-Cincinnati-Ridge,DAILY_BATCH,,2.4942,2.5155,UP,2.2445,DOWN,0.271,0.0,0.0,0.0,2.4942,0.0,2.188,2.843,1.0,yfinance,5.0
2026-09-13 23:08:02,2026-01-09,Cincinnati_OH,v1.4-Finlight-Cincinnati-Ridge,DAILY_BATCH,,2.487,2.511,UP,2.3306,DOWN,0.1804,0.0,0.0,0.0,2.487,0.0,2.1835,2.8386,1.0,yfinance,5.0
2026-09-13 23:08:02,2026-01-12,Cincinnati_OH,v1.4-Finlight-Cincinnati-Ridge,DAILY_BATCH,,2.5088,2.5329,UP,2.3438,DOWN,0.1891,0.0,0.0,0.0,2.5088,0.0,2.2054,2.8605,1.0,yfinance,5.0
2026-09-13 23:08:02,2026-01-13,Cincinnati_OH,v1.4-Finlight-Cincinnati-Ridge,DAILY_BATCH,,2.4894,2.5161,UP,2.3765,DOWN,0.1396,0.0,0.0,0.0,2.4894,0.0,2.1885,2.8436,1.0,yfinance,5.0
2026-09-13 23:08:02,2026-01-14,Cincinnati_OH,v1.4-Finlight-Cincinnati-Ridge,DAILY_BATCH,,2.4833,2.5253,UP,2.3804,DOWN,0.1449,0.0,0.0,0.0,2.4833,0.0,2.1977,2.8528,1.0,yfinance,5.0
2026-09-13 23:08:02,2026-01-15,Cincinnati_OH,v1.4-Finlight-Cincinnati-Ridge,DAILY_BATCH,,2.5491,2.6348,UP,2.3338,DOWN,0.301,0.0,0.0,0.0,2.5491,0.0,2.3072,2.9623,1.0,yfinance,5.0
2026-09-13 23:08:02,2026-01-16,Cincinnati_OH,v1.4-Finlight-Cincinnati-Ridge,DAILY_BATCH,,2.5694,2.6633,UP,2.3352,DOWN,0.3281,0.0,0.0,0.0,2.5694,0.0,2.3358,2.9908,0.0,yfinance,5.0
2026-09-13 23:08:02,2026-01-19,Cincinnati_OH,v1.4-Finlight-Cincinnati-Ridge,DAILY_BATCH,,2.5826,2.6687,UP,,,,,0.0,0.0,2.5826,0.0,2.3411,2.9962,,yfinance,5.0
2026-09-13 23:08:02,2026-01-20,Cincinnati_OH,v1.4-Finlight-Cincinnati-Ridge,DAILY_BATCH,,2.6153,2.7035,UP,2.3738,DOWN,0.3297,0.0,0.0,0.0,2.6153,0.0,2.376,3.031,0.0,yfinance,5.0
2026-09-13 23:08:02,2026-01-21,Cincinnati_OH,v1.4-Finlight-Cincinnati-Ridge,DAILY_BATCH,,2.6192,2.6819,UP,2.4074,DOWN,0.2745,0.0,0.0,0.0,2.6192,0.0,2.3544,3.0094,1.0,yfinance,5.0
2026-09-13 23:08:02,2026-01-22,Cincinnati_OH,v1.4-Finlight-Cincinnati-Ridge,DAILY_BATCH,,2.5726,2.6351,UP,2.3672,DOWN,0.2679,0.0,0.0,0.0,2.5726,0.0,2.3076,2.9626,1.0,yfinance,5.0
2026-09-13 23:08:02,2026-01-23,Cincinnati_OH,v1.4-Finlight-Cincinnati-Ridge,DAILY_BATCH,,2.574,2.6276,UP,2.401,DOWN,0.2266,0.0,0.0,0.0,2.574,0.0,2.3,2.9551,1.0,yfinance,5.0
2026-09-13 23:08:02,2026-01-27,Cincinnati_OH,v1.4-Finlight-Cincinnati-Ridge,DAILY_BATCH,,2.6126,2.6876,UP,2.4152,DOWN,0.2724,0.0,0.0,0.0,2.6126,0.0,2.3601,3.0151,1.0,yfinance,5.0
2026-09-13 23:08:02,2026-01-28,Cincinnati_OH,v1.4-Finlight-Cincinnati-Ridge,DAILY_BATCH,,2.6462,2.705,UP,2.4423,DOWN,0.2627,0.0,0.0,0.0,2.6462,0.0,2.3774,3.0325,1.0,yfinance,5.0
2026-09-13 23:08:02,2026-01-29,Cincinnati_OH,v1.4-Finlight-Cincinnati-Ridge,DAILY_BATCH,,2.606,2.6615,UP,2.47,DOWN,0.1915,0.0,0.0,0.0,2.606,0.0,2.334,2.989,1.0,yfinance,5.0
2026-09-13 23:08:02,2026-01-30,Cincinnati_OH,v1.4-Finlight-Cincinnati-Ridge,DAILY_BATCH,,2.6398,2.7055,UP,2.4728,DOWN,0.2327,0.0,0.0,0.0,2.6398,0.0,2.378,3.033,1.0,yfinance,5.0
2026-09-13 23:08:02,2026-02-02,Cincinnati_OH,v1.4-Finlight-Cincinnati-Ridge,DAILY_BATCH,,2.6089,2.6996,UP,2.4014,DOWN,0.2982,0.0,0.0,0.0,2.6089,0.0,2.372,3.0271,1.0,yfinance,5.0
2026-09-13 23:08:02,2026-02-03,Cincinnati_OH,v1.4-Finlight-Cincinnati-Ridge,DAILY_BATCH,,2.654,2.7454,UP,2.4479,DOWN,0.2975,0.0,0.0,0.0,2.654,0.0,2.4178,3.0729,1.0,yfinance,5.0
2026-09-13 23:08:02,2026-02-04,Cincinnati_OH,v1.4-Finlight-Cincinnati-Ridge,DAILY_BATCH,,2.6811,2.7702,UP,2.5152,DOWN,0.255,0.0,0.0,0.0,2.6811,0.0,2.4427,3.0977,1.0,yfinance,5.0
2026-09-13 23:08:02,2026-02-05,Cincinnati_OH,v1.4-Finlight-Cincinnati-Ridge,DAILY_BATCH,,2.7088,2.7724,UP,2.4766,DOWN,0.2958,0.0,0.0,0.0,2.7088,0.0,2.4448,3.0999,1.0,yfinance,5.0
2026-09-13 23:08:02,2026-02-06,Cincinnati_OH,v1.4-Finlight-Cincinnati-Ridge,DAILY_BATCH,,2.7116,2.7718,UP,2.5032,DOWN,0.2686,0.0,0.0,0.0,2.7116,0.0,2.4443,3.0993,1.0,yfinance,5.0
2026-09-13 23:08:02,2026-02-09,Cincinnati_OH,v1.4-Finlight-Cincinnati-Ridge,DAILY_BATCH,,2.6402,2.7125,UP,2.5355,DOWN,0.177,0.0,0.0,0.0,2.6402,0.0,2.3849,3.04,1.0,yfinance,5.0
2026-09-13 23:08:02,2026-02-10,Cincinnati_OH,v1.4-Finlight-Cincinnati-Ridge,DAILY_BATCH,,2.6867,2.777,UP,2.5092,DOWN,0.2678,0.0,0.0,0.0,2.6867,0.0,2.4495,3.1045,1.0,yfinance,5.0
2026-09-13 23:08:02,2026-02-11,Cincinnati_OH,v1.4-Finlight-Cincinnati-Ridge,DAILY_BATCH,,2.754,2.8441,UP,2.5289,DOWN,0.3152,0.0,0.0,0.0,2.754,0.0,2.5166,3.1716,1.0,yfinance,5.0
2026-09-13 23:08:02,2026-02-12,Cincinnati_OH,v1.4-Finlight-Cincinnati-Ridge,DAILY_BATCH,,2.7154,2.8184,UP,2.4659,DOWN,0.3525,0.0,0.0,0.0,2.7154,0.0,2.4909,3.1459,0.0,yfinance,5.0
2026-09-13 23:08:02,2026-02-13,Cincinnati_OH,v1.4-Finlight-Cincinnati-Ridge,DAILY_BATCH,,2.742,2.874,UP,2.461,DOWN,0.413,0.0,0.0,0.0,2.742,0.0,2.5464,3.2015,0.0,yfinance,5.0
2026-09-13 23:08:02,2026-02-16,Cincinnati_OH,v1.4-Finlight-Cincinnati-Ridge,DAILY_BATCH,,2.7743,2.8752,UP,,,,,0.0,0.0,2.7743,0.0,2.5476,3.2027,,yfinance,5.0
2026-09-13 23:08:02,2026-02-17,Cincinnati_OH,v1.4-Finlight-Cincinnati-Ridge,DAILY_BATCH,,2.748,2.8517,UP,2.4644,DOWN,0.3873,0.0,0.0,0.0,2.748,0.0,2.5242,3.1792,0.0,yfinance,5.0
2026-09-13 23:08:02,2026-02-18,Cincinnati_OH,v1.4-Finlight-Cincinnati-Ridge,DAILY_BATCH,,2.7677,2.872,UP,2.518,DOWN,0.354,0.0,0.0,0.0,2.7677,0.0,2.5445,3.1995,0.0,yfinance,5.0
2026-09-13 23:08:02,2026-02-19,Cincinnati_OH,v1.4-Finlight-Cincinnati-Ridge,DAILY_BATCH,,2.7047,2.8098,UP,2.5566,DOWN,0.2532,0.0,0.0,0.0,2.7047,0.0,2.4823,3.1373,1.0,yfinance,5.0
2026-09-13 23:08:02,2026-02-20,Cincinnati_OH,v1.4-Finlight-Cincinnati-Ridge,DAILY_BATCH,,2.6998,2.8217,UP,2.5473,DOWN,0.2744,0.0,0.0,0.0,2.6998,0.0,2.4942,3.1492,1.0,yfinance,5.0
2026-09-13 23:08:02,2026-02-24,Cincinnati_OH,v1.4-Finlight-Cincinnati-Ridge,DAILY_BATCH,,2.7032,2.7875,UP,2.5214,DOWN,0.2661,0.0,0.0,0.0,2.7032,0.0,2.46,3.115,1.0,yfinance,5.0
2026-09-13 23:08:02,2026-02-25,Cincinnati_OH,v1.4-Finlight-Cincinnati-Ridge,DAILY_BATCH,,2.7568,2.8538,UP,2.5414,DOWN,0.3124,0.0,0.0,0.0,2.7568,0.0,2.5263,3.1813,1.0,yfinance,5.0
2026-09-13 23:08:02,2026-02-26,Cincinnati_OH,v1.4-Finlight-Cincinnati-Ridge,DAILY_BATCH,,2.7954,2.9137,UP,2.5823,DOWN,0.3314,0.0,0.0,0.0,2.7954,0.0,2.5862,3.2412,0.0,yfinance,5.0
2026-09-13 23:08:02,2026-02-27,Cincinnati_OH,v1.4-Finlight-Cincinnati-Ridge,DAILY_BATCH,,2.7861,2.8904,UP,2.6279,DOWN,0.2625,0.0,0.0,0.0,2.7861,0.0,2.5628,3.2179,1.0,yfinance,5.0
2026-09-13 23:08:02,2026-03-02,Cincinnati_OH,v1.4-Finlight-Cincinnati-Ridge,DAILY_BATCH,,2.778,2.8782,UP,2.9206,UP,0.0424,1.0,0.0,0.0,2.778,0.0,2.5507,3.2057,1.0,yfinance,5.0
2026-09-13 23:08:02,2026-03-03,Cincinnati_OH,v1.4-Finlight-Cincinnati-Ridge,DAILY_BATCH,,2.7602,2.8638,UP,3.0074,UP,0.1436,1.0,0.0,0.0,2.7602,0.0,2.5363,3.1913,1.0,yfinance,5.0
2026-09-13 23:08:02,2026-03-04,Cincinnati_OH,v1.4-Finlight-Cincinnati-Ridge,DAILY_BATCH,,2.7802,2.8783,UP,3.0649,UP,0.1866,1.0,0.0,0.0,2.7802,0.0,2.5507,3.2058,1.0,yfinance,5.0
2026-09-13 23:08:02,2026-03-05,Cincinnati_OH,v1.4-Finlight-Cincinnati-Ridge,DAILY_BATCH,,2.8211,2.9264,UP,3.2209,UP,0.2945,1.0,0.0,0.0,2.8211,0.0,2.5989,3.2539,1.0,yfinance,5.0
2026-09-13 23:08:02,2026-03-06,Cincinnati_OH,v1.4-Finlight-Cincinnati-Ridge,DAILY_BATCH,,2.8667,2.9539,UP,3.2966,UP,0.3427,1.0,0.0,0.0,2.8667,0.0,2.6264,3.2814,0.0,yfinance,5.0
2026-09-13 23:08:02,2026-03-09,Cincinnati_OH,v1.4-Finlight-Cincinnati-Ridge,DAILY_BATCH,,3.1594,3.0899,DOWN,3.3584,UP,0.2685,0.0,0.0,0.0,3.1594,0.0,2.7624,3.4175,1.0,yfinance,5.0
2026-09-13 23:08:02,2026-03-10,Cincinnati_OH,v1.4-Finlight-Cincinnati-Ridge,DAILY_BATCH,,3.2462,3.0612,DOWN,3.1903,DOWN,0.1291,1.0,0.0,0.0,3.2462,0.0,2.7337,3.3887,1.0,yfinance,5.0
2026-09-13 23:08:02,2026-03-11,Cincinnati_OH,v1.4-Finlight-Cincinnati-Ridge,DAILY_BATCH,,3.3037,3.1426,DOWN,3.3383,UP,0.1957,0.0,0.0,0.0,3.3037,0.0,2.8151,3.4702,1.0,yfinance,5.0
2026-09-13 23:08:02,2026-03-12,Cincinnati_OH,v1.4-Finlight-Cincinnati-Ridge,DAILY_BATCH,,3.4597,3.2686,DOWN,3.5146,UP,0.246,0.0,0.0,0.0,3.4597,0.0,2.9411,3.5961,1.0,yfinance,5.0
2026-09-13 23:08:02,2026-03-13,Cincinnati_OH,v1.4-Finlight-Cincinnati-Ridge,DAILY_BATCH,,3.5354,3.2417,DOWN,3.5914,UP,0.3497,0.0,0.0,0.0,3.5354,0.0,2.9142,3.5692,0.0,yfinance,5.0
2026-09-13 23:08:02,2026-03-16,Cincinnati_OH,v1.4-Finlight-Cincinnati-Ridge,DAILY_BATCH,,3.5972,3.2643,DOWN,3.5503,DOWN,0.286,1.0,0.0,0.0,3.5972,0.0,2.9368,3.5918,1.0,yfinance,5.0
2026-09-13 23:08:02,2026-03-17,Cincinnati_OH,v1.4-Finlight-Cincinnati-Ridge,DAILY_BATCH,,3.4291,3.304,DOWN,3.6734,UP,0.3694,0.0,0.0,0.0,3.4291,0.0,2.9765,3.6315,0.0,yfinance,5.0
2026-09-13 23:08:02,2026-03-18,Cincinnati_OH,v1.4-Finlight-Cincinnati-Ridge,DAILY_BATCH,,3.5771,3.4604,DOWN,3.6485,UP,0.1881,0.0,0.0,0.0,3.5771,0.0,3.1329,3.788,1.0,yfinance,5.0
2026-09-13 23:08:02,2026-03-19,Cincinnati_OH,v1.4-Finlight-Cincinnati-Ridge,DAILY_BATCH,,3.7534,3.4915,DOWN,3.6771,DOWN,0.1856,1.0,0.0,0.0,3.7534,0.0,3.164,3.819,1.0,yfinance,5.0
2026-09-13 23:08:02,2026-03-20,Cincinnati_OH,v1.4-Finlight-Cincinnati-Ridge,DAILY_BATCH,,3.8302,3.5208,DOWN,3.8362,UP,0.3154,0.0,0.0,0.0,3.8302,0.0,3.1933,3.8483,1.0,yfinance,5.0
2026-09-13 23:08:02,2026-03-23,Cincinnati_OH,v1.4-Finlight-Cincinnati-Ridge,DAILY_BATCH,,3.7891,3.6801,DOWN,3.5249,DOWN,0.1552,1.0,0.0,0.0,3.7891,0.0,3.3526,4.0077,1.0,yfinance,5.0
2026-09-13 23:08:02,2026-03-24,Cincinnati_OH,v1.4-Finlight-Cincinnati-Ridge,DAILY_BATCH,,3.9122,3.821,DOWN,3.698,DOWN,0.123,1.0,0.0,0.0,3.9122,0.0,3.4935,4.1485,1.0,yfinance,5.0
2026-09-13 23:08:02,2026-03-25,Cincinnati_OH,v1.4-Finlight-Cincinnati-Ridge,DAILY_BATCH,,3.8873,3.794,DOWN,3.5624,DOWN,0.2316,1.0,0.0,0.0,3.8873,0.0,3.4665,4.1215,1.0,yfinance,5.0
2026-09-13 23:08:02,2026-03-26,Cincinnati_OH,v1.4-Finlight-Cincinnati-Ridge,DAILY_BATCH,,3.9159,3.8494,DOWN,3.6802,DOWN,0.1692,1.0,0.0,0.0,3.9159,0.0,3.5218,4.1769,1.0,yfinance,5.0
2026-09-13 23:08:02,2026-03-27,Cincinnati_OH,v1.4-Finlight-Cincinnati-Ridge,DAILY_BATCH,,4.075,3.9654,DOWN,3.8001,DOWN,0.1653,1.0,0.0,0.0,4.075,0.0,3.6379,4.2929,1.0,yfinance,5.0
2026-09-13 23:08:02,2026-03-30,Cincinnati_OH,v1.4-Finlight-Cincinnati-Ridge,DAILY_BATCH,,3.7637,3.8556,UP,3.9015,UP,0.0459,1.0,0.0,0.0,3.7637,0.0,3.5281,4.1832,1.0,yfinance,5.0
2026-09-13 23:08:02,2026-03-31,Cincinnati_OH,v1.4-Finlight-Cincinnati-Ridge,DAILY_BATCH,,3.9368,3.9216,DOWN,3.8623,DOWN,0.0593,1.0,0.0,0.0,3.9368,0.0,3.5941,4.2491,1.0,yfinance,5.0
2026-09-13 23:08:02,2026-04-01,Cincinnati_OH,v1.4-Finlight-Cincinnati-Ridge,DAILY_BATCH,,3.8012,3.8748,UP,3.6414,DOWN,0.2334,0.0,0.0,0.0,3.8012,0.0,3.5473,4.2023,1.0,yfinance,5.0
2026-09-13 23:08:02,2026-04-02,Cincinnati_OH,v1.4-Finlight-Cincinnati-Ridge,DAILY_BATCH,,3.919,4.0409,UP,3.838,DOWN,0.2029,0.0,0.0,0.0,3.919,0.0,3.7134,4.3684,1.0,yfinance,5.0
2026-09-13 23:08:02,2026-04-03,Cincinnati_OH,v1.4-Finlight-Cincinnati-Ridge,DAILY_BATCH,,4.0389,4.0923,UP,,,,,0.0,0.0,4.0389,0.0,3.7647,4.4198,,yfinance,5.0
2026-09-13 23:08:02,2026-04-06,Cincinnati_OH,v1.4-Finlight-Cincinnati-Ridge,DAILY_BATCH,,4.1403,4.0826,DOWN,3.8582,DOWN,0.2244,1.0,0.0,0.0,4.1403,0.0,3.7551,4.4101,1.0,yfinance,5.0
2026-09-13 23:08:02,2026-04-07,Cincinnati_OH,v1.4-Finlight-Cincinnati-Ridge,DAILY_BATCH,,4.1011,4.0812,DOWN,3.8552,DOWN,0.226,1.0,0.0,0.0,4.1011,0.0,3.7537,4.4087,1.0,yfinance,5.0
2026-09-13 23:08:02,2026-04-08,Cincinnati_OH,v1.4-Finlight-Cincinnati-Ridge,DAILY_BATCH,,3.8802,3.946,UP,3.5559,DOWN,0.3901,0.0,0.0,0.0,3.8802,0.0,3.6185,4.2735,0.0,yfinance,5.0
2026-09-13 23:08:02,2026-04-09,Cincinnati_OH,v1.4-Finlight-Cincinnati-Ridge,DAILY_BATCH,,4.0768,4.0773,UP,3.5507,DOWN,0.5266,0.0,0.0,0.0,4.0768,0.0,3.7498,4.4048,0.0,yfinance,5.0
2026-09-13 23:08:02,2026-04-13,Cincinnati_OH,v1.4-Finlight-Cincinnati-Ridge,DAILY_BATCH,,4.097,4.1639,UP,3.666,DOWN,0.4979,0.0,0.0,0.0,4.097,0.0,3.8364,4.4914,0.0,yfinance,5.0
2026-09-13 23:08:02,2026-04-14,Cincinnati_OH,v1.4-Finlight-Cincinnati-Ridge,DAILY_BATCH,,4.094,4.1319,UP,3.5895,DOWN,0.5424,0.0,0.0,0.0,4.094,0.0,3.8044,4.4594,0.0,yfinance,5.0
2026-09-13 23:08:02,2026-04-15,Cincinnati_OH,v1.4-Finlight-Cincinnati-Ridge,DAILY_BATCH,,3.7947,3.9495,UP,3.6192,DOWN,0.3303,0.0,0.0,0.0,3.7947,0.0,3.622,4.277,0.0,yfinance,5.0
2026-09-13 23:08:02,2026-04-16,Cincinnati_OH,v1.4-Finlight-Cincinnati-Ridge,DAILY_BATCH,,3.7895,3.8904,UP,3.7137,DOWN,0.1767,0.0,0.0,0.0,3.7895,0.0,3.5629,4.2179,1.0,yfinance,5.0
2026-09-13 23:08:02,2026-04-17,Cincinnati_OH,v1.4-Finlight-Cincinnati-Ridge,DAILY_BATCH,,3.8261,3.9519,UP,3.5548,DOWN,0.3971,0.0,0.0,0.0,3.8261,0.0,3.6244,4.2794,0.0,yfinance,5.0
2026-09-13 23:08:02,2026-04-20,Cincinnati_OH,v1.4-Finlight-Cincinnati-Ridge,DAILY_BATCH,,3.9048,4.02,UP,3.6668,DOWN,0.3532,0.0,0.0,0.0,3.9048,0.0,3.6925,4.3475,0.0,yfinance,5.0
2026-09-13 23:08:02,2026-04-21,Cincinnati_OH,v1.4-Finlight-Cincinnati-Ridge,DAILY_BATCH,,3.8283,3.9691,UP,3.7598,DOWN,0.2093,0.0,0.0,0.0,3.8283,0.0,3.6416,4.2966,1.0,yfinance,5.0
2026-09-13 23:08:02,2026-04-22,Cincinnati_OH,v1.4-Finlight-Cincinnati-Ridge,DAILY_BATCH,,3.858,3.9478,UP,3.9079,UP,0.0399,1.0,0.0,0.0,3.858,0.0,3.6203,4.2754,1.0,yfinance,5.0
2026-09-13 23:08:02,2026-04-23,Cincinnati_OH,v1.4-Finlight-Cincinnati-Ridge,DAILY_BATCH,,3.9525,3.954,UP,4.0121,UP,0.0581,1.0,0.0,0.0,3.9525,0.0,3.6265,4.2815,1.0,yfinance,5.0
2026-09-13 23:08:02,2026-04-24,Cincinnati_OH,v1.4-Finlight-Cincinnati-Ridge,DAILY_BATCH,,3.7936,3.9047,UP,4.0126,UP,0.1079,1.0,0.0,0.0,3.7936,0.0,3.5771,4.2322,1.0,yfinance,5.0
2026-09-13 23:08:02,2026-04-27,Cincinnati_OH,v1.4-Finlight-Cincinnati-Ridge,DAILY_BATCH,,3.9056,3.9965,UP,4.041,UP,0.0445,1.0,0.0,0.0,3.9056,0.0,3.669,4.324,1.0,yfinance,5.0
2026-09-13 23:08:02,2026-04-28,Cincinnati_OH,v1.4-Finlight-Cincinnati-Ridge,DAILY_BATCH,,3.9986,4.0387,UP,4.1104,UP,0.0717,1.0,0.0,0.0,3.9986,0.0,3.7111,4.3662,1.0,yfinance,5.0
2026-09-13 23:08:02,2026-04-29,Cincinnati_OH,v1.4-Finlight-Cincinnati-Ridge,DAILY_BATCH,,4.1467,4.0919,DOWN,4.2911,UP,0.1992,0.0,0.0,0.0,4.1467,0.0,3.7644,4.4194,1.0,yfinance,5.0
2026-09-13 23:08:02,2026-04-30,Cincinnati_OH,v1.4-Finlight-Cincinnati-Ridge,DAILY_BATCH,,4.2509,4.1358,DOWN,4.3215,UP,0.1857,0.0,0.0,0.0,4.2509,0.0,3.8083,4.4634,1.0,yfinance,5.0
2026-09-13 23:08:02,2026-05-01,Cincinnati_OH,v1.4-Finlight-Cincinnati-Ridge,DAILY_BATCH,,4.2514,4.1546,DOWN,4.1452,DOWN,0.0094,1.0,0.0,0.0,4.2514,0.0,3.8271,4.4821,1.0,yfinance,5.0
2026-09-13 23:08:02,2026-05-04,Cincinnati_OH,v1.4-Finlight-Cincinnati-Ridge,DAILY_BATCH,,4.2798,4.2086,DOWN,4.2882,UP,0.0796,0.0,0.0,0.0,4.2798,0.0,3.8811,4.5361,1.0,yfinance,5.0
2026-09-13 23:08:02,2026-05-05,Cincinnati_OH,v1.4-Finlight-Cincinnati-Ridge,DAILY_BATCH,,4.3492,4.1932,DOWN,4.1706,DOWN,0.0226,1.0,0.0,0.0,4.3492,0.0,3.8657,4.5207,1.0,yfinance,5.0
2026-09-13 23:08:02,2026-05-06,Cincinnati_OH,v1.4-Finlight-Cincinnati-Ridge,DAILY_BATCH,,4.5299,4.3172,DOWN,4.0093,DOWN,0.3079,1.0,0.0,0.0,4.5299,0.0,3.9897,4.6447,1.0,yfinance,5.0
2026-09-13 23:08:02,2026-05-07,Cincinnati_OH,v1.4-Finlight-Cincinnati-Ridge,DAILY_BATCH,,4.5603,4.3904,DOWN,4.006,DOWN,0.3844,1.0,0.0,0.0,4.5603,0.0,4.0628,4.7179,0.0,yfinance,5.0
2026-09-13 23:08:02,2026-05-08,Cincinnati_OH,v1.4-Finlight-Cincinnati-Ridge,DAILY_BATCH,,4.384,4.3036,DOWN,4.0767,DOWN,0.2269,1.0,0.0,0.0,4.384,0.0,3.9761,4.6312,1.0,yfinance,5.0
2026-09-13 23:08:02,2026-05-11,Cincinnati_OH,v1.4-Finlight-Cincinnati-Ridge,DAILY_BATCH,,4.527,4.4006,DOWN,4.1498,DOWN,0.2508,1.0,0.0,0.0,4.527,0.0,4.0731,4.7282,1.0,yfinance,5.0
2026-09-13 23:08:02,2026-05-12,Cincinnati_OH,v1.4-Finlight-Cincinnati-Ridge,DAILY_BATCH,,4.4094,4.3734,DOWN,4.2477,DOWN,0.1257,1.0,0.0,0.0,4.4094,0.0,4.0459,4.7009,1.0,yfinance,5.0
2026-09-13 23:08:02,2026-05-13,Cincinnati_OH,v1.4-Finlight-Cincinnati-Ridge,DAILY_BATCH,,4.2481,4.3417,UP,4.1687,DOWN,0.173,0.0,0.0,0.0,4.2481,0.0,4.0141,4.6692,1.0,yfinance,5.0
2026-09-13 23:08:02,2026-05-14,Cincinnati_OH,v1.4-Finlight-Cincinnati-Ridge,DAILY_BATCH,,4.2448,4.3391,UP,4.1557,DOWN,0.1834,0.0,0.0,0.0,4.2448,0.0,4.0116,4.6666,1.0,yfinance,5.0
2026-09-13 23:08:02,2026-05-15,Cincinnati_OH,v1.4-Finlight-Cincinnati-Ridge,DAILY_BATCH,,4.3155,4.404,UP,4.2519,DOWN,0.1521,0.0,0.0,0.0,4.3155,0.0,4.0764,4.7315,1.0,yfinance,5.0
2026-09-13 23:08:02,2026-05-18,Cincinnati_OH,v1.4-Finlight-Cincinnati-Ridge,DAILY_BATCH,,4.3886,4.4272,UP,4.3107,DOWN,0.1165,0.0,0.0,0.0,4.3886,0.0,4.0997,4.7547,1.0,yfinance,5.0
2026-09-13 23:08:02,2026-05-19,Cincinnati_OH,v1.4-Finlight-Cincinnati-Ridge,DAILY_BATCH,,4.4865,4.4615,DOWN,4.2462,DOWN,0.2153,1.0,0.0,0.0,4.4865,0.0,4.134,4.7891,1.0,yfinance,5.0
2026-09-13 23:08:02,2026-05-20,Cincinnati_OH,v1.4-Finlight-Cincinnati-Ridge,DAILY_BATCH,,4.4075,4.4298,UP,4.0374,DOWN,0.3924,0.0,0.0,0.0,4.4075,0.0,4.1023,4.7573,0.0,yfinance,5.0
2026-09-13 23:08:02,2026-05-21,Cincinnati_OH,v1.4-Finlight-Cincinnati-Ridge,DAILY_BATCH,,4.3945,4.4465,UP,3.9296,DOWN,0.5169,0.0,0.0,0.0,4.3945,0.0,4.119,4.774,0.0,yfinance,5.0
2026-09-13 23:08:02,2026-05-22,Cincinnati_OH,v1.4-Finlight-Cincinnati-Ridge,DAILY_BATCH,,4.4907,4.4727,DOWN,4.0039,DOWN,0.4688,1.0,0.0,0.0,4.4907,0.0,4.1451,4.8002,0.0,yfinance,5.0
2026-09-13 23:08:02,2026-05-25,Cincinnati_OH,v1.4-Finlight-Cincinnati-Ridge,DAILY_BATCH,,4.5495,4.5136,DOWN,,,,,0.0,0.0,4.5495,0.0,4.1861,4.8412,,yfinance,5.0
2026-09-13 23:08:02,2026-05-26,Cincinnati_OH,v1.4-Finlight-Cincinnati-Ridge,DAILY_BATCH,,4.485,4.4802,DOWN,3.7705,DOWN,0.7097,1.0,0.0,0.0,4.485,0.0,4.1527,4.8077,0.0,yfinance,5.0
2026-09-13 23:08:02,2026-05-27,Cincinnati_OH,v1.4-Finlight-Cincinnati-Ridge,DAILY_BATCH,,4.2762,4.2949,UP,3.6837,DOWN,0.6112,0.0,0.0,0.0,4.2762,0.0,3.9674,4.6224,0.0,yfinance,5.0
2026-09-13 23:08:02,2026-05-28,Cincinnati_OH,v1.4-Finlight-Cincinnati-Ridge,DAILY_BATCH,,4.1684,4.1795,UP,3.7352,DOWN,0.4443,0.0,0.0,0.0,4.1684,0.0,3.852,4.507,0.0,yfinance,5.0
2026-09-13 23:08:02,2026-05-29,Cincinnati_OH,v1.4-Finlight-Cincinnati-Ridge,DAILY_BATCH,,4.2427,4.272,UP,3.6767,DOWN,0.5953,0.0,0.0,0.0,4.2427,0.0,3.9445,4.5996,0.0,yfinance,5.0
2026-09-13 23:08:02,2026-06-02,Cincinnati_OH,v1.4-Finlight-Cincinnati-Ridge,DAILY_BATCH,,4.0093,4.1174,UP,3.6943,DOWN,0.4231,0.0,0.0,0.0,4.0093,0.0,3.7899,4.4449,0.0,yfinance,5.0
2026-09-13 23:08:02,2026-06-03,Cincinnati_OH,v1.4-Finlight-Cincinnati-Ridge,DAILY_BATCH,,3.9225,4.0676,UP,3.6816,DOWN,0.386,0.0,0.0,0.0,3.9225,0.0,3.7401,4.3951,0.0,yfinance,5.0
2026-09-13 23:08:02,2026-06-04,Cincinnati_OH,v1.4-Finlight-Cincinnati-Ridge,DAILY_BATCH,,3.974,4.0617,UP,3.5883,DOWN,0.4734,0.0,0.0,0.0,3.974,0.0,3.7342,4.3892,0.0,yfinance,5.0
2026-09-13 23:08:02,2026-06-05,Cincinnati_OH,v1.4-Finlight-Cincinnati-Ridge,DAILY_BATCH,,3.9155,4.0422,UP,3.5959,DOWN,0.4463,0.0,0.0,0.0,3.9155,0.0,3.7147,4.3697,0.0,yfinance,5.0
2026-09-13 23:08:02,2026-06-08,Cincinnati_OH,v1.4-Finlight-Cincinnati-Ridge,DAILY_BATCH,,3.8735,3.9965,UP,3.6206,DOWN,0.3759,0.0,0.0,0.0,3.8735,0.0,3.669,4.324,0.0,yfinance,5.0
2026-09-13 23:08:02,2026-06-09,Cincinnati_OH,v1.4-Finlight-Cincinnati-Ridge,DAILY_BATCH,,3.9331,4.0158,UP,3.5711,DOWN,0.4447,0.0,0.0,0.0,3.9331,0.0,3.6883,4.3433,0.0,yfinance,5.0
2026-09-13 23:08:02,2026-06-10,Cincinnati_OH,v1.4-Finlight-Cincinnati-Ridge,DAILY_BATCH,,3.9204,3.9664,UP,3.6599,DOWN,0.3065,0.0,0.0,0.0,3.9204,0.0,3.6389,4.2939,1.0,yfinance,5.0
2026-09-13 23:08:02,2026-06-11,Cincinnati_OH,v1.4-Finlight-Cincinnati-Ridge,DAILY_BATCH,,3.8271,3.8873,UP,3.6514,DOWN,0.2359,0.0,0.0,0.0,3.8271,0.0,3.5598,4.2148,1.0,yfinance,5.0
2026-09-13 23:08:02,2026-06-12,Cincinnati_OH,v1.4-Finlight-Cincinnati-Ridge,DAILY_BATCH,,3.8347,3.8747,UP,3.5998,DOWN,0.2749,0.0,0.0,0.0,3.8347,0.0,3.5471,4.2022,1.0,yfinance,5.0
2026-09-13 23:08:02,2026-06-15,Cincinnati_OH,v1.4-Finlight-Cincinnati-Ridge,DAILY_BATCH,,3.8594,3.9025,UP,3.4972,DOWN,0.4053,0.0,0.0,0.0,3.8594,0.0,3.5749,4.23,0.0,yfinance,5.0
2026-09-13 23:08:02,2026-06-16,Cincinnati_OH,v1.4-Finlight-Cincinnati-Ridge,DAILY_BATCH,,3.8099,3.8401,UP,3.4305,DOWN,0.4096,0.0,0.0,0.0,3.8099,0.0,3.5126,4.1676,0.0,yfinance,5.0
2026-09-13 23:08:02,2026-06-17,Cincinnati_OH,v1.4-Finlight-Cincinnati-Ridge,DAILY_BATCH,,3.8987,3.8923,DOWN,3.4596,DOWN,0.4327,1.0,0.0,0.0,3.8987,0.0,3.5648,4.2198,0.0,yfinance,5.0
2026-09-13 23:08:02,2026-06-18,Cincinnati_OH,v1.4-Finlight-Cincinnati-Ridge,DAILY_BATCH,,3.8902,3.8877,DOWN,3.5449,DOWN,0.3428,1.0,0.0,0.0,3.8902,0.0,3.5602,4.2153,0.0,yfinance,5.0
2026-09-13 23:08:02,2026-06-19,Cincinnati_OH,v1.4-Finlight-Cincinnati-Ridge,DAILY_BATCH,,3.8386,3.84,UP,,,,,0.0,0.0,3.8386,0.0,3.5125,4.1676,,yfinance,5.0
2026-09-13 23:08:02,2026-06-22,Cincinnati_OH,v1.4-Finlight-Cincinnati-Ridge,DAILY_BATCH,,3.736,3.7302,DOWN,3.537,DOWN,0.1932,1.0,0.0,0.0,3.736,0.0,3.4026,4.0577,1.0,yfinance,5.0
2026-09-13 23:08:02,2026-06-23,Cincinnati_OH,v1.4-Finlight-Cincinnati-Ridge,DAILY_BATCH,,3.6693,3.7112,UP,3.509,DOWN,0.2022,0.0,0.0,0.0,3.6693,0.0,3.3837,4.0387,1.0,yfinance,5.0
2026-09-13 23:08:02,2026-06-24,Cincinnati_OH,v1.4-Finlight-Cincinnati-Ridge,DAILY_BATCH,,3.6984,3.7393,UP,3.4318,DOWN,0.3075,0.0,0.0,0.0,3.6984,0.0,3.4117,4.0668,1.0,yfinance,5.0
2026-09-13 23:08:02,2026-06-25,Cincinnati_OH,v1.4-Finlight-Cincinnati-Ridge,DAILY_BATCH,,3.7837,3.8196,UP,3.5773,DOWN,0.2423,0.0,0.0,0.0,3.7837,0.0,3.4921,4.1471,1.0,yfinance,5.0
2026-09-13 23:08:02,2026-06-29,Cincinnati_OH,v1.4-Finlight-Cincinnati-Ridge,DAILY_BATCH,,3.7758,3.8045,UP,3.6114,DOWN,0.1931,0.0,0.0,0.0,3.7758,0.0,3.4769,4.132,1.0,yfinance,5.0
2026-09-13 23:08:02,2026-06-30,Cincinnati_OH,v1.4-Finlight-Cincinnati-Ridge,DAILY_BATCH,,3.7478,3.7627,UP,3.5644,DOWN,0.1983,0.0,0.0,0.0,3.7478,0.0,3.4352,4.0902,1.0,yfinance,5.0
2026-09-13 23:08:02,2026-07-01,Cincinnati_OH,v1.4-Finlight-Cincinnati-Ridge,DAILY_BATCH,,3.6706,3.6799,UP,3.4952,DOWN,0.1847,0.0,0.0,0.0,3.6706,0.0,3.3524,4.0074,1.0,yfinance,5.0
2026-09-13 23:08:02,2026-07-02,Cincinnati_OH,v1.4-Finlight-Cincinnati-Ridge,DAILY_BATCH,,3.8161,3.8388,UP,3.4673,DOWN,0.3715,0.0,0.0,0.0,3.8161,0.0,3.5113,4.1663,0.0,yfinance,5.0
2026-09-13 23:08:02,2026-07-03,Cincinnati_OH,v1.4-Finlight-Cincinnati-Ridge,DAILY_BATCH,,3.7459,3.7862,UP,,,,,0.0,0.0,3.7459,0.0,3.4586,4.1137,,yfinance,5.0
2026-09-13 23:08:02,2026-07-06,Cincinnati_OH,v1.4-Finlight-Cincinnati-Ridge,DAILY_BATCH,,3.8502,3.8803,UP,3.5533,DOWN,0.327,0.0,0.0,0.0,3.8502,0.0,3.5528,4.2078,1.0,yfinance,5.0
2026-09-13 23:08:02,2026-07-07,Cincinnati_OH,v1.4-Finlight-Cincinnati-Ridge,DAILY_BATCH,,3.8032,3.8076,UP,3.5039,DOWN,0.3037,0.0,0.0,0.0,3.8032,0.0,3.4801,4.1351,1.0,yfinance,5.0
2026-09-13 23:08:02,2026-07-08,Cincinnati_OH,v1.4-Finlight-Cincinnati-Ridge,DAILY_BATCH,,3.734,3.7306,DOWN,3.6534,DOWN,0.0772,1.0,0.0,0.0,3.734,0.0,3.4031,4.0581,1.0,yfinance,5.0
2026-09-13 23:08:02,2026-07-09,Cincinnati_OH,v1.4-Finlight-Cincinnati-Ridge,DAILY_BATCH,,3.7061,3.7126,UP,3.5887,DOWN,0.1239,0.0,0.0,0.0,3.7061,0.0,3.3851,4.0401,1.0,yfinance,5.0
2026-09-13 23:08:02,2026-07-13,Cincinnati_OH,v1.4-Finlight-Cincinnati-Ridge,DAILY_BATCH,,3.7921,3.8288,UP,3.7163,DOWN,0.1125,0.0,0.0,0.0,3.7921,0.0,3.5013,4.1563,1.0,yfinance,5.0
2026-09-13 23:08:02,2026-07-14,Cincinnati_OH,v1.4-Finlight-Cincinnati-Ridge,DAILY_BATCH,,3.7427,3.783,UP,3.7773,UP,0.0057,1.0,0.0,0.0,3.7427,0.0,3.4555,4.1105,1.0,yfinance,5.0
2026-09-13 23:08:02,2026-07-15,Cincinnati_OH,v1.4-Finlight-Cincinnati-Ridge,DAILY_BATCH,,3.8922,3.906,UP,3.8509,DOWN,0.0551,0.0,0.0,0.0,3.8922,0.0,3.5785,4.2335,1.0,yfinance,5.0
2026-09-13 23:08:02,2026-07-16,Cincinnati_OH,v1.4-Finlight-Cincinnati-Ridge,DAILY_BATCH,,3.8275,3.8284,UP,3.8347,UP,0.0063,1.0,0.0,0.0,3.8275,0.0,3.5008,4.1559,1.0,yfinance,5.0
2026-09-13 23:08:02,2026-07-17,Cincinnati_OH,v1.4-Finlight-Cincinnati-Ridge,DAILY_BATCH,,3.7734,3.809,UP,3.9427,UP,0.1337,1.0,0.0,0.0,3.7734,0.0,3.4815,4.1365,1.0,yfinance,5.0
2026-09-13 23:08:02,2026-07-20,Cincinnati_OH,v1.4-Finlight-Cincinnati-Ridge,DAILY_BATCH,,3.9551,3.9663,UP,3.939,DOWN,0.0273,0.0,0.0,0.0,3.9551,0.0,3.6388,4.2939,1.0,yfinance,5.0
2026-09-13 23:08:02,2026-07-21,Cincinnati_OH,v1.4-Finlight-Cincinnati-Ridge,DAILY_BATCH,,4.0161,4.0119,DOWN,3.9559,DOWN,0.056,1.0,0.0,0.0,4.0161,0.0,3.6843,4.3394,1.0,yfinance,5.0
2026-09-13 23:08:02,2026-07-22,Cincinnati_OH,v1.4-Finlight-Cincinnati-Ridge,DAILY_BATCH,,4.0897,4.0291,DOWN,3.9647,DOWN,0.0644,1.0,0.0,0.0,4.0897,0.0,3.7016,4.3566,1.0,yfinance,5.0
2026-09-13 23:08:02,2026-07-23,Cincinnati_OH,v1.4-Finlight-Cincinnati-Ridge,DAILY_BATCH,,4.0735,4.0199,DOWN,4.0464,DOWN,0.0265,1.0,0.0,0.0,4.0735,0.0,3.6924,4.3475,1.0,yfinance,5.0
2026-09-13 23:08:02,2026-07-24,Cincinnati_OH,v1.4-Finlight-Cincinnati-Ridge,DAILY_BATCH,,4.1815,4.0818,DOWN,3.9459,DOWN,0.1359,1.0,0.0,0.0,4.1815,0.0,3.7543,4.4093,1.0,yfinance,5.0
2026-09-13 23:08:02,2026-07-27,Cincinnati_OH,v1.4-Finlight-Cincinnati-Ridge,DAILY_BATCH,,4.1778,4.0976,DOWN,3.8773,DOWN,0.2203,1.0,0.0,0.0,4.1778,0.0,3.7701,4.4252,1.0,yfinance,5.0
2026-09-13 23:08:02,2026-07-28,Cincinnati_OH,v1.4-Finlight-Cincinnati-Ridge,DAILY_BATCH,,4.1947,4.1011,DOWN,3.8845,DOWN,0.2166,1.0,0.0,0.0,4.1947,0.0,3.7735,4.4286,1.0,yfinance,5.0
2026-09-13 23:08:02,2026-07-29,Cincinnati_OH,v1.4-Finlight-Cincinnati-Ridge,DAILY_BATCH,,4.2035,4.1553,DOWN,3.9478,DOWN,0.2075,1.0,0.0,0.0,4.2035,0.0,3.8277,4.4828,1.0,yfinance,5.0
2026-09-13 23:08:02,2026-07-30,Cincinnati_OH,v1.4-Finlight-Cincinnati-Ridge,DAILY_BATCH,,4.2852,4.1776,DOWN,3.8347,DOWN,0.3429,1.0,0.0,0.0,4.2852,0.0,3.8501,4.5052,0.0,yfinance,5.0
2026-09-13 23:08:02,2026-07-31,Cincinnati_OH,v1.4-Finlight-Cincinnati-Ridge,DAILY_BATCH,,4.1847,4.1131,DOWN,3.7716,DOWN,0.3415,1.0,0.0,0.0,4.1847,0.0,3.7855,4.4406,0.0,yfinance,5.0
2026-09-13 23:08:02,2026-08-03,Cincinnati_OH,v1.4-Finlight-Cincinnati-Ridge,DAILY_BATCH,,4.1161,4.1092,DOWN,3.5167,DOWN,0.5925,1.0,0.0,0.0,4.1161,0.0,3.7817,4.4367,0.0,yfinance,5.0
2026-09-13 23:08:02,2026-08-04,Cincinnati_OH,v1.4-Finlight-Cincinnati-Ridge,DAILY_BATCH,,4.1233,4.1362,UP,3.4022,DOWN,0.734,0.0,0.0,0.0,4.1233,0.0,3.8087,4.4637,0.0,yfinance,5.0
2026-09-13 23:08:02,2026-08-05,Cincinnati_OH,v1.4-Finlight-Cincinnati-Ridge,DAILY_BATCH,,4.1866,4.1948,UP,3.3888,DOWN,0.806,0.0,0.0,0.0,4.1866,0.0,3.8673,4.5224,0.0,yfinance,5.0
2026-09-13 23:08:02,2026-08-06,Cincinnati_OH,v1.4-Finlight-Cincinnati-Ridge,DAILY_BATCH,,4.0735,4.1096,UP,3.4885,DOWN,0.6211,0.0,0.0,0.0,4.0735,0.0,3.7821,4.4371,0.0,yfinance,5.0
2026-09-13 23:08:02,2026-08-07,Cincinnati_OH,v1.4-Finlight-Cincinnati-Ridge,DAILY_BATCH,,4.0104,4.0344,UP,3.5353,DOWN,0.4991,0.0,0.0,0.0,4.0104,0.0,3.7068,4.3619,0.0,yfinance,5.0
2026-09-13 23:08:02,2026-08-10,Cincinnati_OH,v1.4-Finlight-Cincinnati-Ridge,DAILY_BATCH,,3.7555,3.8147,UP,3.6854,DOWN,0.1293,0.0,0.0,0.0,3.7555,0.0,3.4872,4.1422,1.0,yfinance,5.0
2026-09-13 23:08:02,2026-08-11,Cincinnati_OH,v1.4-Finlight-Cincinnati-Ridge,DAILY_BATCH,,3.641,3.7276,UP,3.6866,UP,0.041,1.0,0.0,0.0,3.641,0.0,3.4001,4.0551,1.0,yfinance,5.0
2026-09-13 23:08:02,2026-08-12,Cincinnati_OH,v1.4-Finlight-Cincinnati-Ridge,DAILY_BATCH,,3.6276,3.7512,UP,3.7037,UP,0.0475,1.0,0.0,0.0,3.6276,0.0,3.4237,4.0787,1.0,yfinance,5.0
2026-09-13 23:08:02,2026-08-13,Cincinnati_OH,v1.4-Finlight-Cincinnati-Ridge,DAILY_BATCH,,3.7273,3.8645,UP,3.678,DOWN,0.1865,0.0,0.0,0.0,3.7273,0.0,3.537,4.192,1.0,yfinance,5.0
2026-09-13 23:08:02,2026-08-14,Cincinnati_OH,v1.4-Finlight-Cincinnati-Ridge,DAILY_BATCH,,3.7741,3.821,UP,3.7341,DOWN,0.0869,0.0,0.0,0.0,3.7741,0.0,3.4935,4.1485,1.0,yfinance,5.0
2026-09-13 23:08:02,2026-08-17,Cincinnati_OH,v1.4-Finlight-Cincinnati-Ridge,DAILY_BATCH,,3.9242,3.8604,DOWN,3.8201,DOWN,0.0403,1.0,0.0,0.0,3.9242,0.0,3.5329,4.188,1.0,yfinance,5.0
2026-09-13 23:08:02,2026-08-18,Cincinnati_OH,v1.4-Finlight-Cincinnati-Ridge,DAILY_BATCH,,3.9254,3.8575,DOWN,3.8517,DOWN,0.0058,1.0,0.0,0.0,3.9254,0.0,3.5299,4.185,1.0,yfinance,5.0
2026-09-13 23:08:02,2026-08-19,Cincinnati_OH,v1.4-Finlight-Cincinnati-Ridge,DAILY_BATCH,,3.9425,3.9135,DOWN,3.8051,DOWN,0.1084,1.0,0.0,0.0,3.9425,0.0,3.586,4.241,1.0,yfinance,5.0
2026-09-13 23:08:02,2026-08-20,Cincinnati_OH,v1.4-Finlight-Cincinnati-Ridge,DAILY_BATCH,,3.9168,3.8801,DOWN,3.8129,DOWN,0.0672,1.0,0.0,0.0,3.9168,0.0,3.5526,4.2076,1.0,yfinance,5.0
2026-09-13 23:08:02,2026-08-21,Cincinnati_OH,v1.4-Finlight-Cincinnati-Ridge,DAILY_BATCH,,3.9729,3.9156,DOWN,3.8979,DOWN,0.0177,1.0,0.0,0.0,3.9729,0.0,3.588,4.2431,1.0,yfinance,5.0
2026-09-13 23:08:02,2026-08-24,Cincinnati_OH,v1.4-Finlight-Cincinnati-Ridge,DAILY_BATCH,,4.0589,3.9364,DOWN,3.8208,DOWN,0.1156,1.0,0.0,0.0,4.0589,0.0,3.6089,4.2639,1.0,yfinance,5.0
2026-09-13 23:08:02,2026-08-25,Cincinnati_OH,v1.4-Finlight-Cincinnati-Ridge,DAILY_BATCH,,4.0905,3.9734,DOWN,3.8029,DOWN,0.1705,1.0,0.0,0.0,4.0905,0.0,3.6459,4.3009,1.0,yfinance,5.0
2026-09-13 23:08:02,2026-08-26,Cincinnati_OH,v1.4-Finlight-Cincinnati-Ridge,DAILY_BATCH,,4.0439,3.9282,DOWN,3.8701,DOWN,0.0581,1.0,0.0,0.0,4.0439,0.0,3.6007,4.2557,1.0,yfinance,5.0
2026-09-13 23:08:02,2026-08-27,Cincinnati_OH,v1.4-Finlight-Cincinnati-Ridge,DAILY_BATCH,,4.0517,3.9433,DOWN,3.9342,DOWN,0.0091,1.0,0.0,0.0,4.0517,0.0,3.6158,4.2709,1.0,yfinance,5.0
2026-09-13 23:08:02,2026-08-28,Cincinnati_OH,v1.4-Finlight-Cincinnati-Ridge,DAILY_BATCH,,4.1367,3.9939,DOWN,4.0399,DOWN,0.046,1.0,0.0,0.0,4.1367,0.0,3.6664,4.3214,1.0,yfinance,5.0
2026-09-13 23:08:02,2026-08-31,Cincinnati_OH,v1.4-Finlight-Cincinnati-Ridge,DAILY_BATCH,,4.0596,3.9961,DOWN,3.987,DOWN,0.0091,1.0,0.0,0.0,4.0596,0.0,3.6686,4.3236,1.0,yfinance,5.0
2026-09-13 23:08:02,2026-09-01,Cincinnati_OH,v1.4-Finlight-Cincinnati-Ridge,DAILY_BATCH,,4.0417,4.0209,DOWN,3.6851,DOWN,0.3358,1.0,0.0,0.0,4.0417,0.0,3.6934,4.3484,0.0,yfinance,5.0
2026-09-13 23:08:02,2026-09-02,Cincinnati_OH,v1.4-Finlight-Cincinnati-Ridge,DAILY_BATCH,,4.1089,4.0725,DOWN,3.6538,DOWN,0.4187,1.0,0.0,0.0,4.1089,0.0,3.745,4.4,0.0,yfinance,5.0
2026-09-13 23:08:02,2026-09-03,Cincinnati_OH,v1.4-Finlight-Cincinnati-Ridge,DAILY_BATCH,,4.173,4.1251,DOWN,3.6849,DOWN,0.4402,1.0,0.0,0.0,4.173,0.0,3.7976,4.4526,0.0,yfinance,5.0
2026-09-13 23:08:02,2026-09-04,Cincinnati_OH,v1.4-Finlight-Cincinnati-Ridge,DAILY_BATCH,,4.2787,4.1793,DOWN,3.7646,DOWN,0.4147,1.0,0.0,0.0,4.2787,0.0,3.8518,4.5068,0.0,yfinance,5.0
2026-09-13 23:08:02,2026-09-07,Cincinnati_OH,v1.4-Finlight-Cincinnati-Ridge,DAILY_BATCH,,4.2258,4.163,DOWN,,,,,0.0,0.0,4.2258,0.0,3.8355,4.4905,,yfinance,5.0
2026-09-13 23:08:02,2026-09-08,Cincinnati_OH,v1.4-Finlight-Cincinnati-Ridge,DAILY_BATCH,,3.9239,3.9063,DOWN,3.8025,DOWN,0.1038,1.0,0.0,0.0,3.9239,0.0,3.5788,4.2338,1.0,yfinance,5.0
2026-09-13 23:08:02,2026-09-09,Cincinnati_OH,v1.4-Finlight-Cincinnati-Ridge,DAILY_BATCH,,3.8926,3.8519,DOWN,3.7606,DOWN,0.0913,1.0,0.0,0.0,3.8926,0.0,3.5243,4.1794,1.0,yfinance,5.0
2026-09-13 23:08:02,2026-09-10,Cincinnati_OH,v1.4-Finlight-Cincinnati-Ridge,DAILY_BATCH,,3.9237,3.8999,DOWN,3.9432,UP,0.0433,0.0,0.0,0.0,3.9237,0.0,3.5724,4.2274,1.0,yfinance,5.0
2026-09-13 23:08:05,2025-10-03,Cincinnati_KY,v1.4-Finlight-Cincinnati-Ridge,DAILY_BATCH,,2.0514,2.001,DOWN,2.2855,UP,0.2845,0.0,0.0,0.0,2.0514,0.0,1.639,2.3631,1.0,yfinance,5.0
2026-09-13 23:08:05,2025-10-06,Cincinnati_KY,v1.4-Finlight-Cincinnati-Ridge,DAILY_BATCH,,2.0089,1.9847,DOWN,2.3266,UP,0.3419,0.0,0.0,0.0,2.0089,0.0,1.6227,2.3467,1.0,yfinance,5.0
2026-09-13 23:08:05,2025-10-07,Cincinnati_KY,v1.4-Finlight-Cincinnati-Ridge,DAILY_BATCH,,1.9867,1.9679,DOWN,2.3189,UP,0.351,0.0,0.0,0.0,1.9867,0.0,1.6059,2.3299,1.0,yfinance,5.0
2026-09-13 23:08:05,2025-10-08,Cincinnati_KY,v1.4-Finlight-Cincinnati-Ridge,DAILY_BATCH,,1.8997,1.8176,DOWN,2.3345,UP,0.5169,0.0,0.0,0.0,1.8997,0.0,1.4556,2.1797,0.0,yfinance,5.0
2026-09-13 23:08:05,2025-10-09,Cincinnati_KY,v1.4-Finlight-Cincinnati-Ridge,DAILY_BATCH,,1.8648,1.8327,DOWN,2.3076,UP,0.4749,0.0,0.0,0.0,1.8648,0.0,1.4707,2.1947,0.0,yfinance,5.0
2026-09-13 23:08:05,2025-10-10,Cincinnati_KY,v1.4-Finlight-Cincinnati-Ridge,DAILY_BATCH,,1.8743,1.8699,DOWN,2.2454,UP,0.3755,0.0,0.0,0.0,1.8743,0.0,1.5079,2.2319,0.0,yfinance,5.0
2026-09-13 23:08:05,2025-10-13,Cincinnati_KY,v1.4-Finlight-Cincinnati-Ridge,DAILY_BATCH,,1.9154,1.9211,UP,2.2688,UP,0.3477,1.0,0.0,0.0,1.9154,0.0,1.5591,2.2831,1.0,yfinance,5.0
2026-09-13 23:08:05,2025-10-14,Cincinnati_KY,v1.4-Finlight-Cincinnati-Ridge,DAILY_BATCH,,1.9077,1.9033,DOWN,2.2536,UP,0.3503,0.0,0.0,0.0,1.9077,0.0,1.5412,2.2653,1.0,yfinance,5.0
2026-09-13 23:08:05,2025-10-15,Cincinnati_KY,v1.4-Finlight-Cincinnati-Ridge,DAILY_BATCH,,1.9233,1.9195,DOWN,2.2594,UP,0.3399,0.0,0.0,0.0,1.9233,0.0,1.5575,2.2815,1.0,yfinance,5.0
2026-09-13 23:08:05,2025-10-16,Cincinnati_KY,v1.4-Finlight-Cincinnati-Ridge,DAILY_BATCH,,1.8964,1.91,UP,2.2367,UP,0.3267,1.0,0.0,0.0,1.8964,0.0,1.548,2.272,1.0,yfinance,5.0
2026-09-13 23:08:05,2025-10-17,Cincinnati_KY,v1.4-Finlight-Cincinnati-Ridge,DAILY_BATCH,,1.8342,1.8735,UP,2.2627,UP,0.3892,1.0,0.0,0.0,1.8342,0.0,1.5115,2.2356,0.0,yfinance,5.0
2026-09-13 23:08:05,2025-10-20,Cincinnati_KY,v1.4-Finlight-Cincinnati-Ridge,DAILY_BATCH,,1.8576,1.8812,UP,2.2552,UP,0.374,1.0,0.0,0.0,1.8576,0.0,1.5192,2.2433,0.0,yfinance,5.0
2026-09-13 23:08:05,2025-10-21,Cincinnati_KY,v1.4-Finlight-Cincinnati-Ridge,DAILY_BATCH,,1.8424,1.8798,UP,2.2503,UP,0.3705,1.0,0.0,0.0,1.8424,0.0,1.5178,2.2418,0.0,yfinance,5.0
2026-09-13 23:08:05,2025-10-22,Cincinnati_KY,v1.4-Finlight-Cincinnati-Ridge,DAILY_BATCH,,1.8482,1.878,UP,2.29,UP,0.412,1.0,0.0,0.0,1.8482,0.0,1.516,2.24,0.0,yfinance,5.0
2026-09-13 23:08:05,2025-10-23,Cincinnati_KY,v1.4-Finlight-Cincinnati-Ridge,DAILY_BATCH,,1.8255,1.8439,UP,2.3519,UP,0.508,1.0,0.0,0.0,1.8255,0.0,1.4818,2.2059,0.0,yfinance,5.0
2026-09-13 23:08:05,2025-10-24,Cincinnati_KY,v1.4-Finlight-Cincinnati-Ridge,DAILY_BATCH,,1.8515,1.862,UP,2.3477,UP,0.4857,1.0,0.0,0.0,1.8515,0.0,1.5,2.224,0.0,yfinance,5.0
2026-09-13 23:08:05,2025-10-27,Cincinnati_KY,v1.4-Finlight-Cincinnati-Ridge,DAILY_BATCH,,1.844,1.866,UP,2.3454,UP,0.4794,1.0,0.0,0.0,1.844,0.0,1.504,2.228,0.0,yfinance,5.0
2026-09-13 23:08:05,2025-10-28,Cincinnati_KY,v1.4-Finlight-Cincinnati-Ridge,DAILY_BATCH,,1.8391,1.8543,UP,2.3502,UP,0.4959,1.0,0.0,0.0,1.8391,0.0,1.4923,2.2163,0.0,yfinance,5.0
2026-09-13 23:08:05,2025-10-29,Cincinnati_KY,v1.4-Finlight-Cincinnati-Ridge,DAILY_BATCH,,1.8788,1.8772,DOWN,2.3987,UP,0.5215,0.0,0.0,0.0,1.8788,0.0,1.5152,2.2392,0.0,yfinance,5.0
2026-09-13 23:08:05,2025-10-30,Cincinnati_KY,v1.4-Finlight-Cincinnati-Ridge,DAILY_BATCH,,1.9407,1.9149,DOWN,2.4284,UP,0.5135,0.0,0.0,0.0,1.9407,0.0,1.5529,2.2769,0.0,yfinance,5.0
2026-09-13 23:08:05,2025-10-31,Cincinnati_KY,v1.4-Finlight-Cincinnati-Ridge,DAILY_BATCH,,1.9365,1.9073,DOWN,2.4181,UP,0.5108,0.0,0.0,0.0,1.9365,0.0,1.5453,2.2693,0.0,yfinance,5.0
2026-09-13 23:08:05,2025-11-03,Cincinnati_KY,v1.4-Finlight-Cincinnati-Ridge,DAILY_BATCH,,1.9342,1.9336,DOWN,2.3411,UP,0.4075,0.0,0.0,0.0,1.9342,0.0,1.5716,2.2956,0.0,yfinance,5.0
2026-09-13 23:08:05,2025-11-04,Cincinnati_KY,v1.4-Finlight-Cincinnati-Ridge,DAILY_BATCH,,1.939,1.9489,UP,2.3478,UP,0.3989,1.0,0.0,0.0,1.939,0.0,1.5868,2.3109,0.0,yfinance,5.0
2026-09-13 23:08:05,2025-11-05,Cincinnati_KY,v1.4-Finlight-Cincinnati-Ridge,DAILY_BATCH,,1.9875,1.9905,UP,2.3343,UP,0.3438,1.0,0.0,0.0,1.9875,0.0,1.6285,2.3525,1.0,yfinance,5.0
2026-09-13 23:08:05,2025-11-06,Cincinnati_KY,v1.4-Finlight-Cincinnati-Ridge,DAILY_BATCH,,2.0172,1.9788,DOWN,2.3906,UP,0.4118,0.0,0.0,0.0,2.0172,0.0,1.6168,2.3408,0.0,yfinance,5.0
2026-09-13 23:08:05,2025-11-07,Cincinnati_KY,v1.4-Finlight-Cincinnati-Ridge,DAILY_BATCH,,2.0069,1.9886,DOWN,2.3653,UP,0.3767,0.0,0.0,0.0,2.0069,0.0,1.6266,2.3506,0.0,yfinance,5.0
2026-09-13 23:08:05,2025-11-10,Cincinnati_KY,v1.4-Finlight-Cincinnati-Ridge,DAILY_BATCH,,1.9299,1.9197,DOWN,2.3961,UP,0.4764,0.0,0.0,0.0,1.9299,0.0,1.5577,2.2817,0.0,yfinance,5.0
2026-09-13 23:08:05,2025-11-11,Cincinnati_KY,v1.4-Finlight-Cincinnati-Ridge,DAILY_BATCH,,1.9366,1.9246,DOWN,2.437,UP,0.5124,0.0,0.0,0.0,1.9366,0.0,1.5626,2.2866,0.0,yfinance,5.0
2026-09-13 23:08:05,2025-11-12,Cincinnati_KY,v1.4-Finlight-Cincinnati-Ridge,DAILY_BATCH,,1.9231,1.9328,UP,2.3804,UP,0.4476,1.0,0.0,0.0,1.9231,0.0,1.5708,2.2948,0.0,yfinance,5.0
2026-09-13 23:08:05,2025-11-13,Cincinnati_KY,v1.4-Finlight-Cincinnati-Ridge,DAILY_BATCH,,1.9794,2.0433,UP,2.3847,UP,0.3414,1.0,0.0,0.0,1.9794,0.0,1.6813,2.4053,1.0,yfinance,5.0
2026-09-13 23:08:05,2025-11-14,Cincinnati_KY,v1.4-Finlight-Cincinnati-Ridge,DAILY_BATCH,,1.9541,2.007,UP,2.4366,UP,0.4296,1.0,0.0,0.0,1.9541,0.0,1.645,2.369,0.0,yfinance,5.0
2026-09-13 23:08:05,2025-11-17,Cincinnati_KY,v1.4-Finlight-Cincinnati-Ridge,DAILY_BATCH,,1.9849,2.0105,UP,2.4151,UP,0.4046,1.0,0.0,0.0,1.9849,0.0,1.6485,2.3725,0.0,yfinance,5.0
2026-09-13 23:08:05,2025-11-18,Cincinnati_KY,v1.4-Finlight-Cincinnati-Ridge,DAILY_BATCH,,2.0258,2.0506,UP,2.4243,UP,0.3737,1.0,0.0,0.0,2.0258,0.0,1.6886,2.4126,0.0,yfinance,5.0
2026-09-13 23:08:05,2025-11-19,Cincinnati_KY,v1.4-Finlight-Cincinnati-Ridge,DAILY_BATCH,,1.9692,2.0022,UP,2.3571,UP,0.3549,1.0,0.0,0.0,1.9692,0.0,1.6401,2.3642,1.0,yfinance,5.0
2026-09-13 23:08:05,2025-11-20,Cincinnati_KY,v1.4-Finlight-Cincinnati-Ridge,DAILY_BATCH,,1.9735,2.0184,UP,2.3434,UP,0.325,1.0,0.0,0.0,1.9735,0.0,1.6563,2.3804,1.0,yfinance,5.0
2026-09-13 23:08:05,2025-11-21,Cincinnati_KY,v1.4-Finlight-Cincinnati-Ridge,DAILY_BATCH,,2.0254,2.0644,UP,2.3084,UP,0.244,1.0,0.0,0.0,2.0254,0.0,1.7024,2.4264,1.0,yfinance,5.0
2026-09-13 23:08:05,2025-11-24,Cincinnati_KY,v1.4-Finlight-Cincinnati-Ridge,DAILY_BATCH,,2.0039,2.0327,UP,2.3216,UP,0.2889,1.0,0.0,0.0,2.0039,0.0,1.6707,2.3947,1.0,yfinance,5.0
2026-09-13 23:08:05,2025-11-25,Cincinnati_KY,v1.4-Finlight-Cincinnati-Ridge,DAILY_BATCH,,2.0131,2.0369,UP,2.2822,UP,0.2453,1.0,0.0,0.0,2.0131,0.0,1.6749,2.3989,1.0,yfinance,5.0
2026-09-13 23:08:05,2025-11-26,Cincinnati_KY,v1.4-Finlight-Cincinnati-Ridge,DAILY_BATCH,,1.9459,1.9286,DOWN,2.314,UP,0.3854,0.0,0.0,0.0,1.9459,0.0,1.5666,2.2906,0.0,yfinance,5.0
2026-09-13 23:08:05,2025-11-27,Cincinnati_KY,v1.4-Finlight-Cincinnati-Ridge,DAILY_BATCH,,1.9322,1.9313,DOWN,,,,,0.0,0.0,1.9322,0.0,1.5693,2.2933,,yfinance,5.0
2026-09-13 23:08:05,2025-11-28,Cincinnati_KY,v1.4-Finlight-Cincinnati-Ridge,DAILY_BATCH,,1.8972,1.888,DOWN,2.3209,UP,0.4329,0.0,0.0,0.0,1.8972,0.0,1.5259,2.25,0.0,yfinance,5.0
2026-09-13 23:08:05,2025-12-01,Cincinnati_KY,v1.4-Finlight-Cincinnati-Ridge,DAILY_BATCH,,1.9104,1.9425,UP,2.2939,UP,0.3514,1.0,0.0,0.0,1.9104,0.0,1.5805,2.3045,1.0,yfinance,5.0
2026-09-13 23:08:05,2025-12-02,Cincinnati_KY,v1.4-Finlight-Cincinnati-Ridge,DAILY_BATCH,,1.871,1.8967,UP,2.2553,UP,0.3586,1.0,0.0,0.0,1.871,0.0,1.5347,2.2587,1.0,yfinance,5.0
2026-09-13 23:08:05,2025-12-03,Cincinnati_KY,v1.4-Finlight-Cincinnati-Ridge,DAILY_BATCH,,1.9028,1.9176,UP,2.2522,UP,0.3346,1.0,0.0,0.0,1.9028,0.0,1.5556,2.2796,1.0,yfinance,5.0
2026-09-13 23:08:05,2025-12-05,Cincinnati_KY,v1.4-Finlight-Cincinnati-Ridge,DAILY_BATCH,,1.9097,1.9246,UP,2.2591,UP,0.3345,1.0,0.0,0.0,1.9097,0.0,1.5626,2.2866,1.0,yfinance,5.0
2026-09-13 23:08:05,2025-12-08,Cincinnati_KY,v1.4-Finlight-Cincinnati-Ridge,DAILY_BATCH,,1.8827,1.9025,UP,2.2231,UP,0.3206,1.0,0.0,0.0,1.8827,0.0,1.5405,2.2645,1.0,yfinance,5.0
2026-09-13 23:08:05,2025-12-09,Cincinnati_KY,v1.4-Finlight-Cincinnati-Ridge,DAILY_BATCH,,1.8441,1.8541,UP,2.2147,UP,0.3606,1.0,0.0,0.0,1.8441,0.0,1.4921,2.2161,1.0,yfinance,5.0
2026-09-13 23:08:05,2025-12-10,Cincinnati_KY,v1.4-Finlight-Cincinnati-Ridge,DAILY_BATCH,,1.841,1.8561,UP,2.2065,UP,0.3504,1.0,0.0,0.0,1.841,0.0,1.4941,2.2181,1.0,yfinance,5.0
2026-09-13 23:08:05,2025-12-11,Cincinnati_KY,v1.4-Finlight-Cincinnati-Ridge,DAILY_BATCH,,1.8409,1.8438,UP,2.1848,UP,0.341,1.0,0.0,0.0,1.8409,0.0,1.4818,2.2058,1.0,yfinance,5.0
2026-09-13 23:08:05,2025-12-12,Cincinnati_KY,v1.4-Finlight-Cincinnati-Ridge,DAILY_BATCH,,1.8479,1.842,DOWN,2.1771,UP,0.3351,0.0,0.0,0.0,1.8479,0.0,1.48,2.204,1.0,yfinance,5.0
2026-09-13 23:08:05,2025-12-15,Cincinnati_KY,v1.4-Finlight-Cincinnati-Ridge,DAILY_BATCH,,1.8119,1.8133,UP,2.1573,UP,0.344,1.0,0.0,0.0,1.8119,0.0,1.4513,2.1753,1.0,yfinance,5.0
2026-09-13 23:08:05,2025-12-16,Cincinnati_KY,v1.4-Finlight-Cincinnati-Ridge,DAILY_BATCH,,1.8035,1.8157,UP,2.1059,UP,0.2902,1.0,0.0,0.0,1.8035,0.0,1.4537,2.1778,1.0,yfinance,5.0
2026-09-13 23:08:05,2025-12-17,Cincinnati_KY,v1.4-Finlight-Cincinnati-Ridge,DAILY_BATCH,,1.7953,1.7881,DOWN,2.1193,UP,0.3312,0.0,0.0,0.0,1.7953,0.0,1.4261,2.1502,1.0,yfinance,5.0
2026-09-13 23:08:05,2025-12-18,Cincinnati_KY,v1.4-Finlight-Cincinnati-Ridge,DAILY_BATCH,,1.7736,1.7986,UP,2.1263,UP,0.3277,1.0,0.0,0.0,1.7736,0.0,1.4365,2.1606,1.0,yfinance,5.0
2026-09-13 23:08:05,2025-12-19,Cincinnati_KY,v1.4-Finlight-Cincinnati-Ridge,DAILY_BATCH,,1.7659,1.7934,UP,2.1332,UP,0.3398,1.0,0.0,0.0,1.7659,0.0,1.4314,2.1554,1.0,yfinance,5.0
2026-09-13 23:08:05,2025-12-22,Cincinnati_KY,v1.4-Finlight-Cincinnati-Ridge,DAILY_BATCH,,1.7461,1.7826,UP,2.1672,UP,0.3846,1.0,0.0,0.0,1.7461,0.0,1.4206,2.1446,0.0,yfinance,5.0
2026-09-13 23:08:05,2025-12-23,Cincinnati_KY,v1.4-Finlight-Cincinnati-Ridge,DAILY_BATCH,,1.6947,1.7287,UP,2.1682,UP,0.4395,1.0,0.0,0.0,1.6947,0.0,1.3667,2.0907,0.0,yfinance,5.0
2026-09-13 23:08:05,2025-12-24,Cincinnati_KY,v1.4-Finlight-Cincinnati-Ridge,DAILY_BATCH,,1.7081,1.7403,UP,2.1721,UP,0.4318,1.0,0.0,0.0,1.7081,0.0,1.3782,2.1023,0.0,yfinance,5.0
2026-09-13 23:08:05,2025-12-25,Cincinnati_KY,v1.4-Finlight-Cincinnati-Ridge,DAILY_BATCH,,1.7151,1.7412,UP,,,,,0.0,0.0,1.7151,0.0,1.3792,2.1032,,yfinance,5.0
2026-09-13 23:08:05,2025-12-26,Cincinnati_KY,v1.4-Finlight-Cincinnati-Ridge,DAILY_BATCH,,1.722,1.7733,UP,2.1221,UP,0.3488,1.0,0.0,0.0,1.722,0.0,1.4112,2.1353,1.0,yfinance,5.0
2026-09-13 23:08:05,2025-12-29,Cincinnati_KY,v1.4-Finlight-Cincinnati-Ridge,DAILY_BATCH,,1.756,1.7809,UP,2.1402,UP,0.3593,1.0,0.0,0.0,1.756,0.0,1.4189,2.1429,1.0,yfinance,5.0
2026-09-13 23:08:05,2025-12-30,Cincinnati_KY,v1.4-Finlight-Cincinnati-Ridge,DAILY_BATCH,,1.757,1.7881,UP,2.146,UP,0.3579,1.0,0.0,0.0,1.757,0.0,1.4261,2.1501,1.0,yfinance,5.0
2026-09-13 23:08:05,2025-12-31,Cincinnati_KY,v1.4-Finlight-Cincinnati-Ridge,DAILY_BATCH,,1.7609,1.7695,UP,2.1304,UP,0.3609,1.0,0.0,0.0,1.7609,0.0,1.4075,2.1315,1.0,yfinance,5.0
2026-09-13 23:08:05,2026-01-02,Cincinnati_KY,v1.4-Finlight-Cincinnati-Ridge,DAILY_BATCH,,1.7109,1.7338,UP,2.1232,UP,0.3894,1.0,0.0,0.0,1.7109,0.0,1.3718,2.0958,0.0,yfinance,5.0
2026-09-13 23:08:05,2026-01-05,Cincinnati_KY,v1.4-Finlight-Cincinnati-Ridge,DAILY_BATCH,,1.729,1.7487,UP,2.145,UP,0.3963,1.0,0.0,0.0,1.729,0.0,1.3867,2.1107,0.0,yfinance,5.0
2026-09-13 23:08:05,2026-01-06,Cincinnati_KY,v1.4-Finlight-Cincinnati-Ridge,DAILY_BATCH,,1.7348,1.7653,UP,2.1256,UP,0.3603,1.0,0.0,0.0,1.7348,0.0,1.4033,2.1273,1.0,yfinance,5.0
2026-09-13 23:08:05,2026-01-07,Cincinnati_KY,v1.4-Finlight-Cincinnati-Ridge,DAILY_BATCH,,1.7192,1.7405,UP,2.1195,UP,0.379,1.0,0.0,0.0,1.7192,0.0,1.3785,2.1025,0.0,yfinance,5.0
2026-09-13 23:08:05,2026-01-09,Cincinnati_KY,v1.4-Finlight-Cincinnati-Ridge,DAILY_BATCH,,1.712,1.736,UP,2.2056,UP,0.4696,1.0,0.0,0.0,1.712,0.0,1.374,2.098,0.0,yfinance,5.0
2026-09-13 23:08:05,2026-01-12,Cincinnati_KY,v1.4-Finlight-Cincinnati-Ridge,DAILY_BATCH,,1.7338,1.7579,UP,2.2188,UP,0.4609,1.0,0.0,0.0,1.7338,0.0,1.3959,2.12,0.0,yfinance,5.0
2026-09-13 23:08:05,2026-01-13,Cincinnati_KY,v1.4-Finlight-Cincinnati-Ridge,DAILY_BATCH,,1.7144,1.7411,UP,2.2515,UP,0.5104,1.0,0.0,0.0,1.7144,0.0,1.379,2.1031,0.0,yfinance,5.0
2026-09-13 23:08:05,2026-01-14,Cincinnati_KY,v1.4-Finlight-Cincinnati-Ridge,DAILY_BATCH,,1.7083,1.7503,UP,2.2554,UP,0.5051,1.0,0.0,0.0,1.7083,0.0,1.3883,2.1123,0.0,yfinance,5.0
2026-09-13 23:08:05,2026-01-15,Cincinnati_KY,v1.4-Finlight-Cincinnati-Ridge,DAILY_BATCH,,1.7741,1.8598,UP,2.2088,UP,0.349,1.0,0.0,0.0,1.7741,0.0,1.4977,2.2218,1.0,yfinance,5.0
2026-09-13 23:08:05,2026-01-16,Cincinnati_KY,v1.4-Finlight-Cincinnati-Ridge,DAILY_BATCH,,1.7944,1.8883,UP,2.2102,UP,0.3219,1.0,0.0,0.0,1.7944,0.0,1.5263,2.2503,1.0,yfinance,5.0
2026-09-13 23:08:05,2026-01-19,Cincinnati_KY,v1.4-Finlight-Cincinnati-Ridge,DAILY_BATCH,,1.8076,1.8937,UP,,,,,0.0,0.0,1.8076,0.0,1.5316,2.2557,,yfinance,5.0
2026-09-13 23:08:05,2026-01-20,Cincinnati_KY,v1.4-Finlight-Cincinnati-Ridge,DAILY_BATCH,,1.8403,1.9285,UP,2.2488,UP,0.3203,1.0,0.0,0.0,1.8403,0.0,1.5665,2.2905,1.0,yfinance,5.0
2026-09-13 23:08:05,2026-01-21,Cincinnati_KY,v1.4-Finlight-Cincinnati-Ridge,DAILY_BATCH,,1.8442,1.9069,UP,2.2824,UP,0.3755,1.0,0.0,0.0,1.8442,0.0,1.5449,2.2689,0.0,yfinance,5.0
2026-09-13 23:08:05,2026-01-22,Cincinnati_KY,v1.4-Finlight-Cincinnati-Ridge,DAILY_BATCH,,1.7976,1.8601,UP,2.2422,UP,0.3821,1.0,0.0,0.0,1.7976,0.0,1.4981,2.2221,0.0,yfinance,5.0
2026-09-13 23:08:05,2026-01-23,Cincinnati_KY,v1.4-Finlight-Cincinnati-Ridge,DAILY_BATCH,,1.799,1.8526,UP,2.276,UP,0.4234,1.0,0.0,0.0,1.799,0.0,1.4905,2.2146,0.0,yfinance,5.0
2026-09-13 23:08:05,2026-01-27,Cincinnati_KY,v1.4-Finlight-Cincinnati-Ridge,DAILY_BATCH,,1.8376,1.9126,UP,2.2902,UP,0.3776,1.0,0.0,0.0,1.8376,0.0,1.5506,2.2746,0.0,yfinance,5.0
2026-09-13 23:08:05,2026-01-28,Cincinnati_KY,v1.4-Finlight-Cincinnati-Ridge,DAILY_BATCH,,1.8712,1.93,UP,2.3173,UP,0.3873,1.0,0.0,0.0,1.8712,0.0,1.568,2.292,0.0,yfinance,5.0
2026-09-13 23:08:05,2026-01-29,Cincinnati_KY,v1.4-Finlight-Cincinnati-Ridge,DAILY_BATCH,,1.831,1.8865,UP,2.345,UP,0.4585,1.0,0.0,0.0,1.831,0.0,1.5245,2.2485,0.0,yfinance,5.0
2026-09-13 23:08:05,2026-01-30,Cincinnati_KY,v1.4-Finlight-Cincinnati-Ridge,DAILY_BATCH,,1.8648,1.9305,UP,2.3478,UP,0.4173,1.0,0.0,0.0,1.8648,0.0,1.5685,2.2925,0.0,yfinance,5.0
2026-09-13 23:08:05,2026-02-02,Cincinnati_KY,v1.4-Finlight-Cincinnati-Ridge,DAILY_BATCH,,1.8339,1.9246,UP,2.2764,UP,0.3518,1.0,0.0,0.0,1.8339,0.0,1.5626,2.2866,1.0,yfinance,5.0
2026-09-13 23:08:05,2026-02-03,Cincinnati_KY,v1.4-Finlight-Cincinnati-Ridge,DAILY_BATCH,,1.879,1.9704,UP,2.3229,UP,0.3525,1.0,0.0,0.0,1.879,0.0,1.6083,2.3324,1.0,yfinance,5.0
2026-09-13 23:08:05,2026-02-04,Cincinnati_KY,v1.4-Finlight-Cincinnati-Ridge,DAILY_BATCH,,1.9061,1.9952,UP,2.3902,UP,0.395,1.0,0.0,0.0,1.9061,0.0,1.6332,2.3572,0.0,yfinance,5.0
2026-09-13 23:08:05,2026-02-05,Cincinnati_KY,v1.4-Finlight-Cincinnati-Ridge,DAILY_BATCH,,1.9338,1.9974,UP,2.3516,UP,0.3542,1.0,0.0,0.0,1.9338,0.0,1.6353,2.3594,1.0,yfinance,5.0
2026-09-13 23:08:05,2026-02-06,Cincinnati_KY,v1.4-Finlight-Cincinnati-Ridge,DAILY_BATCH,,1.9366,1.9968,UP,2.3782,UP,0.3814,1.0,0.0,0.0,1.9366,0.0,1.6348,2.3588,0.0,yfinance,5.0
2026-09-13 23:08:05,2026-02-09,Cincinnati_KY,v1.4-Finlight-Cincinnati-Ridge,DAILY_BATCH,,1.8652,1.9375,UP,2.4105,UP,0.473,1.0,0.0,0.0,1.8652,0.0,1.5754,2.2995,0.0,yfinance,5.0
2026-09-13 23:08:05,2026-02-10,Cincinnati_KY,v1.4-Finlight-Cincinnati-Ridge,DAILY_BATCH,,1.9117,2.002,UP,2.3842,UP,0.3822,1.0,0.0,0.0,1.9117,0.0,1.64,2.364,0.0,yfinance,5.0
2026-09-13 23:08:05,2026-02-11,Cincinnati_KY,v1.4-Finlight-Cincinnati-Ridge,DAILY_BATCH,,1.979,2.0691,UP,2.4039,UP,0.3348,1.0,0.0,0.0,1.979,0.0,1.7071,2.4311,1.0,yfinance,5.0
2026-09-13 23:08:05,2026-02-12,Cincinnati_KY,v1.4-Finlight-Cincinnati-Ridge,DAILY_BATCH,,1.9404,2.0434,UP,2.3409,UP,0.2975,1.0,0.0,0.0,1.9404,0.0,1.6814,2.4054,1.0,yfinance,5.0
2026-09-13 23:08:05,2026-02-13,Cincinnati_KY,v1.4-Finlight-Cincinnati-Ridge,DAILY_BATCH,,1.967,2.099,UP,2.336,UP,0.237,1.0,0.0,0.0,1.967,0.0,1.7369,2.461,1.0,yfinance,5.0
2026-09-13 23:08:05,2026-02-16,Cincinnati_KY,v1.4-Finlight-Cincinnati-Ridge,DAILY_BATCH,,1.9993,2.1002,UP,,,,,0.0,0.0,1.9993,0.0,1.7382,2.4622,,yfinance,5.0
2026-09-13 23:08:05,2026-02-17,Cincinnati_KY,v1.4-Finlight-Cincinnati-Ridge,DAILY_BATCH,,1.973,2.0767,UP,2.3394,UP,0.2627,1.0,0.0,0.0,1.973,0.0,1.7147,2.4387,1.0,yfinance,5.0
2026-09-13 23:08:05,2026-02-18,Cincinnati_KY,v1.4-Finlight-Cincinnati-Ridge,DAILY_BATCH,,1.9927,2.097,UP,2.393,UP,0.296,1.0,0.0,0.0,1.9927,0.0,1.735,2.459,1.0,yfinance,5.0
2026-09-13 23:08:05,2026-02-19,Cincinnati_KY,v1.4-Finlight-Cincinnati-Ridge,DAILY_BATCH,,1.9297,2.0348,UP,2.4316,UP,0.3968,1.0,0.0,0.0,1.9297,0.0,1.6728,2.3968,0.0,yfinance,5.0
2026-09-13 23:08:05,2026-02-20,Cincinnati_KY,v1.4-Finlight-Cincinnati-Ridge,DAILY_BATCH,,1.9248,2.0467,UP,2.4223,UP,0.3756,1.0,0.0,0.0,1.9248,0.0,1.6847,2.4087,0.0,yfinance,5.0
2026-09-13 23:08:05,2026-02-24,Cincinnati_KY,v1.4-Finlight-Cincinnati-Ridge,DAILY_BATCH,,1.9282,2.0125,UP,2.3964,UP,0.3839,1.0,0.0,0.0,1.9282,0.0,1.6505,2.3745,0.0,yfinance,5.0
2026-09-13 23:08:05,2026-02-25,Cincinnati_KY,v1.4-Finlight-Cincinnati-Ridge,DAILY_BATCH,,1.9818,2.0788,UP,2.4164,UP,0.3376,1.0,0.0,0.0,1.9818,0.0,1.7168,2.4408,1.0,yfinance,5.0
2026-09-13 23:08:05,2026-02-26,Cincinnati_KY,v1.4-Finlight-Cincinnati-Ridge,DAILY_BATCH,,2.0204,2.1387,UP,2.4573,UP,0.3186,1.0,0.0,0.0,2.0204,0.0,1.7767,2.5007,1.0,yfinance,5.0
2026-09-13 23:08:05,2026-02-27,Cincinnati_KY,v1.4-Finlight-Cincinnati-Ridge,DAILY_BATCH,,2.0111,2.1154,UP,2.5029,UP,0.3875,1.0,0.0,0.0,2.0111,0.0,1.7534,2.4774,0.0,yfinance,5.0
2026-09-13 23:08:05,2026-03-02,Cincinnati_KY,v1.4-Finlight-Cincinnati-Ridge,DAILY_BATCH,,2.003,2.1032,UP,2.7956,UP,0.6924,1.0,0.0,0.0,2.003,0.0,1.7412,2.4652,0.0,yfinance,5.0
2026-09-13 23:08:05,2026-03-03,Cincinnati_KY,v1.4-Finlight-Cincinnati-Ridge,DAILY_BATCH,,1.9852,2.0888,UP,2.8824,UP,0.7936,1.0,0.0,0.0,1.9852,0.0,1.7268,2.4508,0.0,yfinance,5.0
2026-09-13 23:08:05,2026-03-04,Cincinnati_KY,v1.4-Finlight-Cincinnati-Ridge,DAILY_BATCH,,2.0052,2.1033,UP,2.9399,UP,0.8366,1.0,0.0,0.0,2.0052,0.0,1.7413,2.4653,0.0,yfinance,5.0
2026-09-13 23:08:05,2026-03-05,Cincinnati_KY,v1.4-Finlight-Cincinnati-Ridge,DAILY_BATCH,,2.0461,2.1514,UP,3.0959,UP,0.9445,1.0,0.0,0.0,2.0461,0.0,1.7894,2.5134,0.0,yfinance,5.0
2026-09-13 23:08:05,2026-03-06,Cincinnati_KY,v1.4-Finlight-Cincinnati-Ridge,DAILY_BATCH,,2.0917,2.1789,UP,3.1716,UP,0.9927,1.0,0.0,0.0,2.0917,0.0,1.8169,2.5409,0.0,yfinance,5.0
2026-09-13 23:08:05,2026-03-09,Cincinnati_KY,v1.4-Finlight-Cincinnati-Ridge,DAILY_BATCH,,2.3844,2.3149,DOWN,3.2334,UP,0.9185,0.0,0.0,0.0,2.3844,0.0,1.9529,2.677,0.0,yfinance,5.0
2026-09-13 23:08:05,2026-03-10,Cincinnati_KY,v1.4-Finlight-Cincinnati-Ridge,DAILY_BATCH,,2.4712,2.2862,DOWN,3.0653,UP,0.7791,0.0,0.0,0.0,2.4712,0.0,1.9242,2.6482,0.0,yfinance,5.0
2026-09-13 23:08:05,2026-03-11,Cincinnati_KY,v1.4-Finlight-Cincinnati-Ridge,DAILY_BATCH,,2.5287,2.3676,DOWN,3.2133,UP,0.8457,0.0,0.0,0.0,2.5287,0.0,2.0056,2.7296,0.0,yfinance,5.0
2026-09-13 23:08:05,2026-03-12,Cincinnati_KY,v1.4-Finlight-Cincinnati-Ridge,DAILY_BATCH,,2.6847,2.4936,DOWN,3.3896,UP,0.896,0.0,0.0,0.0,2.6847,0.0,2.1316,2.8556,0.0,yfinance,5.0
2026-09-13 23:08:05,2026-03-13,Cincinnati_KY,v1.4-Finlight-Cincinnati-Ridge,DAILY_BATCH,,2.7604,2.4667,DOWN,3.4664,UP,0.9997,0.0,0.0,0.0,2.7604,0.0,2.1047,2.8287,0.0,yfinance,5.0
2026-09-13 23:08:05,2026-03-16,Cincinnati_KY,v1.4-Finlight-Cincinnati-Ridge,DAILY_BATCH,,2.8222,2.4893,DOWN,3.4253,UP,0.936,0.0,0.0,0.0,2.8222,0.0,2.1273,2.8513,0.0,yfinance,5.0
2026-09-13 23:08:05,2026-03-17,Cincinnati_KY,v1.4-Finlight-Cincinnati-Ridge,DAILY_BATCH,,2.6541,2.529,DOWN,3.5484,UP,1.0194,0.0,0.0,0.0,2.6541,0.0,2.167,2.891,0.0,yfinance,5.0
2026-09-13 23:08:05,2026-03-18,Cincinnati_KY,v1.4-Finlight-Cincinnati-Ridge,DAILY_BATCH,,2.8021,2.6854,DOWN,3.5235,UP,0.8381,0.0,0.0,0.0,2.8021,0.0,2.3234,3.0474,0.0,yfinance,5.0
2026-09-13 23:08:05,2026-03-19,Cincinnati_KY,v1.4-Finlight-Cincinnati-Ridge,DAILY_BATCH,,2.9784,2.7165,DOWN,3.5521,UP,0.8356,0.0,0.0,0.0,2.9784,0.0,2.3545,3.0785,0.0,yfinance,5.0
2026-09-13 23:08:05,2026-03-20,Cincinnati_KY,v1.4-Finlight-Cincinnati-Ridge,DAILY_BATCH,,3.0552,2.7458,DOWN,3.7112,UP,0.9654,0.0,0.0,0.0,3.0552,0.0,2.3838,3.1078,0.0,yfinance,5.0
2026-09-13 23:08:05,2026-03-23,Cincinnati_KY,v1.4-Finlight-Cincinnati-Ridge,DAILY_BATCH,,3.0141,2.9051,DOWN,3.3999,UP,0.4948,0.0,0.0,0.0,3.0141,0.0,2.5431,3.2672,0.0,yfinance,5.0
2026-09-13 23:08:05,2026-03-24,Cincinnati_KY,v1.4-Finlight-Cincinnati-Ridge,DAILY_BATCH,,3.1372,3.046,DOWN,3.573,UP,0.527,0.0,0.0,0.0,3.1372,0.0,2.684,3.408,0.0,yfinance,5.0
2026-09-13 23:08:05,2026-03-25,Cincinnati_KY,v1.4-Finlight-Cincinnati-Ridge,DAILY_BATCH,,3.1123,3.019,DOWN,3.4374,UP,0.4184,0.0,0.0,0.0,3.1123,0.0,2.657,3.381,0.0,yfinance,5.0
2026-09-13 23:08:05,2026-03-26,Cincinnati_KY,v1.4-Finlight-Cincinnati-Ridge,DAILY_BATCH,,3.1409,3.0744,DOWN,3.5552,UP,0.4808,0.0,0.0,0.0,3.1409,0.0,2.7123,3.4364,0.0,yfinance,5.0
2026-09-13 23:08:05,2026-03-27,Cincinnati_KY,v1.4-Finlight-Cincinnati-Ridge,DAILY_BATCH,,3.3,3.1904,DOWN,3.6751,UP,0.4847,0.0,0.0,0.0,3.3,0.0,2.8284,3.5524,0.0,yfinance,5.0
2026-09-13 23:08:05,2026-03-30,Cincinnati_KY,v1.4-Finlight-Cincinnati-Ridge,DAILY_BATCH,,2.9887,3.0806,UP,3.7765,UP,0.6959,1.0,0.0,0.0,2.9887,0.0,2.7186,3.4427,0.0,yfinance,5.0
2026-09-13 23:08:05,2026-03-31,Cincinnati_KY,v1.4-Finlight-Cincinnati-Ridge,DAILY_BATCH,,3.1618,3.1466,DOWN,3.7373,UP,0.5907,0.0,0.0,0.0,3.1618,0.0,2.7846,3.5086,0.0,yfinance,5.0
2026-09-13 23:08:05,2026-04-01,Cincinnati_KY,v1.4-Finlight-Cincinnati-Ridge,DAILY_BATCH,,3.0262,3.0998,UP,3.5164,UP,0.4166,1.0,0.0,0.0,3.0262,0.0,2.7378,3.4618,0.0,yfinance,5.0
2026-09-13 23:08:05,2026-04-02,Cincinnati_KY,v1.4-Finlight-Cincinnati-Ridge,DAILY_BATCH,,3.144,3.2659,UP,3.713,UP,0.4471,1.0,0.0,0.0,3.144,0.0,2.9039,3.6279,0.0,yfinance,5.0
2026-09-13 23:08:05,2026-04-03,Cincinnati_KY,v1.4-Finlight-Cincinnati-Ridge,DAILY_BATCH,,3.2639,3.3173,UP,,,,,0.0,0.0,3.2639,0.0,2.9552,3.6793,,yfinance,5.0
2026-09-13 23:08:05,2026-04-06,Cincinnati_KY,v1.4-Finlight-Cincinnati-Ridge,DAILY_BATCH,,3.3653,3.3076,DOWN,3.7332,UP,0.4256,0.0,0.0,0.0,3.3653,0.0,2.9456,3.6696,0.0,yfinance,5.0
2026-09-13 23:08:05,2026-04-07,Cincinnati_KY,v1.4-Finlight-Cincinnati-Ridge,DAILY_BATCH,,3.3261,3.3062,DOWN,3.7302,UP,0.424,0.0,0.0,0.0,3.3261,0.0,2.9442,3.6682,0.0,yfinance,5.0
2026-09-13 23:08:05,2026-04-08,Cincinnati_KY,v1.4-Finlight-Cincinnati-Ridge,DAILY_BATCH,,3.1052,3.171,UP,3.4309,UP,0.2599,1.0,0.0,0.0,3.1052,0.0,2.809,3.533,1.0,yfinance,5.0
2026-09-13 23:08:05,2026-04-09,Cincinnati_KY,v1.4-Finlight-Cincinnati-Ridge,DAILY_BATCH,,3.3018,3.3023,UP,3.4257,UP,0.1234,1.0,0.0,0.0,3.3018,0.0,2.9403,3.6643,1.0,yfinance,5.0
2026-09-13 23:08:05,2026-04-13,Cincinnati_KY,v1.4-Finlight-Cincinnati-Ridge,DAILY_BATCH,,3.322,3.3889,UP,3.541,UP,0.1521,1.0,0.0,0.0,3.322,0.0,3.0269,3.7509,1.0,yfinance,5.0
2026-09-13 23:08:05,2026-04-14,Cincinnati_KY,v1.4-Finlight-Cincinnati-Ridge,DAILY_BATCH,,3.319,3.3569,UP,3.4645,UP,0.1076,1.0,0.0,0.0,3.319,0.0,2.9949,3.7189,1.0,yfinance,5.0
2026-09-13 23:08:05,2026-04-15,Cincinnati_KY,v1.4-Finlight-Cincinnati-Ridge,DAILY_BATCH,,3.0197,3.1745,UP,3.4942,UP,0.3197,1.0,0.0,0.0,3.0197,0.0,2.8125,3.5365,1.0,yfinance,5.0
2026-09-13 23:08:05,2026-04-16,Cincinnati_KY,v1.4-Finlight-Cincinnati-Ridge,DAILY_BATCH,,3.0145,3.1154,UP,3.5887,UP,0.4733,1.0,0.0,0.0,3.0145,0.0,2.7534,3.4774,0.0,yfinance,5.0
2026-09-13 23:08:05,2026-04-17,Cincinnati_KY,v1.4-Finlight-Cincinnati-Ridge,DAILY_BATCH,,3.0511,3.1769,UP,3.4298,UP,0.2529,1.0,0.0,0.0,3.0511,0.0,2.8149,3.5389,1.0,yfinance,5.0
2026-09-13 23:08:05,2026-04-20,Cincinnati_KY,v1.4-Finlight-Cincinnati-Ridge,DAILY_BATCH,,3.1298,3.245,UP,3.5418,UP,0.2968,1.0,0.0,0.0,3.1298,0.0,2.883,3.607,1.0,yfinance,5.0
2026-09-13 23:08:05,2026-04-21,Cincinnati_KY,v1.4-Finlight-Cincinnati-Ridge,DAILY_BATCH,,3.0533,3.1941,UP,3.6348,UP,0.4407,1.0,0.0,0.0,3.0533,0.0,2.8321,3.5561,0.0,yfinance,5.0
2026-09-13 23:08:05,2026-04-22,Cincinnati_KY,v1.4-Finlight-Cincinnati-Ridge,DAILY_BATCH,,3.083,3.1728,UP,3.7829,UP,0.6101,1.0,0.0,0.0,3.083,0.0,2.8108,3.5349,0.0,yfinance,5.0
2026-09-13 23:08:05,2026-04-23,Cincinnati_KY,v1.4-Finlight-Cincinnati-Ridge,DAILY_BATCH,,3.1775,3.179,UP,3.8871,UP,0.7081,1.0,0.0,0.0,3.1775,0.0,2.817,3.541,0.0,yfinance,5.0
2026-09-13 23:08:05,2026-04-24,Cincinnati_KY,v1.4-Finlight-Cincinnati-Ridge,DAILY_BATCH,,3.0186,3.1297,UP,3.8876,UP,0.7579,1.0,0.0,0.0,3.0186,0.0,2.7676,3.4917,0.0,yfinance,5.0
2026-09-13 23:08:05,2026-04-27,Cincinnati_KY,v1.4-Finlight-Cincinnati-Ridge,DAILY_BATCH,,3.1306,3.2215,UP,3.916,UP,0.6945,1.0,0.0,0.0,3.1306,0.0,2.8595,3.5835,0.0,yfinance,5.0
2026-09-13 23:08:05,2026-04-28,Cincinnati_KY,v1.4-Finlight-Cincinnati-Ridge,DAILY_BATCH,,3.2236,3.2637,UP,3.9854,UP,0.7217,1.0,0.0,0.0,3.2236,0.0,2.9016,3.6257,0.0,yfinance,5.0
2026-09-13 23:08:05,2026-04-29,Cincinnati_KY,v1.4-Finlight-Cincinnati-Ridge,DAILY_BATCH,,3.3717,3.3169,DOWN,4.1661,UP,0.8492,0.0,0.0,0.0,3.3717,0.0,2.9549,3.6789,0.0,yfinance,5.0
2026-09-13 23:08:05,2026-04-30,Cincinnati_KY,v1.4-Finlight-Cincinnati-Ridge,DAILY_BATCH,,3.4759,3.3608,DOWN,4.1965,UP,0.8357,0.0,0.0,0.0,3.4759,0.0,2.9988,3.7229,0.0,yfinance,5.0
2026-09-13 23:08:05,2026-05-01,Cincinnati_KY,v1.4-Finlight-Cincinnati-Ridge,DAILY_BATCH,,3.4764,3.3796,DOWN,4.0202,UP,0.6406,0.0,0.0,0.0,3.4764,0.0,3.0176,3.7416,0.0,yfinance,5.0
2026-09-13 23:08:05,2026-05-04,Cincinnati_KY,v1.4-Finlight-Cincinnati-Ridge,DAILY_BATCH,,3.5048,3.4336,DOWN,4.1632,UP,0.7296,0.0,0.0,0.0,3.5048,0.0,3.0716,3.7956,0.0,yfinance,5.0
2026-09-13 23:08:05,2026-05-05,Cincinnati_KY,v1.4-Finlight-Cincinnati-Ridge,DAILY_BATCH,,3.5742,3.4182,DOWN,4.0456,UP,0.6274,0.0,0.0,0.0,3.5742,0.0,3.0562,3.7802,0.0,yfinance,5.0
2026-09-13 23:08:05,2026-05-06,Cincinnati_KY,v1.4-Finlight-Cincinnati-Ridge,DAILY_BATCH,,3.7549,3.5422,DOWN,3.8843,UP,0.3421,0.0,0.0,0.0,3.7549,0.0,3.1802,3.9042,1.0,yfinance,5.0
2026-09-13 23:08:05,2026-05-07,Cincinnati_KY,v1.4-Finlight-Cincinnati-Ridge,DAILY_BATCH,,3.7853,3.6154,DOWN,3.881,UP,0.2656,0.0,0.0,0.0,3.7853,0.0,3.2534,3.9774,1.0,yfinance,5.0
2026-09-13 23:08:05,2026-05-08,Cincinnati_KY,v1.4-Finlight-Cincinnati-Ridge,DAILY_BATCH,,3.609,3.5286,DOWN,3.9517,UP,0.4231,0.0,0.0,0.0,3.609,0.0,3.1666,3.8907,0.0,yfinance,5.0
2026-09-13 23:08:05,2026-05-11,Cincinnati_KY,v1.4-Finlight-Cincinnati-Ridge,DAILY_BATCH,,3.752,3.6256,DOWN,4.0248,UP,0.3992,0.0,0.0,0.0,3.752,0.0,3.2636,3.9876,0.0,yfinance,5.0
2026-09-13 23:08:05,2026-05-12,Cincinnati_KY,v1.4-Finlight-Cincinnati-Ridge,DAILY_BATCH,,3.6344,3.5984,DOWN,4.1227,UP,0.5243,0.0,0.0,0.0,3.6344,0.0,3.2364,3.9604,0.0,yfinance,5.0
2026-09-13 23:08:05,2026-05-13,Cincinnati_KY,v1.4-Finlight-Cincinnati-Ridge,DAILY_BATCH,,3.4731,3.5667,UP,4.0437,UP,0.477,1.0,0.0,0.0,3.4731,0.0,3.2046,3.9287,0.0,yfinance,5.0
2026-09-13 23:08:05,2026-05-14,Cincinnati_KY,v1.4-Finlight-Cincinnati-Ridge,DAILY_BATCH,,3.4698,3.5641,UP,4.0307,UP,0.4666,1.0,0.0,0.0,3.4698,0.0,3.2021,3.9261,0.0,yfinance,5.0
2026-09-13 23:08:05,2026-05-15,Cincinnati_KY,v1.4-Finlight-Cincinnati-Ridge,DAILY_BATCH,,3.5405,3.629,UP,4.1269,UP,0.4979,1.0,0.0,0.0,3.5405,0.0,3.2669,3.991,0.0,yfinance,5.0
2026-09-13 23:08:05,2026-05-18,Cincinnati_KY,v1.4-Finlight-Cincinnati-Ridge,DAILY_BATCH,,3.6136,3.6522,UP,4.1857,UP,0.5335,1.0,0.0,0.0,3.6136,0.0,3.2902,4.0142,0.0,yfinance,5.0
2026-09-13 23:08:05,2026-05-19,Cincinnati_KY,v1.4-Finlight-Cincinnati-Ridge,DAILY_BATCH,,3.7115,3.6865,DOWN,4.1212,UP,0.4347,0.0,0.0,0.0,3.7115,0.0,3.3245,4.0486,0.0,yfinance,5.0
2026-09-13 23:08:05,2026-05-20,Cincinnati_KY,v1.4-Finlight-Cincinnati-Ridge,DAILY_BATCH,,3.6325,3.6548,UP,3.9124,UP,0.2576,1.0,0.0,0.0,3.6325,0.0,3.2928,4.0168,1.0,yfinance,5.0
2026-09-13 23:08:05,2026-05-21,Cincinnati_KY,v1.4-Finlight-Cincinnati-Ridge,DAILY_BATCH,,3.6195,3.6715,UP,3.8046,UP,0.1331,1.0,0.0,0.0,3.6195,0.0,3.3095,4.0335,1.0,yfinance,5.0
2026-09-13 23:08:05,2026-05-22,Cincinnati_KY,v1.4-Finlight-Cincinnati-Ridge,DAILY_BATCH,,3.7157,3.6977,DOWN,3.8789,UP,0.1812,0.0,0.0,0.0,3.7157,0.0,3.3357,4.0597,1.0,yfinance,5.0
2026-09-13 23:08:05,2026-05-25,Cincinnati_KY,v1.4-Finlight-Cincinnati-Ridge,DAILY_BATCH,,3.7745,3.7386,DOWN,,,,,0.0,0.0,3.7745,0.0,3.3766,4.1007,,yfinance,5.0
2026-09-13 23:08:05,2026-05-26,Cincinnati_KY,v1.4-Finlight-Cincinnati-Ridge,DAILY_BATCH,,3.71,3.7052,DOWN,3.6455,DOWN,0.0597,1.0,0.0,0.0,3.71,0.0,3.3432,4.0672,1.0,yfinance,5.0
2026-09-13 23:08:05,2026-05-27,Cincinnati_KY,v1.4-Finlight-Cincinnati-Ridge,DAILY_BATCH,,3.5012,3.5199,UP,3.5587,UP,0.0388,1.0,0.0,0.0,3.5012,0.0,3.1579,3.8819,1.0,yfinance,5.0
2026-09-13 23:08:05,2026-05-28,Cincinnati_KY,v1.4-Finlight-Cincinnati-Ridge,DAILY_BATCH,,3.3934,3.4045,UP,3.6102,UP,0.2057,1.0,0.0,0.0,3.3934,0.0,3.0425,3.7665,1.0,yfinance,5.0
2026-09-13 23:08:05,2026-05-29,Cincinnati_KY,v1.4-Finlight-Cincinnati-Ridge,DAILY_BATCH,,3.4677,3.497,UP,3.5517,UP,0.0547,1.0,0.0,0.0,3.4677,0.0,3.135,3.8591,1.0,yfinance,5.0
2026-09-13 23:08:05,2026-06-02,Cincinnati_KY,v1.4-Finlight-Cincinnati-Ridge,DAILY_BATCH,,3.2343,3.3424,UP,3.5693,UP,0.2269,1.0,0.0,0.0,3.2343,0.0,2.9804,3.7044,1.0,yfinance,5.0
2026-09-13 23:08:05,2026-06-03,Cincinnati_KY,v1.4-Finlight-Cincinnati-Ridge,DAILY_BATCH,,3.1475,3.2926,UP,3.5566,UP,0.264,1.0,0.0,0.0,3.1475,0.0,2.9306,3.6546,1.0,yfinance,5.0
2026-09-13 23:08:05,2026-06-04,Cincinnati_KY,v1.4-Finlight-Cincinnati-Ridge,DAILY_BATCH,,3.199,3.2867,UP,3.4633,UP,0.1766,1.0,0.0,0.0,3.199,0.0,2.9247,3.6487,1.0,yfinance,5.0
2026-09-13 23:08:05,2026-06-05,Cincinnati_KY,v1.4-Finlight-Cincinnati-Ridge,DAILY_BATCH,,3.1405,3.2672,UP,3.4709,UP,0.2037,1.0,0.0,0.0,3.1405,0.0,2.9052,3.6292,1.0,yfinance,5.0
2026-09-13 23:08:05,2026-06-08,Cincinnati_KY,v1.4-Finlight-Cincinnati-Ridge,DAILY_BATCH,,3.0985,3.2215,UP,3.4956,UP,0.2741,1.0,0.0,0.0,3.0985,0.0,2.8595,3.5835,1.0,yfinance,5.0
2026-09-13 23:08:05,2026-06-09,Cincinnati_KY,v1.4-Finlight-Cincinnati-Ridge,DAILY_BATCH,,3.1581,3.2408,UP,3.4461,UP,0.2053,1.0,0.0,0.0,3.1581,0.0,2.8788,3.6028,1.0,yfinance,5.0
2026-09-13 23:08:05,2026-06-10,Cincinnati_KY,v1.4-Finlight-Cincinnati-Ridge,DAILY_BATCH,,3.1454,3.1914,UP,3.5349,UP,0.3435,1.0,0.0,0.0,3.1454,0.0,2.8294,3.5534,1.0,yfinance,5.0
2026-09-13 23:08:05,2026-06-11,Cincinnati_KY,v1.4-Finlight-Cincinnati-Ridge,DAILY_BATCH,,3.0521,3.1123,UP,3.5264,UP,0.4141,1.0,0.0,0.0,3.0521,0.0,2.7503,3.4743,0.0,yfinance,5.0
2026-09-13 23:08:05,2026-06-12,Cincinnati_KY,v1.4-Finlight-Cincinnati-Ridge,DAILY_BATCH,,3.0597,3.0997,UP,3.4748,UP,0.3751,1.0,0.0,0.0,3.0597,0.0,2.7376,3.4617,0.0,yfinance,5.0
2026-09-13 23:08:05,2026-06-15,Cincinnati_KY,v1.4-Finlight-Cincinnati-Ridge,DAILY_BATCH,,3.0844,3.1275,UP,3.3722,UP,0.2447,1.0,0.0,0.0,3.0844,0.0,2.7654,3.4895,1.0,yfinance,5.0
2026-09-13 23:08:05,2026-06-16,Cincinnati_KY,v1.4-Finlight-Cincinnati-Ridge,DAILY_BATCH,,3.0349,3.0651,UP,3.3055,UP,0.2404,1.0,0.0,0.0,3.0349,0.0,2.7031,3.4271,1.0,yfinance,5.0
2026-09-13 23:08:05,2026-06-17,Cincinnati_KY,v1.4-Finlight-Cincinnati-Ridge,DAILY_BATCH,,3.1237,3.1173,DOWN,3.3346,UP,0.2173,0.0,0.0,0.0,3.1237,0.0,2.7553,3.4793,1.0,yfinance,5.0
2026-09-13 23:08:05,2026-06-18,Cincinnati_KY,v1.4-Finlight-Cincinnati-Ridge,DAILY_BATCH,,3.1152,3.1127,DOWN,3.4199,UP,0.3072,0.0,0.0,0.0,3.1152,0.0,2.7507,3.4747,1.0,yfinance,5.0
2026-09-13 23:08:05,2026-06-19,Cincinnati_KY,v1.4-Finlight-Cincinnati-Ridge,DAILY_BATCH,,3.0636,3.065,UP,,,,,0.0,0.0,3.0636,0.0,2.703,3.4271,,yfinance,5.0
2026-09-13 23:08:05,2026-06-22,Cincinnati_KY,v1.4-Finlight-Cincinnati-Ridge,DAILY_BATCH,,2.961,2.9552,DOWN,3.412,UP,0.4568,0.0,0.0,0.0,2.961,0.0,2.5932,3.3172,0.0,yfinance,5.0
2026-09-13 23:08:05,2026-06-23,Cincinnati_KY,v1.4-Finlight-Cincinnati-Ridge,DAILY_BATCH,,2.8943,2.9362,UP,3.384,UP,0.4478,1.0,0.0,0.0,2.8943,0.0,2.5742,3.2982,0.0,yfinance,5.0
2026-09-13 23:08:05,2026-06-24,Cincinnati_KY,v1.4-Finlight-Cincinnati-Ridge,DAILY_BATCH,,2.9234,2.9643,UP,3.3068,UP,0.3425,1.0,0.0,0.0,2.9234,0.0,2.6022,3.3263,1.0,yfinance,5.0
2026-09-13 23:08:05,2026-06-25,Cincinnati_KY,v1.4-Finlight-Cincinnati-Ridge,DAILY_BATCH,,3.0087,3.0446,UP,3.4523,UP,0.4077,1.0,0.0,0.0,3.0087,0.0,2.6826,3.4066,0.0,yfinance,5.0
2026-09-13 23:08:05,2026-06-29,Cincinnati_KY,v1.4-Finlight-Cincinnati-Ridge,DAILY_BATCH,,3.0008,3.0295,UP,3.4864,UP,0.4569,1.0,0.0,0.0,3.0008,0.0,2.6675,3.3915,0.0,yfinance,5.0
2026-09-13 23:08:05,2026-06-30,Cincinnati_KY,v1.4-Finlight-Cincinnati-Ridge,DAILY_BATCH,,2.9728,2.9877,UP,3.4394,UP,0.4517,1.0,0.0,0.0,2.9728,0.0,2.6257,3.3497,0.0,yfinance,5.0
2026-09-13 23:08:05,2026-07-01,Cincinnati_KY,v1.4-Finlight-Cincinnati-Ridge,DAILY_BATCH,,2.8956,2.9049,UP,3.3702,UP,0.4653,1.0,0.0,0.0,2.8956,0.0,2.5429,3.2669,0.0,yfinance,5.0
2026-09-13 23:08:05,2026-07-02,Cincinnati_KY,v1.4-Finlight-Cincinnati-Ridge,DAILY_BATCH,,3.0411,3.0638,UP,3.3423,UP,0.2785,1.0,0.0,0.0,3.0411,0.0,2.7018,3.4258,1.0,yfinance,5.0
2026-09-13 23:08:05,2026-07-03,Cincinnati_KY,v1.4-Finlight-Cincinnati-Ridge,DAILY_BATCH,,2.9709,3.0112,UP,,,,,0.0,0.0,2.9709,0.0,2.6492,3.3732,,yfinance,5.0
2026-09-13 23:08:05,2026-07-06,Cincinnati_KY,v1.4-Finlight-Cincinnati-Ridge,DAILY_BATCH,,3.0752,3.1053,UP,3.4283,UP,0.323,1.0,0.0,0.0,3.0752,0.0,2.7433,3.4673,1.0,yfinance,5.0
2026-09-13 23:08:05,2026-07-07,Cincinnati_KY,v1.4-Finlight-Cincinnati-Ridge,DAILY_BATCH,,3.0282,3.0326,UP,3.3789,UP,0.3463,1.0,0.0,0.0,3.0282,0.0,2.6706,3.3946,1.0,yfinance,5.0
2026-09-13 23:08:05,2026-07-08,Cincinnati_KY,v1.4-Finlight-Cincinnati-Ridge,DAILY_BATCH,,2.959,2.9556,DOWN,3.5284,UP,0.5728,0.0,0.0,0.0,2.959,0.0,2.5936,3.3176,0.0,yfinance,5.0
2026-09-13 23:08:05,2026-07-09,Cincinnati_KY,v1.4-Finlight-Cincinnati-Ridge,DAILY_BATCH,,2.9311,2.9376,UP,3.4637,UP,0.5261,1.0,0.0,0.0,2.9311,0.0,2.5756,3.2996,0.0,yfinance,5.0
2026-09-13 23:08:05,2026-07-13,Cincinnati_KY,v1.4-Finlight-Cincinnati-Ridge,DAILY_BATCH,,3.0171,3.0538,UP,3.5913,UP,0.5375,1.0,0.0,0.0,3.0171,0.0,2.6918,3.4158,0.0,yfinance,5.0
2026-09-13 23:08:05,2026-07-14,Cincinnati_KY,v1.4-Finlight-Cincinnati-Ridge,DAILY_BATCH,,2.9677,3.008,UP,3.6523,UP,0.6443,1.0,0.0,0.0,2.9677,0.0,2.646,3.37,0.0,yfinance,5.0
2026-09-13 23:08:05,2026-07-15,Cincinnati_KY,v1.4-Finlight-Cincinnati-Ridge,DAILY_BATCH,,3.1172,3.131,UP,3.7259,UP,0.5949,1.0,0.0,0.0,3.1172,0.0,2.769,3.493,0.0,yfinance,5.0
2026-09-13 23:08:05,2026-07-16,Cincinnati_KY,v1.4-Finlight-Cincinnati-Ridge,DAILY_BATCH,,3.0525,3.0534,UP,3.7097,UP,0.6563,1.0,0.0,0.0,3.0525,0.0,2.6913,3.4154,0.0,yfinance,5.0
2026-09-13 23:08:05,2026-07-17,Cincinnati_KY,v1.4-Finlight-Cincinnati-Ridge,DAILY_BATCH,,2.9984,3.034,UP,3.8177,UP,0.7837,1.0,0.0,0.0,2.9984,0.0,2.672,3.396,0.0,yfinance,5.0
2026-09-13 23:08:05,2026-07-20,Cincinnati_KY,v1.4-Finlight-Cincinnati-Ridge,DAILY_BATCH,,3.1801,3.1913,UP,3.814,UP,0.6227,1.0,0.0,0.0,3.1801,0.0,2.8293,3.5534,0.0,yfinance,5.0
2026-09-13 23:08:05,2026-07-21,Cincinnati_KY,v1.4-Finlight-Cincinnati-Ridge,DAILY_BATCH,,3.2411,3.2369,DOWN,3.8309,UP,0.594,0.0,0.0,0.0,3.2411,0.0,2.8748,3.5989,0.0,yfinance,5.0
2026-09-13 23:08:05,2026-07-22,Cincinnati_KY,v1.4-Finlight-Cincinnati-Ridge,DAILY_BATCH,,3.3147,3.2541,DOWN,3.8397,UP,0.5856,0.0,0.0,0.0,3.3147,0.0,2.8921,3.6161,0.0,yfinance,5.0
2026-09-13 23:08:05,2026-07-23,Cincinnati_KY,v1.4-Finlight-Cincinnati-Ridge,DAILY_BATCH,,3.2985,3.2449,DOWN,3.9214,UP,0.6765,0.0,0.0,0.0,3.2985,0.0,2.8829,3.607,0.0,yfinance,5.0
2026-09-13 23:08:05,2026-07-24,Cincinnati_KY,v1.4-Finlight-Cincinnati-Ridge,DAILY_BATCH,,3.4065,3.3068,DOWN,3.8209,UP,0.5141,0.0,0.0,0.0,3.4065,0.0,2.9448,3.6688,0.0,yfinance,5.0
2026-09-13 23:08:05,2026-07-27,Cincinnati_KY,v1.4-Finlight-Cincinnati-Ridge,DAILY_BATCH,,3.4028,3.3226,DOWN,3.7523,UP,0.4297,0.0,0.0,0.0,3.4028,0.0,2.9606,3.6847,0.0,yfinance,5.0
2026-09-13 23:08:05,2026-07-28,Cincinnati_KY,v1.4-Finlight-Cincinnati-Ridge,DAILY_BATCH,,3.4197,3.3261,DOWN,3.7595,UP,0.4334,0.0,0.0,0.0,3.4197,0.0,2.964,3.6881,0.0,yfinance,5.0
2026-09-13 23:08:05,2026-07-29,Cincinnati_KY,v1.4-Finlight-Cincinnati-Ridge,DAILY_BATCH,,3.4285,3.3803,DOWN,3.8228,UP,0.4425,0.0,0.0,0.0,3.4285,0.0,3.0183,3.7423,0.0,yfinance,5.0
2026-09-13 23:08:05,2026-07-30,Cincinnati_KY,v1.4-Finlight-Cincinnati-Ridge,DAILY_BATCH,,3.5102,3.4026,DOWN,3.7097,UP,0.3071,0.0,0.0,0.0,3.5102,0.0,3.0406,3.7647,1.0,yfinance,5.0
2026-09-13 23:08:05,2026-07-31,Cincinnati_KY,v1.4-Finlight-Cincinnati-Ridge,DAILY_BATCH,,3.4097,3.3381,DOWN,3.6466,UP,0.3085,0.0,0.0,0.0,3.4097,0.0,2.976,3.7001,1.0,yfinance,5.0
2026-09-13 23:08:05,2026-08-03,Cincinnati_KY,v1.4-Finlight-Cincinnati-Ridge,DAILY_BATCH,,3.3411,3.3342,DOWN,3.3917,UP,0.0575,0.0,0.0,0.0,3.3411,0.0,2.9722,3.6962,1.0,yfinance,5.0
2026-09-13 23:08:05,2026-08-04,Cincinnati_KY,v1.4-Finlight-Cincinnati-Ridge,DAILY_BATCH,,3.3483,3.3612,UP,3.2772,DOWN,0.084,0.0,0.0,0.0,3.3483,0.0,2.9992,3.7232,1.0,yfinance,5.0
2026-09-13 23:08:05,2026-08-05,Cincinnati_KY,v1.4-Finlight-Cincinnati-Ridge,DAILY_BATCH,,3.4116,3.4198,UP,3.2638,DOWN,0.156,0.0,0.0,0.0,3.4116,0.0,3.0578,3.7819,1.0,yfinance,5.0
2026-09-13 23:08:05,2026-08-06,Cincinnati_KY,v1.4-Finlight-Cincinnati-Ridge,DAILY_BATCH,,3.2985,3.3346,UP,3.3635,UP,0.0289,1.0,0.0,0.0,3.2985,0.0,2.9726,3.6966,1.0,yfinance,5.0
2026-09-13 23:08:05,2026-08-07,Cincinnati_KY,v1.4-Finlight-Cincinnati-Ridge,DAILY_BATCH,,3.2354,3.2594,UP,3.4103,UP,0.1509,1.0,0.0,0.0,3.2354,0.0,2.8973,3.6214,1.0,yfinance,5.0
2026-09-13 23:08:05,2026-08-10,Cincinnati_KY,v1.4-Finlight-Cincinnati-Ridge,DAILY_BATCH,,2.9805,3.0397,UP,3.5604,UP,0.5207,1.0,0.0,0.0,2.9805,0.0,2.6777,3.4017,0.0,yfinance,5.0
2026-09-13 23:08:05,2026-08-11,Cincinnati_KY,v1.4-Finlight-Cincinnati-Ridge,DAILY_BATCH,,2.866,2.9526,UP,3.5616,UP,0.609,1.0,0.0,0.0,2.866,0.0,2.5906,3.3146,0.0,yfinance,5.0
2026-09-13 23:08:05,2026-08-12,Cincinnati_KY,v1.4-Finlight-Cincinnati-Ridge,DAILY_BATCH,,2.8526,2.9762,UP,3.5787,UP,0.6025,1.0,0.0,0.0,2.8526,0.0,2.6142,3.3382,0.0,yfinance,5.0
2026-09-13 23:08:05,2026-08-13,Cincinnati_KY,v1.4-Finlight-Cincinnati-Ridge,DAILY_BATCH,,2.9523,3.0895,UP,3.553,UP,0.4635,1.0,0.0,0.0,2.9523,0.0,2.7275,3.4515,0.0,yfinance,5.0
2026-09-13 23:08:05,2026-08-14,Cincinnati_KY,v1.4-Finlight-Cincinnati-Ridge,DAILY_BATCH,,2.9991,3.046,UP,3.6091,UP,0.5631,1.0,0.0,0.0,2.9991,0.0,2.684,3.408,0.0,yfinance,5.0
2026-09-13 23:08:05,2026-08-17,Cincinnati_KY,v1.4-Finlight-Cincinnati-Ridge,DAILY_BATCH,,3.1492,3.0854,DOWN,3.6951,UP,0.6097,0.0,0.0,0.0,3.1492,0.0,2.7234,3.4474,0.0,yfinance,5.0
2026-09-13 23:08:05,2026-08-18,Cincinnati_KY,v1.4-Finlight-Cincinnati-Ridge,DAILY_BATCH,,3.1504,3.0825,DOWN,3.7267,UP,0.6442,0.0,0.0,0.0,3.1504,0.0,2.7205,3.4445,0.0,yfinance,5.0
2026-09-13 23:08:05,2026-08-19,Cincinnati_KY,v1.4-Finlight-Cincinnati-Ridge,DAILY_BATCH,,3.1675,3.1385,DOWN,3.6801,UP,0.5416,0.0,0.0,0.0,3.1675,0.0,2.7765,3.5005,0.0,yfinance,5.0
2026-09-13 23:08:05,2026-08-20,Cincinnati_KY,v1.4-Finlight-Cincinnati-Ridge,DAILY_BATCH,,3.1418,3.1051,DOWN,3.6879,UP,0.5828,0.0,0.0,0.0,3.1418,0.0,2.7431,3.4671,0.0,yfinance,5.0
2026-09-13 23:08:05,2026-08-21,Cincinnati_KY,v1.4-Finlight-Cincinnati-Ridge,DAILY_BATCH,,3.1979,3.1406,DOWN,3.7729,UP,0.6323,0.0,0.0,0.0,3.1979,0.0,2.7785,3.5026,0.0,yfinance,5.0
2026-09-13 23:08:05,2026-08-24,Cincinnati_KY,v1.4-Finlight-Cincinnati-Ridge,DAILY_BATCH,,3.2839,3.1614,DOWN,3.6958,UP,0.5344,0.0,0.0,0.0,3.2839,0.0,2.7994,3.5234,0.0,yfinance,5.0
2026-09-13 23:08:05,2026-08-25,Cincinnati_KY,v1.4-Finlight-Cincinnati-Ridge,DAILY_BATCH,,3.3155,3.1984,DOWN,3.6779,UP,0.4795,0.0,0.0,0.0,3.3155,0.0,2.8364,3.5604,0.0,yfinance,5.0
2026-09-13 23:08:05,2026-08-26,Cincinnati_KY,v1.4-Finlight-Cincinnati-Ridge,DAILY_BATCH,,3.2689,3.1532,DOWN,3.7451,UP,0.5919,0.0,0.0,0.0,3.2689,0.0,2.7912,3.5152,0.0,yfinance,5.0
2026-09-13 23:08:05,2026-08-27,Cincinnati_KY,v1.4-Finlight-Cincinnati-Ridge,DAILY_BATCH,,3.2767,3.1683,DOWN,3.8092,UP,0.6409,0.0,0.0,0.0,3.2767,0.0,2.8063,3.5304,0.0,yfinance,5.0
2026-09-13 23:08:05,2026-08-28,Cincinnati_KY,v1.4-Finlight-Cincinnati-Ridge,DAILY_BATCH,,3.3617,3.2189,DOWN,3.9149,UP,0.696,0.0,0.0,0.0,3.3617,0.0,2.8569,3.5809,0.0,yfinance,5.0
2026-09-13 23:08:05,2026-08-31,Cincinnati_KY,v1.4-Finlight-Cincinnati-Ridge,DAILY_BATCH,,3.2846,3.2211,DOWN,3.862,UP,0.6409,0.0,0.0,0.0,3.2846,0.0,2.8591,3.5831,0.0,yfinance,5.0
2026-09-13 23:08:05,2026-09-01,Cincinnati_KY,v1.4-Finlight-Cincinnati-Ridge,DAILY_BATCH,,3.2667,3.2459,DOWN,3.5601,UP,0.3142,0.0,0.0,0.0,3.2667,0.0,2.8839,3.6079,1.0,yfinance,5.0
2026-09-13 23:08:05,2026-09-02,Cincinnati_KY,v1.4-Finlight-Cincinnati-Ridge,DAILY_BATCH,,3.3339,3.2975,DOWN,3.5288,UP,0.2313,0.0,0.0,0.0,3.3339,0.0,2.9355,3.6595,1.0,yfinance,5.0
2026-09-13 23:08:05,2026-09-03,Cincinnati_KY,v1.4-Finlight-Cincinnati-Ridge,DAILY_BATCH,,3.398,3.3501,DOWN,3.5599,UP,0.2098,0.0,0.0,0.0,3.398,0.0,2.9881,3.7121,1.0,yfinance,5.0
2026-09-13 23:08:05,2026-09-04,Cincinnati_KY,v1.4-Finlight-Cincinnati-Ridge,DAILY_BATCH,,3.5037,3.4043,DOWN,3.6396,UP,0.2353,0.0,0.0,0.0,3.5037,0.0,3.0423,3.7663,1.0,yfinance,5.0
2026-09-13 23:08:05,2026-09-07,Cincinnati_KY,v1.4-Finlight-Cincinnati-Ridge,DAILY_BATCH,,3.4508,3.388,DOWN,,,,,0.0,0.0,3.4508,0.0,3.026,3.75,,yfinance,5.0
2026-09-13 23:08:05,2026-09-08,Cincinnati_KY,v1.4-Finlight-Cincinnati-Ridge,DAILY_BATCH,,3.1489,3.1313,DOWN,3.6775,UP,0.5462,0.0,0.0,0.0,3.1489,0.0,2.7693,3.4933,0.0,yfinance,5.0
2026-09-13 23:08:05,2026-09-09,Cincinnati_KY,v1.4-Finlight-Cincinnati-Ridge,DAILY_BATCH,,3.1176,3.0769,DOWN,3.6356,UP,0.5587,0.0,0.0,0.0,3.1176,0.0,2.7148,3.4389,0.0,yfinance,5.0
2026-09-13 23:08:05,2026-09-10,Cincinnati_KY,v1.4-Finlight-Cincinnati-Ridge,DAILY_BATCH,,3.1487,3.1249,DOWN,3.8182,UP,0.6933,0.0,0.0,0.0,3.1487,0.0,2.7629,3.4869,0.0,yfinance,5.0
2026-09-13 23:08:13,2026-09-18,Cincinnati_OH,v1.4-Finlight-Cincinnati-Ridge,DAILY_BATCH,,4.096,4.0649,DOWN,,,,,0.0,0.0,4.096,0.0,3.7666,4.3632,,yfinance,5.0
2026-09-13 23:08:13,2026-09-18,Cincinnati_KY,v1.4-Finlight-Cincinnati-Ridge,DAILY_BATCH,,3.321,3.2958,DOWN,,,,,0.0,0.0,3.321,0.0,2.8993,3.6923,,yfinance,5.0
2026-09-13 23:11:39,2025-10-03,Greenville_NC,v1.4-Finlight-Greenville-Ridge,DAILY_BATCH,,2.3994,2.3476,DOWN,2.4105,UP,0.0629,0.0,0.0,0.0,2.3994,0.0,2.0403,2.6549,1.0,yfinance,5.0
2026-09-13 23:11:39,2025-10-06,Greenville_NC,v1.4-Finlight-Greenville-Ridge,DAILY_BATCH,,2.3569,2.3326,DOWN,2.4516,UP,0.119,0.0,0.0,0.0,2.3569,0.0,2.0252,2.6399,1.0,yfinance,5.0
2026-09-13 23:11:39,2025-10-07,Greenville_NC,v1.4-Finlight-Greenville-Ridge,DAILY_BATCH,,2.3347,2.3153,DOWN,2.4439,UP,0.1286,0.0,0.0,0.0,2.3347,0.0,2.008,2.6226,1.0,yfinance,5.0
2026-09-13 23:11:39,2025-10-08,Greenville_NC,v1.4-Finlight-Greenville-Ridge,DAILY_BATCH,,2.2477,2.1549,DOWN,2.4595,UP,0.3046,0.0,0.0,0.0,2.2477,0.0,1.8475,2.4622,1.0,yfinance,5.0
2026-09-13 23:11:39,2025-10-09,Greenville_NC,v1.4-Finlight-Greenville-Ridge,DAILY_BATCH,,2.2128,2.1799,DOWN,2.4326,UP,0.2527,0.0,0.0,0.0,2.2128,0.0,1.8726,2.4872,1.0,yfinance,5.0
2026-09-13 23:11:39,2025-10-10,Greenville_NC,v1.4-Finlight-Greenville-Ridge,DAILY_BATCH,,2.2223,2.2197,DOWN,2.3704,UP,0.1507,0.0,0.0,0.0,2.2223,0.0,1.9124,2.527,1.0,yfinance,5.0
2026-09-13 23:11:39,2025-10-13,Greenville_NC,v1.4-Finlight-Greenville-Ridge,DAILY_BATCH,,2.2634,2.2685,UP,2.3938,UP,0.1253,1.0,0.0,0.0,2.2634,0.0,1.9612,2.5759,1.0,yfinance,5.0
2026-09-13 23:11:39,2025-10-14,Greenville_NC,v1.4-Finlight-Greenville-Ridge,DAILY_BATCH,,2.2557,2.2519,DOWN,2.3786,UP,0.1267,0.0,0.0,0.0,2.2557,0.0,1.9446,2.5592,1.0,yfinance,5.0
2026-09-13 23:11:39,2025-10-15,Greenville_NC,v1.4-Finlight-Greenville-Ridge,DAILY_BATCH,,2.2713,2.2691,DOWN,2.3844,UP,0.1153,0.0,0.0,0.0,2.2713,0.0,1.9618,2.5765,1.0,yfinance,5.0
2026-09-13 23:11:39,2025-10-16,Greenville_NC,v1.4-Finlight-Greenville-Ridge,DAILY_BATCH,,2.2444,2.2619,UP,2.3617,UP,0.0998,1.0,0.0,0.0,2.2444,0.0,1.9545,2.5692,1.0,yfinance,5.0
2026-09-13 23:11:39,2025-10-17,Greenville_NC,v1.4-Finlight-Greenville-Ridge,DAILY_BATCH,,2.1822,2.2259,UP,2.3877,UP,0.1618,1.0,0.0,0.0,2.1822,0.0,1.9186,2.5332,1.0,yfinance,5.0
2026-09-13 23:11:39,2025-10-20,Greenville_NC,v1.4-Finlight-Greenville-Ridge,DAILY_BATCH,,2.2056,2.231,UP,2.3802,UP,0.1492,1.0,0.0,0.0,2.2056,0.0,1.9236,2.5383,1.0,yfinance,5.0
2026-09-13 23:11:39,2025-10-21,Greenville_NC,v1.4-Finlight-Greenville-Ridge,DAILY_BATCH,,2.1904,2.2306,UP,2.3753,UP,0.1447,1.0,0.0,0.0,2.1904,0.0,1.9233,2.5379,1.0,yfinance,5.0
2026-09-13 23:11:39,2025-10-22,Greenville_NC,v1.4-Finlight-Greenville-Ridge,DAILY_BATCH,,2.1962,2.2301,UP,2.415,UP,0.1849,1.0,0.0,0.0,2.1962,0.0,1.9227,2.5374,1.0,yfinance,5.0
2026-09-13 23:11:39,2025-10-23,Greenville_NC,v1.4-Finlight-Greenville-Ridge,DAILY_BATCH,,2.1735,2.1959,UP,2.4769,UP,0.281,1.0,0.0,0.0,2.1735,0.0,1.8885,2.5032,1.0,yfinance,5.0
2026-09-13 23:11:39,2025-10-24,Greenville_NC,v1.4-Finlight-Greenville-Ridge,DAILY_BATCH,,2.1995,2.2122,UP,2.4727,UP,0.2605,1.0,0.0,0.0,2.1995,0.0,1.9049,2.5195,1.0,yfinance,5.0
2026-09-13 23:11:39,2025-10-27,Greenville_NC,v1.4-Finlight-Greenville-Ridge,DAILY_BATCH,,2.192,2.2151,UP,2.4704,UP,0.2553,1.0,0.0,0.0,2.192,0.0,1.9078,2.5225,1.0,yfinance,5.0
2026-09-13 23:11:39,2025-10-28,Greenville_NC,v1.4-Finlight-Greenville-Ridge,DAILY_BATCH,,2.1871,2.2059,UP,2.4752,UP,0.2693,1.0,0.0,0.0,2.1871,0.0,1.8986,2.5132,1.0,yfinance,5.0
2026-09-13 23:11:39,2025-10-29,Greenville_NC,v1.4-Finlight-Greenville-Ridge,DAILY_BATCH,,2.2268,2.2271,UP,2.5237,UP,0.2966,1.0,0.0,0.0,2.2268,0.0,1.9198,2.5345,1.0,yfinance,5.0
2026-09-13 23:11:39,2025-10-30,Greenville_NC,v1.4-Finlight-Greenville-Ridge,DAILY_BATCH,,2.2887,2.2607,DOWN,2.5534,UP,0.2927,0.0,0.0,0.0,2.2887,0.0,1.9534,2.5681,1.0,yfinance,5.0
2026-09-13 23:11:39,2025-10-31,Greenville_NC,v1.4-Finlight-Greenville-Ridge,DAILY_BATCH,,2.2845,2.256,DOWN,2.5431,UP,0.2871,0.0,0.0,0.0,2.2845,0.0,1.9487,2.5634,1.0,yfinance,5.0
2026-09-13 23:11:39,2025-11-03,Greenville_NC,v1.4-Finlight-Greenville-Ridge,DAILY_BATCH,,2.2822,2.2808,DOWN,2.4661,UP,0.1853,0.0,0.0,0.0,2.2822,0.0,1.9735,2.5881,1.0,yfinance,5.0
2026-09-13 23:11:39,2025-11-04,Greenville_NC,v1.4-Finlight-Greenville-Ridge,DAILY_BATCH,,2.287,2.2964,UP,2.4728,UP,0.1764,1.0,0.0,0.0,2.287,0.0,1.9891,2.6038,1.0,yfinance,5.0
2026-09-13 23:11:39,2025-11-05,Greenville_NC,v1.4-Finlight-Greenville-Ridge,DAILY_BATCH,,2.3355,2.336,UP,2.4593,UP,0.1233,1.0,0.0,0.0,2.3355,0.0,2.0286,2.6433,1.0,yfinance,5.0
2026-09-13 23:11:39,2025-11-06,Greenville_NC,v1.4-Finlight-Greenville-Ridge,DAILY_BATCH,,2.3652,2.3237,DOWN,2.5156,UP,0.1919,0.0,0.0,0.0,2.3652,0.0,2.0164,2.6311,1.0,yfinance,5.0
2026-09-13 23:11:39,2025-11-07,Greenville_NC,v1.4-Finlight-Greenville-Ridge,DAILY_BATCH,,2.3549,2.3295,DOWN,2.4903,UP,0.1608,0.0,0.0,0.0,2.3549,0.0,2.0222,2.6368,1.0,yfinance,5.0
2026-09-13 23:11:39,2025-11-10,Greenville_NC,v1.4-Finlight-Greenville-Ridge,DAILY_BATCH,,2.2779,2.2589,DOWN,2.5211,UP,0.2622,0.0,0.0,0.0,2.2779,0.0,1.9516,2.5663,1.0,yfinance,5.0
2026-09-13 23:11:39,2025-11-11,Greenville_NC,v1.4-Finlight-Greenville-Ridge,DAILY_BATCH,,2.2846,2.2709,DOWN,2.562,UP,0.2911,0.0,0.0,0.0,2.2846,0.0,1.9636,2.5782,1.0,yfinance,5.0
2026-09-13 23:11:39,2025-11-12,Greenville_NC,v1.4-Finlight-Greenville-Ridge,DAILY_BATCH,,2.2711,2.2825,UP,2.5054,UP,0.2229,1.0,0.0,0.0,2.2711,0.0,1.9752,2.5898,1.0,yfinance,5.0
2026-09-13 23:11:39,2025-11-13,Greenville_NC,v1.4-Finlight-Greenville-Ridge,DAILY_BATCH,,2.3274,2.397,UP,2.5097,UP,0.1127,1.0,0.0,0.0,2.3274,0.0,2.0896,2.7043,1.0,yfinance,5.0
2026-09-13 23:11:39,2025-11-14,Greenville_NC,v1.4-Finlight-Greenville-Ridge,DAILY_BATCH,,2.3021,2.3549,UP,2.5616,UP,0.2067,1.0,0.0,0.0,2.3021,0.0,2.0476,2.6623,1.0,yfinance,5.0
2026-09-13 23:11:39,2025-11-17,Greenville_NC,v1.4-Finlight-Greenville-Ridge,DAILY_BATCH,,2.3329,2.36,UP,2.5401,UP,0.1801,1.0,0.0,0.0,2.3329,0.0,2.0527,2.6674,1.0,yfinance,5.0
2026-09-13 23:11:39,2025-11-18,Greenville_NC,v1.4-Finlight-Greenville-Ridge,DAILY_BATCH,,2.3738,2.401,UP,2.5493,UP,0.1483,1.0,0.0,0.0,2.3738,0.0,2.0936,2.7083,1.0,yfinance,5.0
2026-09-13 23:11:39,2025-11-19,Greenville_NC,v1.4-Finlight-Greenville-Ridge,DAILY_BATCH,,2.3172,2.35,UP,2.4821,UP,0.1321,1.0,0.0,0.0,2.3172,0.0,2.0426,2.6573,1.0,yfinance,5.0
2026-09-13 23:11:39,2025-11-20,Greenville_NC,v1.4-Finlight-Greenville-Ridge,DAILY_BATCH,,2.3215,2.3609,UP,2.4684,UP,0.1075,1.0,0.0,0.0,2.3215,0.0,2.0536,2.6682,1.0,yfinance,5.0
2026-09-13 23:11:39,2025-11-21,Greenville_NC,v1.4-Finlight-Greenville-Ridge,DAILY_BATCH,,2.3734,2.4084,UP,2.4334,UP,0.025,1.0,0.0,0.0,2.3734,0.0,2.1011,2.7158,1.0,yfinance,5.0
2026-09-13 23:11:39,2025-11-24,Greenville_NC,v1.4-Finlight-Greenville-Ridge,DAILY_BATCH,,2.3519,2.3778,UP,2.4466,UP,0.0688,1.0,0.0,0.0,2.3519,0.0,2.0705,2.6852,1.0,yfinance,5.0
2026-09-13 23:11:39,2025-11-25,Greenville_NC,v1.4-Finlight-Greenville-Ridge,DAILY_BATCH,,2.3611,2.3767,UP,2.4072,UP,0.0305,1.0,0.0,0.0,2.3611,0.0,2.0694,2.684,1.0,yfinance,5.0
2026-09-13 23:11:39,2025-11-26,Greenville_NC,v1.4-Finlight-Greenville-Ridge,DAILY_BATCH,,2.2939,2.2628,DOWN,2.439,UP,0.1762,0.0,0.0,0.0,2.2939,0.0,1.9554,2.5701,1.0,yfinance,5.0
2026-09-13 23:11:39,2025-11-27,Greenville_NC,v1.4-Finlight-Greenville-Ridge,DAILY_BATCH,,2.2802,2.2684,DOWN,,,,,0.0,0.0,2.2802,0.0,1.9611,2.5757,,yfinance,5.0
2026-09-13 23:11:39,2025-11-28,Greenville_NC,v1.4-Finlight-Greenville-Ridge,DAILY_BATCH,,2.2452,2.2327,DOWN,2.4459,UP,0.2132,0.0,0.0,0.0,2.2452,0.0,1.9254,2.54,1.0,yfinance,5.0
2026-09-13 23:11:39,2025-12-01,Greenville_NC,v1.4-Finlight-Greenville-Ridge,DAILY_BATCH,,2.2584,2.2879,UP,2.4189,UP,0.131,1.0,0.0,0.0,2.2584,0.0,1.9806,2.5952,1.0,yfinance,5.0
2026-09-13 23:11:39,2025-12-02,Greenville_NC,v1.4-Finlight-Greenville-Ridge,DAILY_BATCH,,2.219,2.2421,UP,2.3803,UP,0.1382,1.0,0.0,0.0,2.219,0.0,1.9347,2.5494,1.0,yfinance,5.0
2026-09-13 23:11:39,2025-12-03,Greenville_NC,v1.4-Finlight-Greenville-Ridge,DAILY_BATCH,,2.2508,2.2634,UP,2.3772,UP,0.1138,1.0,0.0,0.0,2.2508,0.0,1.9561,2.5708,1.0,yfinance,5.0
2026-09-13 23:11:39,2025-12-05,Greenville_NC,v1.4-Finlight-Greenville-Ridge,DAILY_BATCH,,2.2577,2.2704,UP,2.3841,UP,0.1137,1.0,0.0,0.0,2.2577,0.0,1.963,2.5777,1.0,yfinance,5.0
2026-09-13 23:11:39,2025-12-08,Greenville_NC,v1.4-Finlight-Greenville-Ridge,DAILY_BATCH,,2.2307,2.241,UP,2.3481,UP,0.1071,1.0,0.0,0.0,2.2307,0.0,1.9337,2.5483,1.0,yfinance,5.0
2026-09-13 23:11:39,2025-12-09,Greenville_NC,v1.4-Finlight-Greenville-Ridge,DAILY_BATCH,,2.1921,2.1935,UP,2.3397,UP,0.1462,1.0,0.0,0.0,2.1921,0.0,1.8862,2.5009,1.0,yfinance,5.0
2026-09-13 23:11:39,2025-12-10,Greenville_NC,v1.4-Finlight-Greenville-Ridge,DAILY_BATCH,,2.189,2.1973,UP,2.3315,UP,0.1342,1.0,0.0,0.0,2.189,0.0,1.89,2.5047,1.0,yfinance,5.0
2026-09-13 23:11:39,2025-12-11,Greenville_NC,v1.4-Finlight-Greenville-Ridge,DAILY_BATCH,,2.1889,2.1847,DOWN,2.3098,UP,0.1251,0.0,0.0,0.0,2.1889,0.0,1.8773,2.492,1.0,yfinance,5.0
2026-09-13 23:11:39,2025-12-12,Greenville_NC,v1.4-Finlight-Greenville-Ridge,DAILY_BATCH,,2.1959,2.1788,DOWN,2.3021,UP,0.1233,0.0,0.0,0.0,2.1959,0.0,1.8715,2.4861,1.0,yfinance,5.0
2026-09-13 23:11:39,2025-12-15,Greenville_NC,v1.4-Finlight-Greenville-Ridge,DAILY_BATCH,,2.1599,2.153,DOWN,2.2823,UP,0.1293,0.0,0.0,0.0,2.1599,0.0,1.8457,2.4604,1.0,yfinance,5.0
2026-09-13 23:11:39,2025-12-16,Greenville_NC,v1.4-Finlight-Greenville-Ridge,DAILY_BATCH,,2.1515,2.1548,UP,2.2309,UP,0.0761,1.0,0.0,0.0,2.1515,0.0,1.8475,2.4622,1.0,yfinance,5.0
2026-09-13 23:11:39,2025-12-17,Greenville_NC,v1.4-Finlight-Greenville-Ridge,DAILY_BATCH,,2.1433,2.1251,DOWN,2.2443,UP,0.1192,0.0,0.0,0.0,2.1433,0.0,1.8178,2.4325,1.0,yfinance,5.0
2026-09-13 23:11:39,2025-12-18,Greenville_NC,v1.4-Finlight-Greenville-Ridge,DAILY_BATCH,,2.1216,2.1378,UP,2.2513,UP,0.1135,1.0,0.0,0.0,2.1216,0.0,1.8305,2.4451,1.0,yfinance,5.0
2026-09-13 23:11:39,2025-12-19,Greenville_NC,v1.4-Finlight-Greenville-Ridge,DAILY_BATCH,,2.1139,2.1316,UP,2.2582,UP,0.1266,1.0,0.0,0.0,2.1139,0.0,1.8242,2.4389,1.0,yfinance,5.0
2026-09-13 23:11:39,2025-12-22,Greenville_NC,v1.4-Finlight-Greenville-Ridge,DAILY_BATCH,,2.0941,2.1272,UP,2.2922,UP,0.165,1.0,0.0,0.0,2.0941,0.0,1.8198,2.4345,1.0,yfinance,5.0
2026-09-13 23:11:39,2025-12-23,Greenville_NC,v1.4-Finlight-Greenville-Ridge,DAILY_BATCH,,2.0427,2.0713,UP,2.2932,UP,0.2219,1.0,0.0,0.0,2.0427,0.0,1.764,2.3787,1.0,yfinance,5.0
2026-09-13 23:11:39,2025-12-24,Greenville_NC,v1.4-Finlight-Greenville-Ridge,DAILY_BATCH,,2.0561,2.0817,UP,2.2971,UP,0.2154,1.0,0.0,0.0,2.0561,0.0,1.7744,2.389,1.0,yfinance,5.0
2026-09-13 23:11:39,2025-12-25,Greenville_NC,v1.4-Finlight-Greenville-Ridge,DAILY_BATCH,,2.0631,2.084,UP,,,,,0.0,0.0,2.0631,0.0,1.7767,2.3913,,yfinance,5.0
2026-09-13 23:11:39,2025-12-26,Greenville_NC,v1.4-Finlight-Greenville-Ridge,DAILY_BATCH,,2.07,2.1191,UP,2.2471,UP,0.128,1.0,0.0,0.0,2.07,0.0,1.8118,2.4264,1.0,yfinance,5.0
2026-09-13 23:11:39,2025-12-29,Greenville_NC,v1.4-Finlight-Greenville-Ridge,DAILY_BATCH,,2.104,2.1279,UP,2.2652,UP,0.1373,1.0,0.0,0.0,2.104,0.0,1.8206,2.4352,1.0,yfinance,5.0
2026-09-13 23:11:39,2025-12-30,Greenville_NC,v1.4-Finlight-Greenville-Ridge,DAILY_BATCH,,2.105,2.1376,UP,2.271,UP,0.1334,1.0,0.0,0.0,2.105,0.0,1.8302,2.4449,1.0,yfinance,5.0
2026-09-13 23:11:39,2025-12-31,Greenville_NC,v1.4-Finlight-Greenville-Ridge,DAILY_BATCH,,2.1089,2.1151,UP,2.2554,UP,0.1403,1.0,0.0,0.0,2.1089,0.0,1.8077,2.4224,1.0,yfinance,5.0
2026-09-13 23:11:39,2026-01-02,Greenville_NC,v1.4-Finlight-Greenville-Ridge,DAILY_BATCH,,2.0589,2.0796,UP,2.2482,UP,0.1686,1.0,0.0,0.0,2.0589,0.0,1.7723,2.3869,1.0,yfinance,5.0
2026-09-13 23:11:39,2026-01-05,Greenville_NC,v1.4-Finlight-Greenville-Ridge,DAILY_BATCH,,2.077,2.0938,UP,2.27,UP,0.1762,1.0,0.0,0.0,2.077,0.0,1.7864,2.4011,1.0,yfinance,5.0
2026-09-13 23:11:39,2026-01-06,Greenville_NC,v1.4-Finlight-Greenville-Ridge,DAILY_BATCH,,2.0828,2.1116,UP,2.2506,UP,0.139,1.0,0.0,0.0,2.0828,0.0,1.8043,2.419,1.0,yfinance,5.0
2026-09-13 23:11:39,2026-01-07,Greenville_NC,v1.4-Finlight-Greenville-Ridge,DAILY_BATCH,,2.0672,2.0883,UP,2.2445,UP,0.1562,1.0,0.0,0.0,2.0672,0.0,1.781,2.3956,1.0,yfinance,5.0
2026-09-13 23:11:39,2026-01-09,Greenville_NC,v1.4-Finlight-Greenville-Ridge,DAILY_BATCH,,2.06,2.0829,UP,2.3306,UP,0.2477,1.0,0.0,0.0,2.06,0.0,1.7756,2.3903,1.0,yfinance,5.0
2026-09-13 23:11:39,2026-01-12,Greenville_NC,v1.4-Finlight-Greenville-Ridge,DAILY_BATCH,,2.0818,2.1047,UP,2.3438,UP,0.2391,1.0,0.0,0.0,2.0818,0.0,1.7974,2.4121,1.0,yfinance,5.0
2026-09-13 23:11:39,2026-01-13,Greenville_NC,v1.4-Finlight-Greenville-Ridge,DAILY_BATCH,,2.0624,2.0887,UP,2.3765,UP,0.2878,1.0,0.0,0.0,2.0624,0.0,1.7814,2.396,1.0,yfinance,5.0
2026-09-13 23:11:39,2026-01-14,Greenville_NC,v1.4-Finlight-Greenville-Ridge,DAILY_BATCH,,2.0563,2.0995,UP,2.3804,UP,0.2809,1.0,0.0,0.0,2.0563,0.0,1.7921,2.4068,1.0,yfinance,5.0
2026-09-13 23:11:39,2026-01-15,Greenville_NC,v1.4-Finlight-Greenville-Ridge,DAILY_BATCH,,2.1221,2.2074,UP,2.3338,UP,0.1264,1.0,0.0,0.0,2.1221,0.0,1.9,2.5147,1.0,yfinance,5.0
2026-09-13 23:11:39,2026-01-16,Greenville_NC,v1.4-Finlight-Greenville-Ridge,DAILY_BATCH,,2.1424,2.2366,UP,2.3352,UP,0.0986,1.0,0.0,0.0,2.1424,0.0,1.9293,2.544,1.0,yfinance,5.0
2026-09-13 23:11:39,2026-01-19,Greenville_NC,v1.4-Finlight-Greenville-Ridge,DAILY_BATCH,,2.1556,2.2455,UP,,,,,0.0,0.0,2.1556,0.0,1.9382,2.5528,,yfinance,5.0
2026-09-13 23:11:39,2026-01-20,Greenville_NC,v1.4-Finlight-Greenville-Ridge,DAILY_BATCH,,2.1883,2.2792,UP,2.3738,UP,0.0946,1.0,0.0,0.0,2.1883,0.0,1.9719,2.5865,1.0,yfinance,5.0
2026-09-13 23:11:39,2026-01-21,Greenville_NC,v1.4-Finlight-Greenville-Ridge,DAILY_BATCH,,2.1922,2.255,UP,2.4074,UP,0.1524,1.0,0.0,0.0,2.1922,0.0,1.9477,2.5624,1.0,yfinance,5.0
2026-09-13 23:11:39,2026-01-22,Greenville_NC,v1.4-Finlight-Greenville-Ridge,DAILY_BATCH,,2.1456,2.2099,UP,2.3672,UP,0.1573,1.0,0.0,0.0,2.1456,0.0,1.9026,2.5172,1.0,yfinance,5.0
2026-09-13 23:11:39,2026-01-23,Greenville_NC,v1.4-Finlight-Greenville-Ridge,DAILY_BATCH,,2.147,2.2021,UP,2.401,UP,0.1989,1.0,0.0,0.0,2.147,0.0,1.8948,2.5095,1.0,yfinance,5.0
2026-09-13 23:11:39,2026-01-27,Greenville_NC,v1.4-Finlight-Greenville-Ridge,DAILY_BATCH,,2.1856,2.2615,UP,2.4152,UP,0.1537,1.0,0.0,0.0,2.1856,0.0,1.9542,2.5688,1.0,yfinance,5.0
2026-09-13 23:11:39,2026-01-28,Greenville_NC,v1.4-Finlight-Greenville-Ridge,DAILY_BATCH,,2.2192,2.282,UP,2.4423,UP,0.1603,1.0,0.0,0.0,2.2192,0.0,1.9747,2.5893,1.0,yfinance,5.0
2026-09-13 23:11:39,2026-01-29,Greenville_NC,v1.4-Finlight-Greenville-Ridge,DAILY_BATCH,,2.179,2.2366,UP,2.47,UP,0.2334,1.0,0.0,0.0,2.179,0.0,1.9293,2.544,1.0,yfinance,5.0
2026-09-13 23:11:39,2026-01-30,Greenville_NC,v1.4-Finlight-Greenville-Ridge,DAILY_BATCH,,2.2128,2.2752,UP,2.4728,UP,0.1976,1.0,0.0,0.0,2.2128,0.0,1.9679,2.5825,1.0,yfinance,5.0
2026-09-13 23:11:39,2026-02-02,Greenville_NC,v1.4-Finlight-Greenville-Ridge,DAILY_BATCH,,2.1819,2.2715,UP,2.4014,UP,0.1299,1.0,0.0,0.0,2.1819,0.0,1.9642,2.5789,1.0,yfinance,5.0
2026-09-13 23:11:39,2026-02-03,Greenville_NC,v1.4-Finlight-Greenville-Ridge,DAILY_BATCH,,2.227,2.3208,UP,2.4479,UP,0.1271,1.0,0.0,0.0,2.227,0.0,2.0135,2.6281,1.0,yfinance,5.0
2026-09-13 23:11:39,2026-02-04,Greenville_NC,v1.4-Finlight-Greenville-Ridge,DAILY_BATCH,,2.2541,2.3454,UP,2.5152,UP,0.1698,1.0,0.0,0.0,2.2541,0.0,2.038,2.6527,1.0,yfinance,5.0
2026-09-13 23:11:39,2026-02-05,Greenville_NC,v1.4-Finlight-Greenville-Ridge,DAILY_BATCH,,2.2818,2.347,UP,2.4766,UP,0.1296,1.0,0.0,0.0,2.2818,0.0,2.0397,2.6544,1.0,yfinance,5.0
2026-09-13 23:11:39,2026-02-06,Greenville_NC,v1.4-Finlight-Greenville-Ridge,DAILY_BATCH,,2.2846,2.3494,UP,2.5032,UP,0.1538,1.0,0.0,0.0,2.2846,0.0,2.0421,2.6568,1.0,yfinance,5.0
2026-09-13 23:11:39,2026-02-09,Greenville_NC,v1.4-Finlight-Greenville-Ridge,DAILY_BATCH,,2.2132,2.2863,UP,2.5355,UP,0.2492,1.0,0.0,0.0,2.2132,0.0,1.979,2.5937,1.0,yfinance,5.0
2026-09-13 23:11:39,2026-02-10,Greenville_NC,v1.4-Finlight-Greenville-Ridge,DAILY_BATCH,,2.2597,2.3512,UP,2.5092,UP,0.158,1.0,0.0,0.0,2.2597,0.0,2.0439,2.6585,1.0,yfinance,5.0
2026-09-13 23:11:39,2026-02-11,Greenville_NC,v1.4-Finlight-Greenville-Ridge,DAILY_BATCH,,2.327,2.4145,UP,2.5289,UP,0.1144,1.0,0.0,0.0,2.327,0.0,2.1072,2.7218,1.0,yfinance,5.0
2026-09-13 23:11:39,2026-02-12,Greenville_NC,v1.4-Finlight-Greenville-Ridge,DAILY_BATCH,,2.2884,2.4202,UP,2.4659,UP,0.0457,1.0,0.0,0.0,2.2884,0.0,2.1129,2.7275,1.0,yfinance,5.0
2026-09-13 23:11:39,2026-02-13,Greenville_NC,v1.4-Finlight-Greenville-Ridge,DAILY_BATCH,,2.315,2.4501,UP,2.461,UP,0.0109,1.0,0.0,0.0,2.315,0.0,2.1427,2.7574,1.0,yfinance,5.0
2026-09-13 23:11:39,2026-02-16,Greenville_NC,v1.4-Finlight-Greenville-Ridge,DAILY_BATCH,,2.3473,2.4456,UP,,,,,0.0,0.0,2.3473,0.0,2.1383,2.7529,,yfinance,5.0
2026-09-13 23:11:39,2026-02-17,Greenville_NC,v1.4-Finlight-Greenville-Ridge,DAILY_BATCH,,2.321,2.4191,UP,2.4644,UP,0.0453,1.0,0.0,0.0,2.321,0.0,2.1118,2.7264,1.0,yfinance,5.0
2026-09-13 23:11:39,2026-02-18,Greenville_NC,v1.4-Finlight-Greenville-Ridge,DAILY_BATCH,,2.3407,2.4365,UP,2.518,UP,0.0815,1.0,0.0,0.0,2.3407,0.0,2.1292,2.7439,1.0,yfinance,5.0
2026-09-13 23:11:39,2026-02-19,Greenville_NC,v1.4-Finlight-Greenville-Ridge,DAILY_BATCH,,2.2777,2.3665,UP,2.5566,UP,0.1901,1.0,0.0,0.0,2.2777,0.0,2.0591,2.6738,1.0,yfinance,5.0
2026-09-13 23:11:39,2026-02-20,Greenville_NC,v1.4-Finlight-Greenville-Ridge,DAILY_BATCH,,2.2728,2.3924,UP,2.5473,UP,0.1549,1.0,0.0,0.0,2.2728,0.0,2.0851,2.6997,1.0,yfinance,5.0
2026-09-13 23:11:39,2026-02-24,Greenville_NC,v1.4-Finlight-Greenville-Ridge,DAILY_BATCH,,2.2762,2.3638,UP,2.5214,UP,0.1576,1.0,0.0,0.0,2.2762,0.0,2.0565,2.6712,1.0,yfinance,5.0
2026-09-13 23:11:39,2026-02-25,Greenville_NC,v1.4-Finlight-Greenville-Ridge,DAILY_BATCH,,2.3298,2.4264,UP,2.5414,UP,0.115,1.0,0.0,0.0,2.3298,0.0,2.1191,2.7337,1.0,yfinance,5.0
2026-09-13 23:11:39,2026-02-26,Greenville_NC,v1.4-Finlight-Greenville-Ridge,DAILY_BATCH,,2.3684,2.4908,UP,2.5823,UP,0.0915,1.0,0.0,0.0,2.3684,0.0,2.1834,2.7981,1.0,yfinance,5.0
2026-09-13 23:11:39,2026-02-27,Greenville_NC,v1.4-Finlight-Greenville-Ridge,DAILY_BATCH,,2.3591,2.4662,UP,2.6279,UP,0.1617,1.0,0.0,0.0,2.3591,0.0,2.1589,2.7736,1.0,yfinance,5.0
2026-09-13 23:11:39,2026-03-02,Greenville_NC,v1.4-Finlight-Greenville-Ridge,DAILY_BATCH,,2.351,2.4549,UP,2.9206,UP,0.4657,1.0,0.0,0.0,2.351,0.0,2.1475,2.7622,0.0,yfinance,5.0
2026-09-13 23:11:39,2026-03-03,Greenville_NC,v1.4-Finlight-Greenville-Ridge,DAILY_BATCH,,2.3332,2.4406,UP,3.0074,UP,0.5668,1.0,0.0,0.0,2.3332,0.0,2.1333,2.7479,0.0,yfinance,5.0
2026-09-13 23:11:39,2026-03-04,Greenville_NC,v1.4-Finlight-Greenville-Ridge,DAILY_BATCH,,2.3532,2.4553,UP,3.0649,UP,0.6096,1.0,0.0,0.0,2.3532,0.0,2.148,2.7627,0.0,yfinance,5.0
2026-09-13 23:11:39,2026-03-05,Greenville_NC,v1.4-Finlight-Greenville-Ridge,DAILY_BATCH,,2.3941,2.5055,UP,3.2209,UP,0.7154,1.0,0.0,0.0,2.3941,0.0,2.1982,2.8129,0.0,yfinance,5.0
2026-09-13 23:11:39,2026-03-06,Greenville_NC,v1.4-Finlight-Greenville-Ridge,DAILY_BATCH,,2.4397,2.5388,UP,3.2966,UP,0.7578,1.0,0.0,0.0,2.4397,0.0,2.2314,2.8461,0.0,yfinance,5.0
2026-09-13 23:11:39,2026-03-09,Greenville_NC,v1.4-Finlight-Greenville-Ridge,DAILY_BATCH,,2.7324,2.6757,DOWN,3.3584,UP,0.6827,0.0,0.0,0.0,2.7324,0.0,2.3684,2.983,0.0,yfinance,5.0
2026-09-13 23:11:39,2026-03-10,Greenville_NC,v1.4-Finlight-Greenville-Ridge,DAILY_BATCH,,2.8192,2.6491,DOWN,3.1903,UP,0.5412,0.0,0.0,0.0,2.8192,0.0,2.3417,2.9564,0.0,yfinance,5.0
2026-09-13 23:11:39,2026-03-11,Greenville_NC,v1.4-Finlight-Greenville-Ridge,DAILY_BATCH,,2.8767,2.729,DOWN,3.3383,UP,0.6093,0.0,0.0,0.0,2.8767,0.0,2.4217,3.0364,0.0,yfinance,5.0
2026-09-13 23:11:39,2026-03-12,Greenville_NC,v1.4-Finlight-Greenville-Ridge,DAILY_BATCH,,3.0327,2.84,DOWN,3.5146,UP,0.6746,0.0,0.0,0.0,3.0327,0.0,2.5327,3.1473,0.0,yfinance,5.0
2026-09-13 23:11:39,2026-03-13,Greenville_NC,v1.4-Finlight-Greenville-Ridge,DAILY_BATCH,,3.1084,2.8138,DOWN,3.5914,UP,0.7776,0.0,0.0,0.0,3.1084,0.0,2.5065,3.1211,0.0,yfinance,5.0
2026-09-13 23:11:39,2026-03-16,Greenville_NC,v1.4-Finlight-Greenville-Ridge,DAILY_BATCH,,3.1702,2.8402,DOWN,3.5503,UP,0.7101,0.0,0.0,0.0,3.1702,0.0,2.5329,3.1475,0.0,yfinance,5.0
2026-09-13 23:11:39,2026-03-17,Greenville_NC,v1.4-Finlight-Greenville-Ridge,DAILY_BATCH,,3.0021,2.8871,DOWN,3.6734,UP,0.7863,0.0,0.0,0.0,3.0021,0.0,2.5798,3.1945,0.0,yfinance,5.0
2026-09-13 23:11:39,2026-03-18,Greenville_NC,v1.4-Finlight-Greenville-Ridge,DAILY_BATCH,,3.1501,3.0368,DOWN,3.6485,UP,0.6117,0.0,0.0,0.0,3.1501,0.0,2.7295,3.3442,0.0,yfinance,5.0
2026-09-13 23:11:39,2026-03-19,Greenville_NC,v1.4-Finlight-Greenville-Ridge,DAILY_BATCH,,3.3264,3.0763,DOWN,3.6771,UP,0.6008,0.0,0.0,0.0,3.3264,0.0,2.769,3.3836,0.0,yfinance,5.0
2026-09-13 23:11:39,2026-03-20,Greenville_NC,v1.4-Finlight-Greenville-Ridge,DAILY_BATCH,,3.4032,3.1201,DOWN,3.8362,UP,0.7161,0.0,0.0,0.0,3.4032,0.0,2.8128,3.4274,0.0,yfinance,5.0
2026-09-13 23:11:39,2026-03-23,Greenville_NC,v1.4-Finlight-Greenville-Ridge,DAILY_BATCH,,3.3621,3.2678,DOWN,3.5249,UP,0.2571,0.0,0.0,0.0,3.3621,0.0,2.9604,3.5751,1.0,yfinance,5.0
2026-09-13 23:11:39,2026-03-24,Greenville_NC,v1.4-Finlight-Greenville-Ridge,DAILY_BATCH,,3.4852,3.3953,DOWN,3.698,UP,0.3027,0.0,0.0,0.0,3.4852,0.0,3.088,3.7027,1.0,yfinance,5.0
2026-09-13 23:11:39,2026-03-25,Greenville_NC,v1.4-Finlight-Greenville-Ridge,DAILY_BATCH,,3.4603,3.3769,DOWN,3.5624,UP,0.1855,0.0,0.0,0.0,3.4603,0.0,3.0695,3.6842,1.0,yfinance,5.0
2026-09-13 23:11:39,2026-03-26,Greenville_NC,v1.4-Finlight-Greenville-Ridge,DAILY_BATCH,,3.4889,3.4389,DOWN,3.6802,UP,0.2413,0.0,0.0,0.0,3.4889,0.0,3.1316,3.7462,1.0,yfinance,5.0
2026-09-13 23:11:39,2026-03-27,Greenville_NC,v1.4-Finlight-Greenville-Ridge,DAILY_BATCH,,3.648,3.5549,DOWN,3.8001,UP,0.2452,0.0,0.0,0.0,3.648,0.0,3.2475,3.8622,1.0,yfinance,5.0
2026-09-13 23:11:39,2026-03-30,Greenville_NC,v1.4-Finlight-Greenville-Ridge,DAILY_BATCH,,3.3367,3.4293,UP,3.9015,UP,0.4722,1.0,0.0,0.0,3.3367,0.0,3.1219,3.7366,0.0,yfinance,5.0
2026-09-13 23:11:39,2026-03-31,Greenville_NC,v1.4-Finlight-Greenville-Ridge,DAILY_BATCH,,3.5098,3.4974,DOWN,3.8623,UP,0.3649,0.0,0.0,0.0,3.5098,0.0,3.1901,3.8047,0.0,yfinance,5.0
2026-09-13 23:11:39,2026-04-01,Greenville_NC,v1.4-Finlight-Greenville-Ridge,DAILY_BATCH,,3.3742,3.4548,UP,3.6414,UP,0.1866,1.0,0.0,0.0,3.3742,0.0,3.1474,3.7621,1.0,yfinance,5.0
2026-09-13 23:11:39,2026-04-02,Greenville_NC,v1.4-Finlight-Greenville-Ridge,DAILY_BATCH,,3.492,3.6141,UP,3.838,UP,0.2239,1.0,0.0,0.0,3.492,0.0,3.3068,3.9215,1.0,yfinance,5.0
2026-09-13 23:11:39,2026-04-03,Greenville_NC,v1.4-Finlight-Greenville-Ridge,DAILY_BATCH,,3.6119,3.6607,UP,,,,,0.0,0.0,3.6119,0.0,3.3534,3.9681,,yfinance,5.0
2026-09-13 23:11:39,2026-04-06,Greenville_NC,v1.4-Finlight-Greenville-Ridge,DAILY_BATCH,,3.7133,3.6582,DOWN,3.8582,UP,0.2,0.0,0.0,0.0,3.7133,0.0,3.3509,3.9655,1.0,yfinance,5.0
2026-09-13 23:11:39,2026-04-07,Greenville_NC,v1.4-Finlight-Greenville-Ridge,DAILY_BATCH,,3.6741,3.657,DOWN,3.8552,UP,0.1982,0.0,0.0,0.0,3.6741,0.0,3.3497,3.9644,1.0,yfinance,5.0
2026-09-13 23:11:39,2026-04-08,Greenville_NC,v1.4-Finlight-Greenville-Ridge,DAILY_BATCH,,3.4532,3.5176,UP,3.5559,UP,0.0383,1.0,0.0,0.0,3.4532,0.0,3.2103,3.8249,1.0,yfinance,5.0
2026-09-13 23:11:39,2026-04-09,Greenville_NC,v1.4-Finlight-Greenville-Ridge,DAILY_BATCH,,3.6498,3.6432,DOWN,3.5507,DOWN,0.0925,1.0,0.0,0.0,3.6498,0.0,3.3359,3.9506,1.0,yfinance,5.0
2026-09-13 23:11:39,2026-04-13,Greenville_NC,v1.4-Finlight-Greenville-Ridge,DAILY_BATCH,,3.67,3.7388,UP,3.666,DOWN,0.0728,0.0,0.0,0.0,3.67,0.0,3.4315,4.0462,1.0,yfinance,5.0
2026-09-13 23:11:39,2026-04-14,Greenville_NC,v1.4-Finlight-Greenville-Ridge,DAILY_BATCH,,3.667,3.7114,UP,3.5895,DOWN,0.1219,0.0,0.0,0.0,3.667,0.0,3.404,4.0187,1.0,yfinance,5.0
2026-09-13 23:11:39,2026-04-15,Greenville_NC,v1.4-Finlight-Greenville-Ridge,DAILY_BATCH,,3.3677,3.532,UP,3.6192,UP,0.0872,1.0,0.0,0.0,3.3677,0.0,3.2247,3.8394,1.0,yfinance,5.0
2026-09-13 23:11:39,2026-04-16,Greenville_NC,v1.4-Finlight-Greenville-Ridge,DAILY_BATCH,,3.3625,3.4696,UP,3.7137,UP,0.2441,1.0,0.0,0.0,3.3625,0.0,3.1622,3.7769,1.0,yfinance,5.0
2026-09-13 23:11:39,2026-04-17,Greenville_NC,v1.4-Finlight-Greenville-Ridge,DAILY_BATCH,,3.3991,3.5363,UP,3.5548,UP,0.0185,1.0,0.0,0.0,3.3991,0.0,3.229,3.8436,1.0,yfinance,5.0
2026-09-13 23:11:39,2026-04-20,Greenville_NC,v1.4-Finlight-Greenville-Ridge,DAILY_BATCH,,3.4778,3.6006,UP,3.6668,UP,0.0662,1.0,0.0,0.0,3.4778,0.0,3.2932,3.9079,1.0,yfinance,5.0
2026-09-13 23:11:39,2026-04-21,Greenville_NC,v1.4-Finlight-Greenville-Ridge,DAILY_BATCH,,3.4013,3.5526,UP,3.7598,UP,0.2072,1.0,0.0,0.0,3.4013,0.0,3.2453,3.8599,1.0,yfinance,5.0
2026-09-13 23:11:39,2026-04-22,Greenville_NC,v1.4-Finlight-Greenville-Ridge,DAILY_BATCH,,3.431,3.5236,UP,3.9079,UP,0.3843,1.0,0.0,0.0,3.431,0.0,3.2163,3.8309,0.0,yfinance,5.0
2026-09-13 23:11:39,2026-04-23,Greenville_NC,v1.4-Finlight-Greenville-Ridge,DAILY_BATCH,,3.5255,3.5302,UP,4.0121,UP,0.4819,1.0,0.0,0.0,3.5255,0.0,3.2228,3.8375,0.0,yfinance,5.0
2026-09-13 23:11:39,2026-04-24,Greenville_NC,v1.4-Finlight-Greenville-Ridge,DAILY_BATCH,,3.3666,3.4795,UP,4.0126,UP,0.5331,1.0,0.0,0.0,3.3666,0.0,3.1721,3.7868,0.0,yfinance,5.0
2026-09-13 23:11:39,2026-04-27,Greenville_NC,v1.4-Finlight-Greenville-Ridge,DAILY_BATCH,,3.4786,3.5668,UP,4.041,UP,0.4742,1.0,0.0,0.0,3.4786,0.0,3.2595,3.8742,0.0,yfinance,5.0
2026-09-13 23:11:39,2026-04-28,Greenville_NC,v1.4-Finlight-Greenville-Ridge,DAILY_BATCH,,3.5716,3.6079,UP,4.1104,UP,0.5025,1.0,0.0,0.0,3.5716,0.0,3.3006,3.9152,0.0,yfinance,5.0
2026-09-13 23:11:39,2026-04-29,Greenville_NC,v1.4-Finlight-Greenville-Ridge,DAILY_BATCH,,3.7197,3.6686,DOWN,4.2911,UP,0.6225,0.0,0.0,0.0,3.7197,0.0,3.3613,3.976,0.0,yfinance,5.0
2026-09-13 23:11:39,2026-04-30,Greenville_NC,v1.4-Finlight-Greenville-Ridge,DAILY_BATCH,,3.8239,3.7016,DOWN,4.3215,UP,0.6199,0.0,0.0,0.0,3.8239,0.0,3.3942,4.0089,0.0,yfinance,5.0
2026-09-13 23:11:39,2026-05-01,Greenville_NC,v1.4-Finlight-Greenville-Ridge,DAILY_BATCH,,3.8244,3.7169,DOWN,4.1452,UP,0.4283,0.0,0.0,0.0,3.8244,0.0,3.4096,4.0242,0.0,yfinance,5.0
2026-09-13 23:11:39,2026-05-04,Greenville_NC,v1.4-Finlight-Greenville-Ridge,DAILY_BATCH,,3.8528,3.7691,DOWN,4.2882,UP,0.5191,0.0,0.0,0.0,3.8528,0.0,3.4618,4.0765,0.0,yfinance,5.0
2026-09-13 23:11:39,2026-05-05,Greenville_NC,v1.4-Finlight-Greenville-Ridge,DAILY_BATCH,,3.9222,3.7566,DOWN,4.1706,UP,0.414,0.0,0.0,0.0,3.9222,0.0,3.4493,4.064,0.0,yfinance,5.0
2026-09-13 23:11:39,2026-05-06,Greenville_NC,v1.4-Finlight-Greenville-Ridge,DAILY_BATCH,,4.1029,3.8777,DOWN,4.0093,DOWN,0.1316,1.0,0.0,0.0,4.1029,0.0,3.5704,4.185,1.0,yfinance,5.0
2026-09-13 23:11:39,2026-05-07,Greenville_NC,v1.4-Finlight-Greenville-Ridge,DAILY_BATCH,,4.1333,3.9553,DOWN,4.006,DOWN,0.0507,1.0,0.0,0.0,4.1333,0.0,3.648,4.2627,1.0,yfinance,5.0
2026-09-13 23:11:39,2026-05-08,Greenville_NC,v1.4-Finlight-Greenville-Ridge,DAILY_BATCH,,3.957,3.8664,DOWN,4.0767,UP,0.2103,0.0,0.0,0.0,3.957,0.0,3.5591,4.1738,1.0,yfinance,5.0
2026-09-13 23:11:39,2026-05-11,Greenville_NC,v1.4-Finlight-Greenville-Ridge,DAILY_BATCH,,4.1,3.9636,DOWN,4.1498,UP,0.1862,0.0,0.0,0.0,4.1,0.0,3.6563,4.2709,1.0,yfinance,5.0
2026-09-13 23:11:39,2026-05-12,Greenville_NC,v1.4-Finlight-Greenville-Ridge,DAILY_BATCH,,3.9824,3.94,DOWN,4.2477,UP,0.3077,0.0,0.0,0.0,3.9824,0.0,3.6327,4.2474,0.0,yfinance,5.0
2026-09-13 23:11:39,2026-05-13,Greenville_NC,v1.4-Finlight-Greenville-Ridge,DAILY_BATCH,,3.8211,3.9189,UP,4.1687,UP,0.2498,1.0,0.0,0.0,3.8211,0.0,3.6116,4.2262,1.0,yfinance,5.0
2026-09-13 23:11:39,2026-05-14,Greenville_NC,v1.4-Finlight-Greenville-Ridge,DAILY_BATCH,,3.8178,3.9138,UP,4.1557,UP,0.2419,1.0,0.0,0.0,3.8178,0.0,3.6065,4.2212,1.0,yfinance,5.0
2026-09-13 23:11:39,2026-05-15,Greenville_NC,v1.4-Finlight-Greenville-Ridge,DAILY_BATCH,,3.8885,3.9802,UP,4.2519,UP,0.2717,1.0,0.0,0.0,3.8885,0.0,3.6729,4.2876,1.0,yfinance,5.0
2026-09-13 23:11:39,2026-05-18,Greenville_NC,v1.4-Finlight-Greenville-Ridge,DAILY_BATCH,,3.9616,4.0036,UP,4.3107,UP,0.3071,1.0,0.0,0.0,3.9616,0.0,3.6963,4.311,1.0,yfinance,5.0
2026-09-13 23:11:39,2026-05-19,Greenville_NC,v1.4-Finlight-Greenville-Ridge,DAILY_BATCH,,4.0595,4.0345,DOWN,4.2462,UP,0.2117,0.0,0.0,0.0,4.0595,0.0,3.7271,4.3418,1.0,yfinance,5.0
2026-09-13 23:11:39,2026-05-20,Greenville_NC,v1.4-Finlight-Greenville-Ridge,DAILY_BATCH,,3.9805,3.9973,UP,4.0374,UP,0.0401,1.0,0.0,0.0,3.9805,0.0,3.69,4.3046,1.0,yfinance,5.0
2026-09-13 23:11:39,2026-05-21,Greenville_NC,v1.4-Finlight-Greenville-Ridge,DAILY_BATCH,,3.9675,4.0103,UP,3.9296,DOWN,0.0807,0.0,0.0,0.0,3.9675,0.0,3.703,4.3176,1.0,yfinance,5.0
2026-09-13 23:11:39,2026-05-22,Greenville_NC,v1.4-Finlight-Greenville-Ridge,DAILY_BATCH,,4.0637,4.0364,DOWN,4.0039,DOWN,0.0325,1.0,0.0,0.0,4.0637,0.0,3.7291,4.3438,1.0,yfinance,5.0
2026-09-13 23:11:39,2026-05-25,Greenville_NC,v1.4-Finlight-Greenville-Ridge,DAILY_BATCH,,4.1225,4.0778,DOWN,,,,,0.0,0.0,4.1225,0.0,3.7704,4.3851,,yfinance,5.0
2026-09-13 23:11:39,2026-05-26,Greenville_NC,v1.4-Finlight-Greenville-Ridge,DAILY_BATCH,,4.058,4.0493,DOWN,3.7705,DOWN,0.2788,1.0,0.0,0.0,4.058,0.0,3.742,4.3567,1.0,yfinance,5.0
2026-09-13 23:11:39,2026-05-27,Greenville_NC,v1.4-Finlight-Greenville-Ridge,DAILY_BATCH,,3.8492,3.8663,UP,3.6837,DOWN,0.1826,0.0,0.0,0.0,3.8492,0.0,3.5589,4.1736,1.0,yfinance,5.0
2026-09-13 23:11:39,2026-05-28,Greenville_NC,v1.4-Finlight-Greenville-Ridge,DAILY_BATCH,,3.7414,3.7526,UP,3.7352,DOWN,0.0174,0.0,0.0,0.0,3.7414,0.0,3.4453,4.06,1.0,yfinance,5.0
2026-09-13 23:11:39,2026-05-29,Greenville_NC,v1.4-Finlight-Greenville-Ridge,DAILY_BATCH,,3.8157,3.8482,UP,3.6767,DOWN,0.1715,0.0,0.0,0.0,3.8157,0.0,3.5409,4.1556,1.0,yfinance,5.0
2026-09-13 23:11:39,2026-06-02,Greenville_NC,v1.4-Finlight-Greenville-Ridge,DAILY_BATCH,,3.5823,3.6928,UP,3.6943,UP,0.0015,1.0,0.0,0.0,3.5823,0.0,3.3854,4.0001,1.0,yfinance,5.0
2026-09-13 23:11:39,2026-06-03,Greenville_NC,v1.4-Finlight-Greenville-Ridge,DAILY_BATCH,,3.4955,3.6486,UP,3.6816,UP,0.033,1.0,0.0,0.0,3.4955,0.0,3.3413,3.956,1.0,yfinance,5.0
2026-09-13 23:11:39,2026-06-04,Greenville_NC,v1.4-Finlight-Greenville-Ridge,DAILY_BATCH,,3.547,3.6371,UP,3.5883,UP,0.0488,1.0,0.0,0.0,3.547,0.0,3.3298,3.9445,1.0,yfinance,5.0
2026-09-13 23:11:39,2026-06-05,Greenville_NC,v1.4-Finlight-Greenville-Ridge,DAILY_BATCH,,3.4885,3.6154,UP,3.5959,UP,0.0195,1.0,0.0,0.0,3.4885,0.0,3.3081,3.9227,1.0,yfinance,5.0
2026-09-13 23:11:39,2026-06-08,Greenville_NC,v1.4-Finlight-Greenville-Ridge,DAILY_BATCH,,3.4465,3.5597,UP,3.6206,UP,0.0609,1.0,0.0,0.0,3.4465,0.0,3.2524,3.8671,1.0,yfinance,5.0
2026-09-13 23:11:39,2026-06-09,Greenville_NC,v1.4-Finlight-Greenville-Ridge,DAILY_BATCH,,3.5061,3.5846,UP,3.5711,UP,0.0135,1.0,0.0,0.0,3.5061,0.0,3.2773,3.8919,1.0,yfinance,5.0
2026-09-13 23:11:39,2026-06-10,Greenville_NC,v1.4-Finlight-Greenville-Ridge,DAILY_BATCH,,3.4934,3.5328,UP,3.6599,UP,0.1271,1.0,0.0,0.0,3.4934,0.0,3.2255,3.8402,1.0,yfinance,5.0
2026-09-13 23:11:39,2026-06-11,Greenville_NC,v1.4-Finlight-Greenville-Ridge,DAILY_BATCH,,3.4001,3.4542,UP,3.6514,UP,0.1972,1.0,0.0,0.0,3.4001,0.0,3.1468,3.7615,1.0,yfinance,5.0
2026-09-13 23:11:39,2026-06-12,Greenville_NC,v1.4-Finlight-Greenville-Ridge,DAILY_BATCH,,3.4077,3.4406,UP,3.5998,UP,0.1592,1.0,0.0,0.0,3.4077,0.0,3.1333,3.748,1.0,yfinance,5.0
2026-09-13 23:11:39,2026-06-15,Greenville_NC,v1.4-Finlight-Greenville-Ridge,DAILY_BATCH,,3.4324,3.467,UP,3.4972,UP,0.0302,1.0,0.0,0.0,3.4324,0.0,3.1596,3.7743,1.0,yfinance,5.0
2026-09-13 23:11:39,2026-06-16,Greenville_NC,v1.4-Finlight-Greenville-Ridge,DAILY_BATCH,,3.3829,3.4123,UP,3.4305,UP,0.0182,1.0,0.0,0.0,3.3829,0.0,3.105,3.7197,1.0,yfinance,5.0
2026-09-13 23:11:39,2026-06-17,Greenville_NC,v1.4-Finlight-Greenville-Ridge,DAILY_BATCH,,3.4717,3.4653,DOWN,3.4596,DOWN,0.0057,1.0,0.0,0.0,3.4717,0.0,3.158,3.7726,1.0,yfinance,5.0
2026-09-13 23:11:39,2026-06-18,Greenville_NC,v1.4-Finlight-Greenville-Ridge,DAILY_BATCH,,3.4632,3.4575,DOWN,3.5449,UP,0.0874,0.0,0.0,0.0,3.4632,0.0,3.1501,3.7648,1.0,yfinance,5.0
2026-09-13 23:11:39,2026-06-19,Greenville_NC,v1.4-Finlight-Greenville-Ridge,DAILY_BATCH,,3.4116,3.4054,DOWN,,,,,0.0,0.0,3.4116,0.0,3.0981,3.7127,,yfinance,5.0
2026-09-13 23:11:39,2026-06-22,Greenville_NC,v1.4-Finlight-Greenville-Ridge,DAILY_BATCH,,3.309,3.297,DOWN,3.537,UP,0.24,0.0,0.0,0.0,3.309,0.0,2.9897,3.6044,1.0,yfinance,5.0
2026-09-13 23:11:39,2026-06-23,Greenville_NC,v1.4-Finlight-Greenville-Ridge,DAILY_BATCH,,3.2423,3.2792,UP,3.509,UP,0.2298,1.0,0.0,0.0,3.2423,0.0,2.9719,3.5866,1.0,yfinance,5.0
2026-09-13 23:11:39,2026-06-24,Greenville_NC,v1.4-Finlight-Greenville-Ridge,DAILY_BATCH,,3.2714,3.3049,UP,3.4318,UP,0.1269,1.0,0.0,0.0,3.2714,0.0,2.9976,3.6122,1.0,yfinance,5.0
2026-09-13 23:11:39,2026-06-25,Greenville_NC,v1.4-Finlight-Greenville-Ridge,DAILY_BATCH,,3.3567,3.3913,UP,3.5773,UP,0.186,1.0,0.0,0.0,3.3567,0.0,3.0839,3.6986,1.0,yfinance,5.0
2026-09-13 23:11:39,2026-06-29,Greenville_NC,v1.4-Finlight-Greenville-Ridge,DAILY_BATCH,,3.3488,3.3728,UP,3.6114,UP,0.2386,1.0,0.0,0.0,3.3488,0.0,3.0655,3.6801,1.0,yfinance,5.0
2026-09-13 23:11:39,2026-06-30,Greenville_NC,v1.4-Finlight-Greenville-Ridge,DAILY_BATCH,,3.3208,3.3249,UP,3.5644,UP,0.2395,1.0,0.0,0.0,3.3208,0.0,3.0176,3.6322,1.0,yfinance,5.0
2026-09-13 23:11:39,2026-07-01,Greenville_NC,v1.4-Finlight-Greenville-Ridge,DAILY_BATCH,,3.2436,3.2438,UP,3.4952,UP,0.2514,1.0,0.0,0.0,3.2436,0.0,2.9365,3.5511,1.0,yfinance,5.0
2026-09-13 23:11:39,2026-07-02,Greenville_NC,v1.4-Finlight-Greenville-Ridge,DAILY_BATCH,,3.3891,3.398,UP,3.4673,UP,0.0693,1.0,0.0,0.0,3.3891,0.0,3.0907,3.7053,1.0,yfinance,5.0
2026-09-13 23:11:39,2026-07-03,Greenville_NC,v1.4-Finlight-Greenville-Ridge,DAILY_BATCH,,3.3189,3.348,UP,,,,,0.0,0.0,3.3189,0.0,3.0407,3.6554,,yfinance,5.0
2026-09-13 23:11:39,2026-07-06,Greenville_NC,v1.4-Finlight-Greenville-Ridge,DAILY_BATCH,,3.4232,3.4416,UP,3.5533,UP,0.1117,1.0,0.0,0.0,3.4232,0.0,3.1343,3.7489,1.0,yfinance,5.0
2026-09-13 23:11:39,2026-07-07,Greenville_NC,v1.4-Finlight-Greenville-Ridge,DAILY_BATCH,,3.3762,3.3659,DOWN,3.5039,UP,0.138,0.0,0.0,0.0,3.3762,0.0,3.0585,3.6732,1.0,yfinance,5.0
2026-09-13 23:11:39,2026-07-08,Greenville_NC,v1.4-Finlight-Greenville-Ridge,DAILY_BATCH,,3.307,3.2883,DOWN,3.6534,UP,0.3651,0.0,0.0,0.0,3.307,0.0,2.981,3.5956,0.0,yfinance,5.0
2026-09-13 23:11:39,2026-07-09,Greenville_NC,v1.4-Finlight-Greenville-Ridge,DAILY_BATCH,,3.2791,3.2716,DOWN,3.5887,UP,0.3171,0.0,0.0,0.0,3.2791,0.0,2.9643,3.579,0.0,yfinance,5.0
2026-09-13 23:11:39,2026-07-13,Greenville_NC,v1.4-Finlight-Greenville-Ridge,DAILY_BATCH,,3.3651,3.3884,UP,3.7163,UP,0.3279,1.0,0.0,0.0,3.3651,0.0,3.0811,3.6958,0.0,yfinance,5.0
2026-09-13 23:11:39,2026-07-14,Greenville_NC,v1.4-Finlight-Greenville-Ridge,DAILY_BATCH,,3.3157,3.3391,UP,3.7773,UP,0.4382,1.0,0.0,0.0,3.3157,0.0,3.0318,3.6465,0.0,yfinance,5.0
2026-09-13 23:11:39,2026-07-15,Greenville_NC,v1.4-Finlight-Greenville-Ridge,DAILY_BATCH,,3.4652,3.461,DOWN,3.8509,UP,0.3899,0.0,0.0,0.0,3.4652,0.0,3.1537,3.7684,0.0,yfinance,5.0
2026-09-13 23:11:39,2026-07-16,Greenville_NC,v1.4-Finlight-Greenville-Ridge,DAILY_BATCH,,3.4005,3.3844,DOWN,3.8347,UP,0.4503,0.0,0.0,0.0,3.4005,0.0,3.0771,3.6917,0.0,yfinance,5.0
2026-09-13 23:11:39,2026-07-17,Greenville_NC,v1.4-Finlight-Greenville-Ridge,DAILY_BATCH,,3.3464,3.3616,UP,3.9427,UP,0.5811,1.0,0.0,0.0,3.3464,0.0,3.0543,3.6689,0.0,yfinance,5.0
2026-09-13 23:11:39,2026-07-20,Greenville_NC,v1.4-Finlight-Greenville-Ridge,DAILY_BATCH,,3.5281,3.513,DOWN,3.939,UP,0.426,0.0,0.0,0.0,3.5281,0.0,3.2057,3.8203,0.0,yfinance,5.0
2026-09-13 23:11:39,2026-07-21,Greenville_NC,v1.4-Finlight-Greenville-Ridge,DAILY_BATCH,,3.5891,3.5651,DOWN,3.9559,UP,0.3908,0.0,0.0,0.0,3.5891,0.0,3.2577,3.8724,0.0,yfinance,5.0
2026-09-13 23:11:39,2026-07-22,Greenville_NC,v1.4-Finlight-Greenville-Ridge,DAILY_BATCH,,3.6627,3.5836,DOWN,3.9647,UP,0.3811,0.0,0.0,0.0,3.6627,0.0,3.2763,3.8909,0.0,yfinance,5.0
2026-09-13 23:11:39,2026-07-23,Greenville_NC,v1.4-Finlight-Greenville-Ridge,DAILY_BATCH,,3.6465,3.5728,DOWN,4.0464,UP,0.4736,0.0,0.0,0.0,3.6465,0.0,3.2654,3.8801,0.0,yfinance,5.0
2026-09-13 23:11:39,2026-07-24,Greenville_NC,v1.4-Finlight-Greenville-Ridge,DAILY_BATCH,,3.7545,3.6327,DOWN,3.9459,UP,0.3132,0.0,0.0,0.0,3.7545,0.0,3.3254,3.94,0.0,yfinance,5.0
2026-09-13 23:11:39,2026-07-27,Greenville_NC,v1.4-Finlight-Greenville-Ridge,DAILY_BATCH,,3.7508,3.6535,DOWN,3.8773,UP,0.2238,0.0,0.0,0.0,3.7508,0.0,3.3462,3.9608,1.0,yfinance,5.0
2026-09-13 23:11:39,2026-07-28,Greenville_NC,v1.4-Finlight-Greenville-Ridge,DAILY_BATCH,,3.7677,3.6572,DOWN,3.8845,UP,0.2273,0.0,0.0,0.0,3.7677,0.0,3.3499,3.9645,1.0,yfinance,5.0
2026-09-13 23:11:39,2026-07-29,Greenville_NC,v1.4-Finlight-Greenville-Ridge,DAILY_BATCH,,3.7765,3.7084,DOWN,3.9478,UP,0.2394,0.0,0.0,0.0,3.7765,0.0,3.401,4.0157,1.0,yfinance,5.0
2026-09-13 23:11:39,2026-07-30,Greenville_NC,v1.4-Finlight-Greenville-Ridge,DAILY_BATCH,,3.8582,3.7329,DOWN,3.8347,DOWN,0.1018,1.0,0.0,0.0,3.8582,0.0,3.4256,4.0402,1.0,yfinance,5.0
2026-09-13 23:11:39,2026-07-31,Greenville_NC,v1.4-Finlight-Greenville-Ridge,DAILY_BATCH,,3.7577,3.6746,DOWN,3.7716,UP,0.097,0.0,0.0,0.0,3.7577,0.0,3.3672,3.9819,1.0,yfinance,5.0
2026-09-13 23:11:39,2026-08-03,Greenville_NC,v1.4-Finlight-Greenville-Ridge,DAILY_BATCH,,3.6891,3.6765,DOWN,3.5167,DOWN,0.1598,1.0,0.0,0.0,3.6891,0.0,3.3691,3.9838,1.0,yfinance,5.0
2026-09-13 23:11:39,2026-08-04,Greenville_NC,v1.4-Finlight-Greenville-Ridge,DAILY_BATCH,,3.6963,3.7025,UP,3.4022,DOWN,0.3003,0.0,0.0,0.0,3.6963,0.0,3.3952,4.0099,1.0,yfinance,5.0
2026-09-13 23:11:39,2026-08-05,Greenville_NC,v1.4-Finlight-Greenville-Ridge,DAILY_BATCH,,3.7596,3.7583,DOWN,3.3888,DOWN,0.3695,1.0,0.0,0.0,3.7596,0.0,3.451,4.0656,0.0,yfinance,5.0
2026-09-13 23:11:39,2026-08-06,Greenville_NC,v1.4-Finlight-Greenville-Ridge,DAILY_BATCH,,3.6465,3.6733,UP,3.4885,DOWN,0.1848,0.0,0.0,0.0,3.6465,0.0,3.366,3.9807,1.0,yfinance,5.0
2026-09-13 23:11:39,2026-08-07,Greenville_NC,v1.4-Finlight-Greenville-Ridge,DAILY_BATCH,,3.5834,3.5989,UP,3.5353,DOWN,0.0636,0.0,0.0,0.0,3.5834,0.0,3.2916,3.9062,1.0,yfinance,5.0
2026-09-13 23:11:39,2026-08-10,Greenville_NC,v1.4-Finlight-Greenville-Ridge,DAILY_BATCH,,3.3285,3.3785,UP,3.6854,UP,0.3069,1.0,0.0,0.0,3.3285,0.0,3.0712,3.6859,1.0,yfinance,5.0
2026-09-13 23:11:39,2026-08-11,Greenville_NC,v1.4-Finlight-Greenville-Ridge,DAILY_BATCH,,3.214,3.2947,UP,3.6866,UP,0.3919,1.0,0.0,0.0,3.214,0.0,2.9873,3.602,0.0,yfinance,5.0
2026-09-13 23:11:39,2026-08-12,Greenville_NC,v1.4-Finlight-Greenville-Ridge,DAILY_BATCH,,3.2006,3.3155,UP,3.7037,UP,0.3882,1.0,0.0,0.0,3.2006,0.0,3.0082,3.6229,0.0,yfinance,5.0
2026-09-13 23:11:39,2026-08-13,Greenville_NC,v1.4-Finlight-Greenville-Ridge,DAILY_BATCH,,3.3003,3.4246,UP,3.678,UP,0.2534,1.0,0.0,0.0,3.3003,0.0,3.1172,3.7319,1.0,yfinance,5.0
2026-09-13 23:11:39,2026-08-14,Greenville_NC,v1.4-Finlight-Greenville-Ridge,DAILY_BATCH,,3.3471,3.3845,UP,3.7341,UP,0.3496,1.0,0.0,0.0,3.3471,0.0,3.0772,3.6918,0.0,yfinance,5.0
2026-09-13 23:11:39,2026-08-17,Greenville_NC,v1.4-Finlight-Greenville-Ridge,DAILY_BATCH,,3.4972,3.4266,DOWN,3.8201,UP,0.3935,0.0,0.0,0.0,3.4972,0.0,3.1192,3.7339,0.0,yfinance,5.0
2026-09-13 23:11:39,2026-08-18,Greenville_NC,v1.4-Finlight-Greenville-Ridge,DAILY_BATCH,,3.4984,3.4198,DOWN,3.8517,UP,0.4319,0.0,0.0,0.0,3.4984,0.0,3.1124,3.7271,0.0,yfinance,5.0
2026-09-13 23:11:39,2026-08-19,Greenville_NC,v1.4-Finlight-Greenville-Ridge,DAILY_BATCH,,3.5155,3.4722,DOWN,3.8051,UP,0.3329,0.0,0.0,0.0,3.5155,0.0,3.1649,3.7796,0.0,yfinance,5.0
2026-09-13 23:11:39,2026-08-20,Greenville_NC,v1.4-Finlight-Greenville-Ridge,DAILY_BATCH,,3.4898,3.4435,DOWN,3.8129,UP,0.3694,0.0,0.0,0.0,3.4898,0.0,3.1361,3.7508,0.0,yfinance,5.0
2026-09-13 23:11:39,2026-08-21,Greenville_NC,v1.4-Finlight-Greenville-Ridge,DAILY_BATCH,,3.5459,3.4805,DOWN,3.8979,UP,0.4174,0.0,0.0,0.0,3.5459,0.0,3.1732,3.7878,0.0,yfinance,5.0
2026-09-13 23:11:39,2026-08-24,Greenville_NC,v1.4-Finlight-Greenville-Ridge,DAILY_BATCH,,3.6319,3.5002,DOWN,3.8208,UP,0.3206,0.0,0.0,0.0,3.6319,0.0,3.1929,3.8075,0.0,yfinance,5.0
2026-09-13 23:11:39,2026-08-25,Greenville_NC,v1.4-Finlight-Greenville-Ridge,DAILY_BATCH,,3.6635,3.5351,DOWN,3.8029,UP,0.2678,0.0,0.0,0.0,3.6635,0.0,3.2277,3.8424,1.0,yfinance,5.0
2026-09-13 23:11:39,2026-08-26,Greenville_NC,v1.4-Finlight-Greenville-Ridge,DAILY_BATCH,,3.6169,3.4897,DOWN,3.8701,UP,0.3804,0.0,0.0,0.0,3.6169,0.0,3.1824,3.7971,0.0,yfinance,5.0
2026-09-13 23:11:39,2026-08-27,Greenville_NC,v1.4-Finlight-Greenville-Ridge,DAILY_BATCH,,3.6247,3.5045,DOWN,3.9342,UP,0.4297,0.0,0.0,0.0,3.6247,0.0,3.1972,3.8118,0.0,yfinance,5.0
2026-09-13 23:11:39,2026-08-28,Greenville_NC,v1.4-Finlight-Greenville-Ridge,DAILY_BATCH,,3.7097,3.5615,DOWN,4.0399,UP,0.4784,0.0,0.0,0.0,3.7097,0.0,3.2542,3.8688,0.0,yfinance,5.0
2026-09-13 23:11:39,2026-08-31,Greenville_NC,v1.4-Finlight-Greenville-Ridge,DAILY_BATCH,,3.6326,3.562,DOWN,3.987,UP,0.425,0.0,0.0,0.0,3.6326,0.0,3.2547,3.8693,0.0,yfinance,5.0
2026-09-13 23:11:39,2026-09-01,Greenville_NC,v1.4-Finlight-Greenville-Ridge,DAILY_BATCH,,3.6147,3.5899,DOWN,3.6851,UP,0.0952,0.0,0.0,0.0,3.6147,0.0,3.2825,3.8972,1.0,yfinance,5.0
2026-09-13 23:11:39,2026-09-02,Greenville_NC,v1.4-Finlight-Greenville-Ridge,DAILY_BATCH,,3.6819,3.6446,DOWN,3.6538,DOWN,0.0092,1.0,0.0,0.0,3.6819,0.0,3.3372,3.9519,1.0,yfinance,5.0
2026-09-13 23:11:39,2026-09-03,Greenville_NC,v1.4-Finlight-Greenville-Ridge,DAILY_BATCH,,3.746,3.7011,DOWN,3.6849,DOWN,0.0162,1.0,0.0,0.0,3.746,0.0,3.3937,4.0084,1.0,yfinance,5.0
2026-09-13 23:11:39,2026-09-04,Greenville_NC,v1.4-Finlight-Greenville-Ridge,DAILY_BATCH,,3.8517,3.7522,DOWN,3.7646,DOWN,0.0124,1.0,0.0,0.0,3.8517,0.0,3.4448,4.0595,1.0,yfinance,5.0
2026-09-13 23:11:39,2026-09-07,Greenville_NC,v1.4-Finlight-Greenville-Ridge,DAILY_BATCH,,3.7988,3.7277,DOWN,,,,,0.0,0.0,3.7988,0.0,3.4204,4.0351,,yfinance,5.0
2026-09-13 23:11:39,2026-09-08,Greenville_NC,v1.4-Finlight-Greenville-Ridge,DAILY_BATCH,,3.4969,3.459,DOWN,3.8025,UP,0.3435,0.0,0.0,0.0,3.4969,0.0,3.1516,3.7663,0.0,yfinance,5.0
2026-09-13 23:11:39,2026-09-09,Greenville_NC,v1.4-Finlight-Greenville-Ridge,DAILY_BATCH,,3.4656,3.4168,DOWN,3.7606,UP,0.3438,0.0,0.0,0.0,3.4656,0.0,3.1095,3.7242,0.0,yfinance,5.0
2026-09-13 23:11:39,2026-09-10,Greenville_NC,v1.4-Finlight-Greenville-Ridge,DAILY_BATCH,,3.4967,3.4643,DOWN,3.9432,UP,0.4789,0.0,0.0,0.0,3.4967,0.0,3.1569,3.7716,0.0,yfinance,5.0
2026-09-13 23:12:54,2026-09-18,Greenville_NC,v1.4-Finlight-Greenville-Ridge,DAILY_BATCH,,3.669,3.6311,DOWN,,,,,0.0,0.0,3.669,0.0,3.3347,3.9274,,yfinance,5.0
2026-09-13 23:12:59,2025-10-03,Charlotte_NC,v1.4-Finlight-Charlotte-Ridge,DAILY_BATCH,,2.7064,2.658,DOWN,2.4105,DOWN,0.2475,1.0,0.0,0.0,2.7064,0.0,2.3444,2.9716,1.0,yfinance,5.0
2026-09-13 23:12:59,2025-10-06,Charlotte_NC,v1.4-Finlight-Charlotte-Ridge,DAILY_BATCH,,2.6639,2.6429,DOWN,2.4516,DOWN,0.1913,1.0,0.0,0.0,2.6639,0.0,2.3293,2.9565,1.0,yfinance,5.0
2026-09-13 23:12:59,2025-10-07,Charlotte_NC,v1.4-Finlight-Charlotte-Ridge,DAILY_BATCH,,2.6417,2.6249,DOWN,2.4439,DOWN,0.181,1.0,0.0,0.0,2.6417,0.0,2.3113,2.9385,1.0,yfinance,5.0
2026-09-13 23:12:59,2025-10-08,Charlotte_NC,v1.4-Finlight-Charlotte-Ridge,DAILY_BATCH,,2.5547,2.4636,DOWN,2.4595,DOWN,0.0041,1.0,0.0,0.0,2.5547,0.0,2.15,2.7772,1.0,yfinance,5.0
2026-09-13 23:12:59,2025-10-09,Charlotte_NC,v1.4-Finlight-Charlotte-Ridge,DAILY_BATCH,,2.5198,2.4866,DOWN,2.4326,DOWN,0.054,1.0,0.0,0.0,2.5198,0.0,2.173,2.8002,1.0,yfinance,5.0
2026-09-13 23:12:59,2025-10-10,Charlotte_NC,v1.4-Finlight-Charlotte-Ridge,DAILY_BATCH,,2.5293,2.5274,DOWN,2.3704,DOWN,0.157,1.0,0.0,0.0,2.5293,0.0,2.2138,2.841,1.0,yfinance,5.0
2026-09-13 23:12:59,2025-10-13,Charlotte_NC,v1.4-Finlight-Charlotte-Ridge,DAILY_BATCH,,2.5704,2.5794,UP,2.3938,DOWN,0.1856,0.0,0.0,0.0,2.5704,0.0,2.2658,2.893,1.0,yfinance,5.0
2026-09-13 23:12:59,2025-10-14,Charlotte_NC,v1.4-Finlight-Charlotte-Ridge,DAILY_BATCH,,2.5627,2.5617,DOWN,2.3786,DOWN,0.1831,1.0,0.0,0.0,2.5627,0.0,2.2481,2.8753,1.0,yfinance,5.0
2026-09-13 23:12:59,2025-10-15,Charlotte_NC,v1.4-Finlight-Charlotte-Ridge,DAILY_BATCH,,2.5783,2.5784,UP,2.3844,DOWN,0.194,0.0,0.0,0.0,2.5783,0.0,2.2648,2.892,1.0,yfinance,5.0
2026-09-13 23:12:59,2025-10-16,Charlotte_NC,v1.4-Finlight-Charlotte-Ridge,DAILY_BATCH,,2.5514,2.5713,UP,2.3617,DOWN,0.2096,0.0,0.0,0.0,2.5514,0.0,2.2577,2.8849,1.0,yfinance,5.0
2026-09-13 23:12:59,2025-10-17,Charlotte_NC,v1.4-Finlight-Charlotte-Ridge,DAILY_BATCH,,2.4892,2.5325,UP,2.3877,DOWN,0.1448,0.0,0.0,0.0,2.4892,0.0,2.2189,2.8461,1.0,yfinance,5.0
2026-09-13 23:12:59,2025-10-20,Charlotte_NC,v1.4-Finlight-Charlotte-Ridge,DAILY_BATCH,,2.5126,2.5397,UP,2.3802,DOWN,0.1595,0.0,0.0,0.0,2.5126,0.0,2.2261,2.8533,1.0,yfinance,5.0
2026-09-13 23:12:59,2025-10-21,Charlotte_NC,v1.4-Finlight-Charlotte-Ridge,DAILY_BATCH,,2.4974,2.5395,UP,2.3753,DOWN,0.1642,0.0,0.0,0.0,2.4974,0.0,2.2259,2.8531,1.0,yfinance,5.0
2026-09-13 23:12:59,2025-10-22,Charlotte_NC,v1.4-Finlight-Charlotte-Ridge,DAILY_BATCH,,2.5032,2.5398,UP,2.415,DOWN,0.1248,0.0,0.0,0.0,2.5032,0.0,2.2262,2.8534,1.0,yfinance,5.0
2026-09-13 23:12:59,2025-10-23,Charlotte_NC,v1.4-Finlight-Charlotte-Ridge,DAILY_BATCH,,2.4805,2.5057,UP,2.4769,DOWN,0.0288,0.0,0.0,0.0,2.4805,0.0,2.1921,2.8193,1.0,yfinance,5.0
2026-09-13 23:12:59,2025-10-24,Charlotte_NC,v1.4-Finlight-Charlotte-Ridge,DAILY_BATCH,,2.5065,2.5237,UP,2.4727,DOWN,0.051,0.0,0.0,0.0,2.5065,0.0,2.2101,2.8373,1.0,yfinance,5.0
2026-09-13 23:12:59,2025-10-27,Charlotte_NC,v1.4-Finlight-Charlotte-Ridge,DAILY_BATCH,,2.499,2.5259,UP,2.4704,DOWN,0.0555,0.0,0.0,0.0,2.499,0.0,2.2123,2.8395,1.0,yfinance,5.0
2026-09-13 23:12:59,2025-10-28,Charlotte_NC,v1.4-Finlight-Charlotte-Ridge,DAILY_BATCH,,2.4941,2.5152,UP,2.4752,DOWN,0.04,0.0,0.0,0.0,2.4941,0.0,2.2016,2.8288,1.0,yfinance,5.0
2026-09-13 23:12:59,2025-10-29,Charlotte_NC,v1.4-Finlight-Charlotte-Ridge,DAILY_BATCH,,2.5338,2.5338,UP,2.5237,DOWN,0.0101,0.0,0.0,0.0,2.5338,0.0,2.2202,2.8474,1.0,yfinance,5.0
2026-09-13 23:12:59,2025-10-30,Charlotte_NC,v1.4-Finlight-Charlotte-Ridge,DAILY_BATCH,,2.5957,2.5708,DOWN,2.5534,DOWN,0.0174,1.0,0.0,0.0,2.5957,0.0,2.2572,2.8844,1.0,yfinance,5.0
2026-09-13 23:12:59,2025-10-31,Charlotte_NC,v1.4-Finlight-Charlotte-Ridge,DAILY_BATCH,,2.5915,2.568,DOWN,2.5431,DOWN,0.0249,1.0,0.0,0.0,2.5915,0.0,2.2544,2.8816,1.0,yfinance,5.0
2026-09-13 23:12:59,2025-11-03,Charlotte_NC,v1.4-Finlight-Charlotte-Ridge,DAILY_BATCH,,2.5892,2.5925,UP,2.4661,DOWN,0.1264,0.0,0.0,0.0,2.5892,0.0,2.2789,2.9061,1.0,yfinance,5.0
2026-09-13 23:12:59,2025-11-04,Charlotte_NC,v1.4-Finlight-Charlotte-Ridge,DAILY_BATCH,,2.594,2.6088,UP,2.4728,DOWN,0.136,0.0,0.0,0.0,2.594,0.0,2.2952,2.9224,1.0,yfinance,5.0
2026-09-13 23:12:59,2025-11-05,Charlotte_NC,v1.4-Finlight-Charlotte-Ridge,DAILY_BATCH,,2.6425,2.6477,UP,2.4593,DOWN,0.1884,0.0,0.0,0.0,2.6425,0.0,2.3341,2.9613,1.0,yfinance,5.0
2026-09-13 23:12:59,2025-11-06,Charlotte_NC,v1.4-Finlight-Charlotte-Ridge,DAILY_BATCH,,2.6722,2.6334,DOWN,2.5156,DOWN,0.1178,1.0,0.0,0.0,2.6722,0.0,2.3198,2.947,1.0,yfinance,5.0
2026-09-13 23:12:59,2025-11-07,Charlotte_NC,v1.4-Finlight-Charlotte-Ridge,DAILY_BATCH,,2.6619,2.6398,DOWN,2.4903,DOWN,0.1495,1.0,0.0,0.0,2.6619,0.0,2.3262,2.9534,1.0,yfinance,5.0
2026-09-13 23:12:59,2025-11-10,Charlotte_NC,v1.4-Finlight-Charlotte-Ridge,DAILY_BATCH,,2.5849,2.5712,DOWN,2.5211,DOWN,0.0501,1.0,0.0,0.0,2.5849,0.0,2.2576,2.8848,1.0,yfinance,5.0
2026-09-13 23:12:59,2025-11-11,Charlotte_NC,v1.4-Finlight-Charlotte-Ridge,DAILY_BATCH,,2.5916,2.581,DOWN,2.562,DOWN,0.019,1.0,0.0,0.0,2.5916,0.0,2.2674,2.8946,1.0,yfinance,5.0
2026-09-13 23:12:59,2025-11-12,Charlotte_NC,v1.4-Finlight-Charlotte-Ridge,DAILY_BATCH,,2.5781,2.5909,UP,2.5054,DOWN,0.0855,0.0,0.0,0.0,2.5781,0.0,2.2773,2.9045,1.0,yfinance,5.0
2026-09-13 23:12:59,2025-11-13,Charlotte_NC,v1.4-Finlight-Charlotte-Ridge,DAILY_BATCH,,2.6344,2.7051,UP,2.5097,DOWN,0.1954,0.0,0.0,0.0,2.6344,0.0,2.3915,3.0187,1.0,yfinance,5.0
2026-09-13 23:12:59,2025-11-14,Charlotte_NC,v1.4-Finlight-Charlotte-Ridge,DAILY_BATCH,,2.6091,2.6648,UP,2.5616,DOWN,0.1032,0.0,0.0,0.0,2.6091,0.0,2.3512,2.9784,1.0,yfinance,5.0
2026-09-13 23:12:59,2025-11-17,Charlotte_NC,v1.4-Finlight-Charlotte-Ridge,DAILY_BATCH,,2.6399,2.6686,UP,2.5401,DOWN,0.1285,0.0,0.0,0.0,2.6399,0.0,2.355,2.9822,1.0,yfinance,5.0
2026-09-13 23:12:59,2025-11-18,Charlotte_NC,v1.4-Finlight-Charlotte-Ridge,DAILY_BATCH,,2.6808,2.7104,UP,2.5493,DOWN,0.1611,0.0,0.0,0.0,2.6808,0.0,2.3968,3.024,1.0,yfinance,5.0
2026-09-13 23:12:59,2025-11-19,Charlotte_NC,v1.4-Finlight-Charlotte-Ridge,DAILY_BATCH,,2.6242,2.6587,UP,2.4821,DOWN,0.1766,0.0,0.0,0.0,2.6242,0.0,2.3451,2.9723,1.0,yfinance,5.0
2026-09-13 23:12:59,2025-11-20,Charlotte_NC,v1.4-Finlight-Charlotte-Ridge,DAILY_BATCH,,2.6285,2.6703,UP,2.4684,DOWN,0.2019,0.0,0.0,0.0,2.6285,0.0,2.3567,2.9839,1.0,yfinance,5.0
2026-09-13 23:12:59,2025-11-21,Charlotte_NC,v1.4-Finlight-Charlotte-Ridge,DAILY_BATCH,,2.6804,2.7185,UP,2.4334,DOWN,0.2851,0.0,0.0,0.0,2.6804,0.0,2.4049,3.0321,1.0,yfinance,5.0
2026-09-13 23:12:59,2025-11-24,Charlotte_NC,v1.4-Finlight-Charlotte-Ridge,DAILY_BATCH,,2.6589,2.6904,UP,2.4466,DOWN,0.2438,0.0,0.0,0.0,2.6589,0.0,2.3768,3.004,1.0,yfinance,5.0
2026-09-13 23:12:59,2025-11-25,Charlotte_NC,v1.4-Finlight-Charlotte-Ridge,DAILY_BATCH,,2.6681,2.6906,UP,2.4072,DOWN,0.2834,0.0,0.0,0.0,2.6681,0.0,2.377,3.0042,1.0,yfinance,5.0
2026-09-13 23:12:59,2025-11-26,Charlotte_NC,v1.4-Finlight-Charlotte-Ridge,DAILY_BATCH,,2.6009,2.5785,DOWN,2.439,DOWN,0.1395,1.0,0.0,0.0,2.6009,0.0,2.2649,2.8921,1.0,yfinance,5.0
2026-09-13 23:12:59,2025-11-27,Charlotte_NC,v1.4-Finlight-Charlotte-Ridge,DAILY_BATCH,,2.5872,2.5817,DOWN,,,,,0.0,0.0,2.5872,0.0,2.2681,2.8953,,yfinance,5.0
2026-09-13 23:12:59,2025-11-28,Charlotte_NC,v1.4-Finlight-Charlotte-Ridge,DAILY_BATCH,,2.5522,2.542,DOWN,2.4459,DOWN,0.0961,1.0,0.0,0.0,2.5522,0.0,2.2284,2.8556,1.0,yfinance,5.0
2026-09-13 23:12:59,2025-12-01,Charlotte_NC,v1.4-Finlight-Charlotte-Ridge,DAILY_BATCH,,2.5654,2.5975,UP,2.4189,DOWN,0.1786,0.0,0.0,0.0,2.5654,0.0,2.2839,2.9111,1.0,yfinance,5.0
2026-09-13 23:12:59,2025-12-02,Charlotte_NC,v1.4-Finlight-Charlotte-Ridge,DAILY_BATCH,,2.526,2.5491,UP,2.3803,DOWN,0.1688,0.0,0.0,0.0,2.526,0.0,2.2355,2.8627,1.0,yfinance,5.0
2026-09-13 23:12:59,2025-12-03,Charlotte_NC,v1.4-Finlight-Charlotte-Ridge,DAILY_BATCH,,2.5578,2.5729,UP,2.3772,DOWN,0.1957,0.0,0.0,0.0,2.5578,0.0,2.2593,2.8865,1.0,yfinance,5.0
2026-09-13 23:12:59,2025-12-05,Charlotte_NC,v1.4-Finlight-Charlotte-Ridge,DAILY_BATCH,,2.5647,2.5791,UP,2.3841,DOWN,0.195,0.0,0.0,0.0,2.5647,0.0,2.2655,2.8927,1.0,yfinance,5.0
2026-09-13 23:12:59,2025-12-08,Charlotte_NC,v1.4-Finlight-Charlotte-Ridge,DAILY_BATCH,,2.5377,2.5521,UP,2.3481,DOWN,0.204,0.0,0.0,0.0,2.5377,0.0,2.2385,2.8657,1.0,yfinance,5.0
2026-09-13 23:12:59,2025-12-09,Charlotte_NC,v1.4-Finlight-Charlotte-Ridge,DAILY_BATCH,,2.4991,2.504,UP,2.3397,DOWN,0.1643,0.0,0.0,0.0,2.4991,0.0,2.1904,2.8176,1.0,yfinance,5.0
2026-09-13 23:12:59,2025-12-10,Charlotte_NC,v1.4-Finlight-Charlotte-Ridge,DAILY_BATCH,,2.496,2.5077,UP,2.3315,DOWN,0.1762,0.0,0.0,0.0,2.496,0.0,2.1941,2.8213,1.0,yfinance,5.0
2026-09-13 23:12:59,2025-12-11,Charlotte_NC,v1.4-Finlight-Charlotte-Ridge,DAILY_BATCH,,2.4959,2.496,UP,2.3098,DOWN,0.1862,0.0,0.0,0.0,2.4959,0.0,2.1824,2.8096,1.0,yfinance,5.0
2026-09-13 23:12:59,2025-12-12,Charlotte_NC,v1.4-Finlight-Charlotte-Ridge,DAILY_BATCH,,2.5029,2.4932,DOWN,2.3021,DOWN,0.1911,1.0,0.0,0.0,2.5029,0.0,2.1796,2.8068,1.0,yfinance,5.0
2026-09-13 23:12:59,2025-12-15,Charlotte_NC,v1.4-Finlight-Charlotte-Ridge,DAILY_BATCH,,2.4669,2.4669,UP,2.2823,DOWN,0.1846,0.0,0.0,0.0,2.4669,0.0,2.1533,2.7805,1.0,yfinance,5.0
2026-09-13 23:12:59,2025-12-16,Charlotte_NC,v1.4-Finlight-Charlotte-Ridge,DAILY_BATCH,,2.4585,2.4699,UP,2.2309,DOWN,0.239,0.0,0.0,0.0,2.4585,0.0,2.1563,2.7835,1.0,yfinance,5.0
2026-09-13 23:12:59,2025-12-17,Charlotte_NC,v1.4-Finlight-Charlotte-Ridge,DAILY_BATCH,,2.4503,2.4398,DOWN,2.2443,DOWN,0.1955,1.0,0.0,0.0,2.4503,0.0,2.1262,2.7534,1.0,yfinance,5.0
2026-09-13 23:12:59,2025-12-18,Charlotte_NC,v1.4-Finlight-Charlotte-Ridge,DAILY_BATCH,,2.4286,2.4507,UP,2.2513,DOWN,0.1994,0.0,0.0,0.0,2.4286,0.0,2.1371,2.7643,1.0,yfinance,5.0
2026-09-13 23:12:59,2025-12-19,Charlotte_NC,v1.4-Finlight-Charlotte-Ridge,DAILY_BATCH,,2.4209,2.4447,UP,2.2582,DOWN,0.1865,0.0,0.0,0.0,2.4209,0.0,2.1311,2.7583,1.0,yfinance,5.0
2026-09-13 23:12:59,2025-12-22,Charlotte_NC,v1.4-Finlight-Charlotte-Ridge,DAILY_BATCH,,2.4011,2.4384,UP,2.2922,DOWN,0.1462,0.0,0.0,0.0,2.4011,0.0,2.1248,2.752,1.0,yfinance,5.0
2026-09-13 23:12:59,2025-12-23,Charlotte_NC,v1.4-Finlight-Charlotte-Ridge,DAILY_BATCH,,2.3497,2.3824,UP,2.2932,DOWN,0.0892,0.0,0.0,0.0,2.3497,0.0,2.0688,2.696,1.0,yfinance,5.0
2026-09-13 23:12:59,2025-12-24,Charlotte_NC,v1.4-Finlight-Charlotte-Ridge,DAILY_BATCH,,2.3631,2.3945,UP,2.2971,DOWN,0.0974,0.0,0.0,0.0,2.3631,0.0,2.0809,2.7081,1.0,yfinance,5.0
2026-09-13 23:12:59,2025-12-25,Charlotte_NC,v1.4-Finlight-Charlotte-Ridge,DAILY_BATCH,,2.3701,2.3968,UP,,,,,0.0,0.0,2.3701,0.0,2.0832,2.7104,,yfinance,5.0
2026-09-13 23:12:59,2025-12-26,Charlotte_NC,v1.4-Finlight-Charlotte-Ridge,DAILY_BATCH,,2.377,2.4321,UP,2.2471,DOWN,0.185,0.0,0.0,0.0,2.377,0.0,2.1185,2.7457,1.0,yfinance,5.0
2026-09-13 23:12:59,2025-12-29,Charlotte_NC,v1.4-Finlight-Charlotte-Ridge,DAILY_BATCH,,2.411,2.4402,UP,2.2652,DOWN,0.175,0.0,0.0,0.0,2.411,0.0,2.1266,2.7538,1.0,yfinance,5.0
2026-09-13 23:12:59,2025-12-30,Charlotte_NC,v1.4-Finlight-Charlotte-Ridge,DAILY_BATCH,,2.412,2.4503,UP,2.271,DOWN,0.1793,0.0,0.0,0.0,2.412,0.0,2.1367,2.7639,1.0,yfinance,5.0
2026-09-13 23:12:59,2025-12-31,Charlotte_NC,v1.4-Finlight-Charlotte-Ridge,DAILY_BATCH,,2.4159,2.4269,UP,2.2554,DOWN,0.1715,0.0,0.0,0.0,2.4159,0.0,2.1133,2.7405,1.0,yfinance,5.0
2026-09-13 23:12:59,2026-01-02,Charlotte_NC,v1.4-Finlight-Charlotte-Ridge,DAILY_BATCH,,2.3659,2.3906,UP,2.2482,DOWN,0.1424,0.0,0.0,0.0,2.3659,0.0,2.077,2.7042,1.0,yfinance,5.0
2026-09-13 23:12:59,2026-01-05,Charlotte_NC,v1.4-Finlight-Charlotte-Ridge,DAILY_BATCH,,2.384,2.4046,UP,2.27,DOWN,0.1346,0.0,0.0,0.0,2.384,0.0,2.091,2.7182,1.0,yfinance,5.0
2026-09-13 23:12:59,2026-01-06,Charlotte_NC,v1.4-Finlight-Charlotte-Ridge,DAILY_BATCH,,2.3898,2.4227,UP,2.2506,DOWN,0.1721,0.0,0.0,0.0,2.3898,0.0,2.1091,2.7363,1.0,yfinance,5.0
2026-09-13 23:12:59,2026-01-07,Charlotte_NC,v1.4-Finlight-Charlotte-Ridge,DAILY_BATCH,,2.3742,2.3992,UP,2.2445,DOWN,0.1547,0.0,0.0,0.0,2.3742,0.0,2.0856,2.7128,1.0,yfinance,5.0
2026-09-13 23:12:59,2026-01-09,Charlotte_NC,v1.4-Finlight-Charlotte-Ridge,DAILY_BATCH,,2.367,2.3935,UP,2.3306,DOWN,0.0629,0.0,0.0,0.0,2.367,0.0,2.0799,2.7071,1.0,yfinance,5.0
2026-09-13 23:12:59,2026-01-12,Charlotte_NC,v1.4-Finlight-Charlotte-Ridge,DAILY_BATCH,,2.3888,2.4154,UP,2.3438,DOWN,0.0716,0.0,0.0,0.0,2.3888,0.0,2.1018,2.729,1.0,yfinance,5.0
2026-09-13 23:12:59,2026-01-13,Charlotte_NC,v1.4-Finlight-Charlotte-Ridge,DAILY_BATCH,,2.3694,2.3981,UP,2.3765,UP,0.0216,1.0,0.0,0.0,2.3694,0.0,2.0845,2.7117,1.0,yfinance,5.0
2026-09-13 23:12:59,2026-01-14,Charlotte_NC,v1.4-Finlight-Charlotte-Ridge,DAILY_BATCH,,2.3633,2.4065,UP,2.3804,UP,0.0261,1.0,0.0,0.0,2.3633,0.0,2.0929,2.7201,1.0,yfinance,5.0
2026-09-13 23:12:59,2026-01-15,Charlotte_NC,v1.4-Finlight-Charlotte-Ridge,DAILY_BATCH,,2.4291,2.5169,UP,2.3338,DOWN,0.1831,0.0,0.0,0.0,2.4291,0.0,2.2033,2.8305,1.0,yfinance,5.0
2026-09-13 23:12:59,2026-01-16,Charlotte_NC,v1.4-Finlight-Charlotte-Ridge,DAILY_BATCH,,2.4494,2.5481,UP,2.3352,DOWN,0.2129,0.0,0.0,0.0,2.4494,0.0,2.2345,2.8617,1.0,yfinance,5.0
2026-09-13 23:12:59,2026-01-19,Charlotte_NC,v1.4-Finlight-Charlotte-Ridge,DAILY_BATCH,,2.4626,2.5562,UP,,,,,0.0,0.0,2.4626,0.0,2.2426,2.8698,,yfinance,5.0
2026-09-13 23:12:59,2026-01-20,Charlotte_NC,v1.4-Finlight-Charlotte-Ridge,DAILY_BATCH,,2.4953,2.5913,UP,2.3738,DOWN,0.2175,0.0,0.0,0.0,2.4953,0.0,2.2777,2.9049,1.0,yfinance,5.0
2026-09-13 23:12:59,2026-01-21,Charlotte_NC,v1.4-Finlight-Charlotte-Ridge,DAILY_BATCH,,2.4992,2.5671,UP,2.4074,DOWN,0.1597,0.0,0.0,0.0,2.4992,0.0,2.2535,2.8807,1.0,yfinance,5.0
2026-09-13 23:12:59,2026-01-22,Charlotte_NC,v1.4-Finlight-Charlotte-Ridge,DAILY_BATCH,,2.4526,2.5212,UP,2.3672,DOWN,0.154,0.0,0.0,0.0,2.4526,0.0,2.2076,2.8348,1.0,yfinance,5.0
2026-09-13 23:12:59,2026-01-23,Charlotte_NC,v1.4-Finlight-Charlotte-Ridge,DAILY_BATCH,,2.454,2.5108,UP,2.401,DOWN,0.1098,0.0,0.0,0.0,2.454,0.0,2.1972,2.8244,1.0,yfinance,5.0
2026-09-13 23:12:59,2026-01-27,Charlotte_NC,v1.4-Finlight-Charlotte-Ridge,DAILY_BATCH,,2.4926,2.5716,UP,2.4152,DOWN,0.1564,0.0,0.0,0.0,2.4926,0.0,2.258,2.8852,1.0,yfinance,5.0
2026-09-13 23:12:59,2026-01-28,Charlotte_NC,v1.4-Finlight-Charlotte-Ridge,DAILY_BATCH,,2.5262,2.5909,UP,2.4423,DOWN,0.1486,0.0,0.0,0.0,2.5262,0.0,2.2773,2.9045,1.0,yfinance,5.0
2026-09-13 23:12:59,2026-01-29,Charlotte_NC,v1.4-Finlight-Charlotte-Ridge,DAILY_BATCH,,2.486,2.546,UP,2.47,DOWN,0.076,0.0,0.0,0.0,2.486,0.0,2.2324,2.8596,1.0,yfinance,5.0
2026-09-13 23:12:59,2026-01-30,Charlotte_NC,v1.4-Finlight-Charlotte-Ridge,DAILY_BATCH,,2.5198,2.5856,UP,2.4728,DOWN,0.1128,0.0,0.0,0.0,2.5198,0.0,2.272,2.8992,1.0,yfinance,5.0
2026-09-13 23:12:59,2026-02-02,Charlotte_NC,v1.4-Finlight-Charlotte-Ridge,DAILY_BATCH,,2.4889,2.5832,UP,2.4014,DOWN,0.1818,0.0,0.0,0.0,2.4889,0.0,2.2696,2.8968,1.0,yfinance,5.0
2026-09-13 23:12:59,2026-02-03,Charlotte_NC,v1.4-Finlight-Charlotte-Ridge,DAILY_BATCH,,2.534,2.631,UP,2.4479,DOWN,0.1831,0.0,0.0,0.0,2.534,0.0,2.3174,2.9446,1.0,yfinance,5.0
2026-09-13 23:12:59,2026-02-04,Charlotte_NC,v1.4-Finlight-Charlotte-Ridge,DAILY_BATCH,,2.5611,2.6557,UP,2.5152,DOWN,0.1405,0.0,0.0,0.0,2.5611,0.0,2.3421,2.9693,1.0,yfinance,5.0
2026-09-13 23:12:59,2026-02-05,Charlotte_NC,v1.4-Finlight-Charlotte-Ridge,DAILY_BATCH,,2.5888,2.6589,UP,2.4766,DOWN,0.1823,0.0,0.0,0.0,2.5888,0.0,2.3453,2.9725,1.0,yfinance,5.0
2026-09-13 23:12:59,2026-02-06,Charlotte_NC,v1.4-Finlight-Charlotte-Ridge,DAILY_BATCH,,2.5916,2.6612,UP,2.5032,DOWN,0.158,0.0,0.0,0.0,2.5916,0.0,2.3476,2.9748,1.0,yfinance,5.0
2026-09-13 23:12:59,2026-02-09,Charlotte_NC,v1.4-Finlight-Charlotte-Ridge,DAILY_BATCH,,2.5202,2.5996,UP,2.5355,UP,0.0641,1.0,0.0,0.0,2.5202,0.0,2.286,2.9132,1.0,yfinance,5.0
2026-09-13 23:12:59,2026-02-10,Charlotte_NC,v1.4-Finlight-Charlotte-Ridge,DAILY_BATCH,,2.5667,2.6619,UP,2.5092,DOWN,0.1527,0.0,0.0,0.0,2.5667,0.0,2.3483,2.9755,1.0,yfinance,5.0
2026-09-13 23:12:59,2026-02-11,Charlotte_NC,v1.4-Finlight-Charlotte-Ridge,DAILY_BATCH,,2.634,2.728,UP,2.5289,DOWN,0.1991,0.0,0.0,0.0,2.634,0.0,2.4144,3.0416,1.0,yfinance,5.0
2026-09-13 23:12:59,2026-02-12,Charlotte_NC,v1.4-Finlight-Charlotte-Ridge,DAILY_BATCH,,2.5954,2.7133,UP,2.4659,DOWN,0.2474,0.0,0.0,0.0,2.5954,0.0,2.3997,3.0269,1.0,yfinance,5.0
2026-09-13 23:12:59,2026-02-13,Charlotte_NC,v1.4-Finlight-Charlotte-Ridge,DAILY_BATCH,,2.622,2.7431,UP,2.461,DOWN,0.2821,0.0,0.0,0.0,2.622,0.0,2.4295,3.0567,1.0,yfinance,5.0
2026-09-13 23:12:59,2026-02-16,Charlotte_NC,v1.4-Finlight-Charlotte-Ridge,DAILY_BATCH,,2.6543,2.7707,UP,,,,,0.0,0.0,2.6543,0.0,2.4571,3.0843,,yfinance,5.0
2026-09-13 23:12:59,2026-02-17,Charlotte_NC,v1.4-Finlight-Charlotte-Ridge,DAILY_BATCH,,2.628,2.7358,UP,2.4644,DOWN,0.2714,0.0,0.0,0.0,2.628,0.0,2.4222,3.0494,1.0,yfinance,5.0
2026-09-13 23:12:59,2026-02-18,Charlotte_NC,v1.4-Finlight-Charlotte-Ridge,DAILY_BATCH,,2.6477,2.7501,UP,2.518,DOWN,0.2321,0.0,0.0,0.0,2.6477,0.0,2.4365,3.0637,1.0,yfinance,5.0
2026-09-13 23:12:59,2026-02-19,Charlotte_NC,v1.4-Finlight-Charlotte-Ridge,DAILY_BATCH,,2.5847,2.6821,UP,2.5566,DOWN,0.1255,0.0,0.0,0.0,2.5847,0.0,2.3685,2.9957,1.0,yfinance,5.0
2026-09-13 23:12:59,2026-02-20,Charlotte_NC,v1.4-Finlight-Charlotte-Ridge,DAILY_BATCH,,2.5798,2.7028,UP,2.5473,DOWN,0.1555,0.0,0.0,0.0,2.5798,0.0,2.3892,3.0164,1.0,yfinance,5.0
2026-09-13 23:12:59,2026-02-24,Charlotte_NC,v1.4-Finlight-Charlotte-Ridge,DAILY_BATCH,,2.5832,2.6718,UP,2.5214,DOWN,0.1504,0.0,0.0,0.0,2.5832,0.0,2.3582,2.9854,1.0,yfinance,5.0
2026-09-13 23:12:59,2026-02-25,Charlotte_NC,v1.4-Finlight-Charlotte-Ridge,DAILY_BATCH,,2.6368,2.7355,UP,2.5414,DOWN,0.1941,0.0,0.0,0.0,2.6368,0.0,2.4219,3.0491,1.0,yfinance,5.0
2026-09-13 23:12:59,2026-02-26,Charlotte_NC,v1.4-Finlight-Charlotte-Ridge,DAILY_BATCH,,2.6754,2.8014,UP,2.5823,DOWN,0.2191,0.0,0.0,0.0,2.6754,0.0,2.4878,3.115,1.0,yfinance,5.0
2026-09-13 23:12:59,2026-02-27,Charlotte_NC,v1.4-Finlight-Charlotte-Ridge,DAILY_BATCH,,2.6661,2.7792,UP,2.6279,DOWN,0.1513,0.0,0.0,0.0,2.6661,0.0,2.4656,3.0928,1.0,yfinance,5.0
2026-09-13 23:12:59,2026-03-02,Charlotte_NC,v1.4-Finlight-Charlotte-Ridge,DAILY_BATCH,,2.658,2.7651,UP,2.9206,UP,0.1555,1.0,0.0,0.0,2.658,0.0,2.4515,3.0787,1.0,yfinance,5.0
2026-09-13 23:12:59,2026-03-03,Charlotte_NC,v1.4-Finlight-Charlotte-Ridge,DAILY_BATCH,,2.6402,2.7511,UP,3.0074,UP,0.2563,1.0,0.0,0.0,2.6402,0.0,2.4375,3.0647,1.0,yfinance,5.0
2026-09-13 23:12:59,2026-03-04,Charlotte_NC,v1.4-Finlight-Charlotte-Ridge,DAILY_BATCH,,2.6602,2.7659,UP,3.0649,UP,0.299,1.0,0.0,0.0,2.6602,0.0,2.4523,3.0795,1.0,yfinance,5.0
2026-09-13 23:12:59,2026-03-05,Charlotte_NC,v1.4-Finlight-Charlotte-Ridge,DAILY_BATCH,,2.7011,2.8144,UP,3.2209,UP,0.4065,1.0,0.0,0.0,2.7011,0.0,2.5008,3.128,0.0,yfinance,5.0
2026-09-13 23:12:59,2026-03-06,Charlotte_NC,v1.4-Finlight-Charlotte-Ridge,DAILY_BATCH,,2.7467,2.8474,UP,3.2966,UP,0.4492,1.0,0.0,0.0,2.7467,0.0,2.5338,3.161,0.0,yfinance,5.0
2026-09-13 23:12:59,2026-03-09,Charlotte_NC,v1.4-Finlight-Charlotte-Ridge,DAILY_BATCH,,3.0394,2.9847,DOWN,3.3584,UP,0.3737,0.0,0.0,0.0,3.0394,0.0,2.6711,3.2983,0.0,yfinance,5.0
2026-09-13 23:12:59,2026-03-10,Charlotte_NC,v1.4-Finlight-Charlotte-Ridge,DAILY_BATCH,,3.1262,2.9591,DOWN,3.1903,UP,0.2312,0.0,0.0,0.0,3.1262,0.0,2.6455,3.2727,1.0,yfinance,5.0
2026-09-13 23:12:59,2026-03-11,Charlotte_NC,v1.4-Finlight-Charlotte-Ridge,DAILY_BATCH,,3.1837,3.039,DOWN,3.3383,UP,0.2993,0.0,0.0,0.0,3.1837,0.0,2.7254,3.3526,1.0,yfinance,5.0
2026-09-13 23:12:59,2026-03-12,Charlotte_NC,v1.4-Finlight-Charlotte-Ridge,DAILY_BATCH,,3.3397,3.153,DOWN,3.5146,UP,0.3616,0.0,0.0,0.0,3.3397,0.0,2.8394,3.4666,0.0,yfinance,5.0
2026-09-13 23:12:59,2026-03-13,Charlotte_NC,v1.4-Finlight-Charlotte-Ridge,DAILY_BATCH,,3.4154,3.1311,DOWN,3.5914,UP,0.4603,0.0,0.0,0.0,3.4154,0.0,2.8175,3.4447,0.0,yfinance,5.0
2026-09-13 23:12:59,2026-03-16,Charlotte_NC,v1.4-Finlight-Charlotte-Ridge,DAILY_BATCH,,3.4772,3.1593,DOWN,3.5503,UP,0.391,0.0,0.0,0.0,3.4772,0.0,2.8457,3.4729,0.0,yfinance,5.0
2026-09-13 23:12:59,2026-03-17,Charlotte_NC,v1.4-Finlight-Charlotte-Ridge,DAILY_BATCH,,3.3091,3.2021,DOWN,3.6734,UP,0.4713,0.0,0.0,0.0,3.3091,0.0,2.8885,3.5157,0.0,yfinance,5.0
2026-09-13 23:12:59,2026-03-18,Charlotte_NC,v1.4-Finlight-Charlotte-Ridge,DAILY_BATCH,,3.4571,3.3544,DOWN,3.6485,UP,0.2941,0.0,0.0,0.0,3.4571,0.0,3.0408,3.668,1.0,yfinance,5.0
2026-09-13 23:12:59,2026-03-19,Charlotte_NC,v1.4-Finlight-Charlotte-Ridge,DAILY_BATCH,,3.6334,3.3945,DOWN,3.6771,UP,0.2826,0.0,0.0,0.0,3.6334,0.0,3.0809,3.7081,1.0,yfinance,5.0
2026-09-13 23:12:59,2026-03-20,Charlotte_NC,v1.4-Finlight-Charlotte-Ridge,DAILY_BATCH,,3.7102,3.4345,DOWN,3.8362,UP,0.4017,0.0,0.0,0.0,3.7102,0.0,3.1209,3.7481,0.0,yfinance,5.0
2026-09-13 23:12:59,2026-03-23,Charlotte_NC,v1.4-Finlight-Charlotte-Ridge,DAILY_BATCH,,3.6691,3.58,DOWN,3.5249,DOWN,0.0551,1.0,0.0,0.0,3.6691,0.0,3.2664,3.8936,1.0,yfinance,5.0
2026-09-13 23:12:59,2026-03-24,Charlotte_NC,v1.4-Finlight-Charlotte-Ridge,DAILY_BATCH,,3.7922,3.7127,DOWN,3.698,DOWN,0.0147,1.0,0.0,0.0,3.7922,0.0,3.3991,4.0263,1.0,yfinance,5.0
2026-09-13 23:12:59,2026-03-25,Charlotte_NC,v1.4-Finlight-Charlotte-Ridge,DAILY_BATCH,,3.7673,3.6907,DOWN,3.5624,DOWN,0.1283,1.0,0.0,0.0,3.7673,0.0,3.3771,4.0043,1.0,yfinance,5.0
2026-09-13 23:12:59,2026-03-26,Charlotte_NC,v1.4-Finlight-Charlotte-Ridge,DAILY_BATCH,,3.7959,3.7483,DOWN,3.6802,DOWN,0.0681,1.0,0.0,0.0,3.7959,0.0,3.4347,4.0619,1.0,yfinance,5.0
2026-09-13 23:12:59,2026-03-27,Charlotte_NC,v1.4-Finlight-Charlotte-Ridge,DAILY_BATCH,,3.955,3.8624,DOWN,3.8001,DOWN,0.0623,1.0,0.0,0.0,3.955,0.0,3.5488,4.176,1.0,yfinance,5.0
2026-09-13 23:12:59,2026-03-30,Charlotte_NC,v1.4-Finlight-Charlotte-Ridge,DAILY_BATCH,,3.6437,3.7412,UP,3.9015,UP,0.1603,1.0,0.0,0.0,3.6437,0.0,3.4276,4.0548,1.0,yfinance,5.0
2026-09-13 23:12:59,2026-03-31,Charlotte_NC,v1.4-Finlight-Charlotte-Ridge,DAILY_BATCH,,3.8168,3.808,DOWN,3.8623,UP,0.0543,0.0,0.0,0.0,3.8168,0.0,3.4944,4.1216,1.0,yfinance,5.0
2026-09-13 23:12:59,2026-04-01,Charlotte_NC,v1.4-Finlight-Charlotte-Ridge,DAILY_BATCH,,3.6812,3.7652,UP,3.6414,DOWN,0.1238,0.0,0.0,0.0,3.6812,0.0,3.4516,4.0788,1.0,yfinance,5.0
2026-09-13 23:12:59,2026-04-02,Charlotte_NC,v1.4-Finlight-Charlotte-Ridge,DAILY_BATCH,,3.799,3.9268,UP,3.838,UP,0.0888,1.0,0.0,0.0,3.799,0.0,3.6132,4.2404,1.0,yfinance,5.0
2026-09-13 23:12:59,2026-04-03,Charlotte_NC,v1.4-Finlight-Charlotte-Ridge,DAILY_BATCH,,3.9189,3.9735,UP,,,,,0.0,0.0,3.9189,0.0,3.6599,4.2871,,yfinance,5.0
2026-09-13 23:12:59,2026-04-06,Charlotte_NC,v1.4-Finlight-Charlotte-Ridge,DAILY_BATCH,,4.0203,3.9727,DOWN,3.8582,DOWN,0.1145,1.0,0.0,0.0,4.0203,0.0,3.6591,4.2863,1.0,yfinance,5.0
2026-09-13 23:12:59,2026-04-07,Charlotte_NC,v1.4-Finlight-Charlotte-Ridge,DAILY_BATCH,,3.9811,3.9688,DOWN,3.8552,DOWN,0.1136,1.0,0.0,0.0,3.9811,0.0,3.6552,4.2824,1.0,yfinance,5.0
2026-09-13 23:12:59,2026-04-08,Charlotte_NC,v1.4-Finlight-Charlotte-Ridge,DAILY_BATCH,,3.7602,3.8304,UP,3.5559,DOWN,0.2745,0.0,0.0,0.0,3.7602,0.0,3.5168,4.144,1.0,yfinance,5.0
2026-09-13 23:12:59,2026-04-09,Charlotte_NC,v1.4-Finlight-Charlotte-Ridge,DAILY_BATCH,,3.9568,3.96,UP,3.5507,DOWN,0.4093,0.0,0.0,0.0,3.9568,0.0,3.6464,4.2736,0.0,yfinance,5.0
2026-09-13 23:12:59,2026-04-13,Charlotte_NC,v1.4-Finlight-Charlotte-Ridge,DAILY_BATCH,,3.977,4.0559,UP,3.666,DOWN,0.3899,0.0,0.0,0.0,3.977,0.0,3.7423,4.3695,0.0,yfinance,5.0
2026-09-13 23:12:59,2026-04-14,Charlotte_NC,v1.4-Finlight-Charlotte-Ridge,DAILY_BATCH,,3.974,4.0298,UP,3.5895,DOWN,0.4403,0.0,0.0,0.0,3.974,0.0,3.7162,4.3434,0.0,yfinance,5.0
2026-09-13 23:12:59,2026-04-15,Charlotte_NC,v1.4-Finlight-Charlotte-Ridge,DAILY_BATCH,,3.6747,3.8431,UP,3.6192,DOWN,0.2239,0.0,0.0,0.0,3.6747,0.0,3.5295,4.1567,1.0,yfinance,5.0
2026-09-13 23:12:59,2026-04-16,Charlotte_NC,v1.4-Finlight-Charlotte-Ridge,DAILY_BATCH,,3.6695,3.7817,UP,3.7137,UP,0.068,1.0,0.0,0.0,3.6695,0.0,3.4681,4.0953,1.0,yfinance,5.0
2026-09-13 23:12:59,2026-04-17,Charlotte_NC,v1.4-Finlight-Charlotte-Ridge,DAILY_BATCH,,3.7061,3.8454,UP,3.5548,DOWN,0.2906,0.0,0.0,0.0,3.7061,0.0,3.5318,4.159,1.0,yfinance,5.0
2026-09-13 23:12:59,2026-04-20,Charlotte_NC,v1.4-Finlight-Charlotte-Ridge,DAILY_BATCH,,3.7848,3.9078,UP,3.6668,DOWN,0.241,0.0,0.0,0.0,3.7848,0.0,3.5942,4.2214,1.0,yfinance,5.0
2026-09-13 23:12:59,2026-04-21,Charlotte_NC,v1.4-Finlight-Charlotte-Ridge,DAILY_BATCH,,3.7083,3.8571,UP,3.7598,UP,0.0973,1.0,0.0,0.0,3.7083,0.0,3.5435,4.1707,1.0,yfinance,5.0
2026-09-13 23:12:59,2026-04-22,Charlotte_NC,v1.4-Finlight-Charlotte-Ridge,DAILY_BATCH,,3.738,3.8307,UP,3.9079,UP,0.0772,1.0,0.0,0.0,3.738,0.0,3.5171,4.1443,1.0,yfinance,5.0
2026-09-13 23:12:59,2026-04-23,Charlotte_NC,v1.4-Finlight-Charlotte-Ridge,DAILY_BATCH,,3.8325,3.8375,UP,4.0121,UP,0.1746,1.0,0.0,0.0,3.8325,0.0,3.5239,4.1511,1.0,yfinance,5.0
2026-09-13 23:12:59,2026-04-24,Charlotte_NC,v1.4-Finlight-Charlotte-Ridge,DAILY_BATCH,,3.6736,3.7839,UP,4.0126,UP,0.2287,1.0,0.0,0.0,3.6736,0.0,3.4703,4.0975,1.0,yfinance,5.0
2026-09-13 23:12:59,2026-04-27,Charlotte_NC,v1.4-Finlight-Charlotte-Ridge,DAILY_BATCH,,3.7856,3.873,UP,4.041,UP,0.168,1.0,0.0,0.0,3.7856,0.0,3.5594,4.1866,1.0,yfinance,5.0
2026-09-13 23:12:59,2026-04-28,Charlotte_NC,v1.4-Finlight-Charlotte-Ridge,DAILY_BATCH,,3.8786,3.916,UP,4.1104,UP,0.1944,1.0,0.0,0.0,3.8786,0.0,3.6024,4.2296,1.0,yfinance,5.0
2026-09-13 23:12:59,2026-04-29,Charlotte_NC,v1.4-Finlight-Charlotte-Ridge,DAILY_BATCH,,4.0267,3.9794,DOWN,4.2911,UP,0.3117,0.0,0.0,0.0,4.0267,0.0,3.6658,4.293,1.0,yfinance,5.0
2026-09-13 23:12:59,2026-04-30,Charlotte_NC,v1.4-Finlight-Charlotte-Ridge,DAILY_BATCH,,4.1309,4.0121,DOWN,4.3215,UP,0.3094,0.0,0.0,0.0,4.1309,0.0,3.6985,4.3257,1.0,yfinance,5.0
2026-09-13 23:12:59,2026-05-01,Charlotte_NC,v1.4-Finlight-Charlotte-Ridge,DAILY_BATCH,,4.1314,4.0314,DOWN,4.1452,UP,0.1138,0.0,0.0,0.0,4.1314,0.0,3.7178,4.345,1.0,yfinance,5.0
2026-09-13 23:12:59,2026-05-04,Charlotte_NC,v1.4-Finlight-Charlotte-Ridge,DAILY_BATCH,,4.1598,4.0826,DOWN,4.2882,UP,0.2056,0.0,0.0,0.0,4.1598,0.0,3.769,4.3962,1.0,yfinance,5.0
2026-09-13 23:12:59,2026-05-05,Charlotte_NC,v1.4-Finlight-Charlotte-Ridge,DAILY_BATCH,,4.2292,4.0674,DOWN,4.1706,DOWN,0.1032,1.0,0.0,0.0,4.2292,0.0,3.7538,4.381,1.0,yfinance,5.0
2026-09-13 23:12:59,2026-05-06,Charlotte_NC,v1.4-Finlight-Charlotte-Ridge,DAILY_BATCH,,4.4099,4.1904,DOWN,4.0093,DOWN,0.1811,1.0,0.0,0.0,4.4099,0.0,3.8768,4.504,1.0,yfinance,5.0
2026-09-13 23:12:59,2026-05-07,Charlotte_NC,v1.4-Finlight-Charlotte-Ridge,DAILY_BATCH,,4.4403,4.267,DOWN,4.006,DOWN,0.261,1.0,0.0,0.0,4.4403,0.0,3.9534,4.5806,1.0,yfinance,5.0
2026-09-13 23:12:59,2026-05-08,Charlotte_NC,v1.4-Finlight-Charlotte-Ridge,DAILY_BATCH,,4.264,4.1812,DOWN,4.0767,DOWN,0.1045,1.0,0.0,0.0,4.264,0.0,3.8676,4.4948,1.0,yfinance,5.0
2026-09-13 23:12:59,2026-05-11,Charlotte_NC,v1.4-Finlight-Charlotte-Ridge,DAILY_BATCH,,4.407,4.2764,DOWN,4.1498,DOWN,0.1266,1.0,0.0,0.0,4.407,0.0,3.9628,4.59,1.0,yfinance,5.0
2026-09-13 23:12:59,2026-05-12,Charlotte_NC,v1.4-Finlight-Charlotte-Ridge,DAILY_BATCH,,4.2894,4.253,DOWN,4.2477,DOWN,0.0053,1.0,0.0,0.0,4.2894,0.0,3.9394,4.5666,1.0,yfinance,5.0
2026-09-13 23:12:59,2026-05-13,Charlotte_NC,v1.4-Finlight-Charlotte-Ridge,DAILY_BATCH,,4.1281,4.2272,UP,4.1687,UP,0.0585,1.0,0.0,0.0,4.1281,0.0,3.9136,4.5408,1.0,yfinance,5.0
2026-09-13 23:12:59,2026-05-14,Charlotte_NC,v1.4-Finlight-Charlotte-Ridge,DAILY_BATCH,,4.1248,4.2188,UP,4.1557,UP,0.0631,1.0,0.0,0.0,4.1248,0.0,3.9052,4.5324,1.0,yfinance,5.0
2026-09-13 23:12:59,2026-05-15,Charlotte_NC,v1.4-Finlight-Charlotte-Ridge,DAILY_BATCH,,4.1955,4.287,UP,4.2519,UP,0.0351,1.0,0.0,0.0,4.1955,0.0,3.9734,4.6006,1.0,yfinance,5.0
2026-09-13 23:12:59,2026-05-18,Charlotte_NC,v1.4-Finlight-Charlotte-Ridge,DAILY_BATCH,,4.2686,4.3089,UP,4.3107,UP,0.0018,1.0,0.0,0.0,4.2686,0.0,3.9953,4.6225,1.0,yfinance,5.0
2026-09-13 23:12:59,2026-05-19,Charlotte_NC,v1.4-Finlight-Charlotte-Ridge,DAILY_BATCH,,4.3665,4.341,DOWN,4.2462,DOWN,0.0948,1.0,0.0,0.0,4.3665,0.0,4.0274,4.6546,1.0,yfinance,5.0
2026-09-13 23:12:59,2026-05-20,Charlotte_NC,v1.4-Finlight-Charlotte-Ridge,DAILY_BATCH,,4.2875,4.3065,UP,4.0374,DOWN,0.2691,0.0,0.0,0.0,4.2875,0.0,3.9929,4.6201,1.0,yfinance,5.0
2026-09-13 23:12:59,2026-05-21,Charlotte_NC,v1.4-Finlight-Charlotte-Ridge,DAILY_BATCH,,4.2745,4.3189,UP,3.9296,DOWN,0.3893,0.0,0.0,0.0,4.2745,0.0,4.0053,4.6325,0.0,yfinance,5.0
2026-09-13 23:12:59,2026-05-22,Charlotte_NC,v1.4-Finlight-Charlotte-Ridge,DAILY_BATCH,,4.3707,4.3458,DOWN,4.0039,DOWN,0.3419,1.0,0.0,0.0,4.3707,0.0,4.0322,4.6594,0.0,yfinance,5.0
2026-09-13 23:12:59,2026-05-25,Charlotte_NC,v1.4-Finlight-Charlotte-Ridge,DAILY_BATCH,,4.4295,4.3886,DOWN,,,,,0.0,0.0,4.4295,0.0,4.075,4.7022,,yfinance,5.0
2026-09-13 23:12:59,2026-05-26,Charlotte_NC,v1.4-Finlight-Charlotte-Ridge,DAILY_BATCH,,4.365,4.3609,DOWN,3.7705,DOWN,0.5904,1.0,0.0,0.0,4.365,0.0,4.0473,4.6745,0.0,yfinance,5.0
2026-09-13 23:12:59,2026-05-27,Charlotte_NC,v1.4-Finlight-Charlotte-Ridge,DAILY_BATCH,,4.1562,4.1754,UP,3.6837,DOWN,0.4917,0.0,0.0,0.0,4.1562,0.0,3.8618,4.489,0.0,yfinance,5.0
2026-09-13 23:12:59,2026-05-28,Charlotte_NC,v1.4-Finlight-Charlotte-Ridge,DAILY_BATCH,,4.0484,4.0592,UP,3.7352,DOWN,0.324,0.0,0.0,0.0,4.0484,0.0,3.7456,4.3728,0.0,yfinance,5.0
2026-09-13 23:12:59,2026-05-29,Charlotte_NC,v1.4-Finlight-Charlotte-Ridge,DAILY_BATCH,,4.1227,4.1543,UP,3.6767,DOWN,0.4776,0.0,0.0,0.0,4.1227,0.0,3.8407,4.4679,0.0,yfinance,5.0
2026-09-13 23:12:59,2026-06-02,Charlotte_NC,v1.4-Finlight-Charlotte-Ridge,DAILY_BATCH,,3.8893,4.0008,UP,3.6943,DOWN,0.3065,0.0,0.0,0.0,3.8893,0.0,3.6872,4.3144,1.0,yfinance,5.0
2026-09-13 23:12:59,2026-06-03,Charlotte_NC,v1.4-Finlight-Charlotte-Ridge,DAILY_BATCH,,3.8025,3.9518,UP,3.6816,DOWN,0.2702,0.0,0.0,0.0,3.8025,0.0,3.6382,4.2654,1.0,yfinance,5.0
2026-09-13 23:12:59,2026-06-04,Charlotte_NC,v1.4-Finlight-Charlotte-Ridge,DAILY_BATCH,,3.854,3.941,UP,3.5883,DOWN,0.3527,0.0,0.0,0.0,3.854,0.0,3.6274,4.2546,0.0,yfinance,5.0
2026-09-13 23:12:59,2026-06-05,Charlotte_NC,v1.4-Finlight-Charlotte-Ridge,DAILY_BATCH,,3.7955,3.921,UP,3.5959,DOWN,0.3251,0.0,0.0,0.0,3.7955,0.0,3.6074,4.2346,0.0,yfinance,5.0
2026-09-13 23:12:59,2026-06-08,Charlotte_NC,v1.4-Finlight-Charlotte-Ridge,DAILY_BATCH,,3.7535,3.8672,UP,3.6206,DOWN,0.2466,0.0,0.0,0.0,3.7535,0.0,3.5536,4.1808,1.0,yfinance,5.0
2026-09-13 23:12:59,2026-06-09,Charlotte_NC,v1.4-Finlight-Charlotte-Ridge,DAILY_BATCH,,3.8131,3.8922,UP,3.5711,DOWN,0.3211,0.0,0.0,0.0,3.8131,0.0,3.5786,4.2058,0.0,yfinance,5.0
2026-09-13 23:12:59,2026-06-10,Charlotte_NC,v1.4-Finlight-Charlotte-Ridge,DAILY_BATCH,,3.8004,3.8431,UP,3.6599,DOWN,0.1832,0.0,0.0,0.0,3.8004,0.0,3.5295,4.1567,1.0,yfinance,5.0
2026-09-13 23:12:59,2026-06-11,Charlotte_NC,v1.4-Finlight-Charlotte-Ridge,DAILY_BATCH,,3.7071,3.7638,UP,3.6514,DOWN,0.1124,0.0,0.0,0.0,3.7071,0.0,3.4502,4.0774,1.0,yfinance,5.0
2026-09-13 23:12:59,2026-06-12,Charlotte_NC,v1.4-Finlight-Charlotte-Ridge,DAILY_BATCH,,3.7147,3.7507,UP,3.5998,DOWN,0.1509,0.0,0.0,0.0,3.7147,0.0,3.4371,4.0643,1.0,yfinance,5.0
2026-09-13 23:12:59,2026-06-15,Charlotte_NC,v1.4-Finlight-Charlotte-Ridge,DAILY_BATCH,,3.7394,3.7785,UP,3.4972,DOWN,0.2813,0.0,0.0,0.0,3.7394,0.0,3.4649,4.0921,1.0,yfinance,5.0
2026-09-13 23:12:59,2026-06-16,Charlotte_NC,v1.4-Finlight-Charlotte-Ridge,DAILY_BATCH,,3.6899,3.7225,UP,3.4305,DOWN,0.292,0.0,0.0,0.0,3.6899,0.0,3.4089,4.0361,1.0,yfinance,5.0
2026-09-13 23:12:59,2026-06-17,Charlotte_NC,v1.4-Finlight-Charlotte-Ridge,DAILY_BATCH,,3.7787,3.7723,DOWN,3.4596,DOWN,0.3127,1.0,0.0,0.0,3.7787,0.0,3.4587,4.0859,1.0,yfinance,5.0
2026-09-13 23:12:59,2026-06-18,Charlotte_NC,v1.4-Finlight-Charlotte-Ridge,DAILY_BATCH,,3.7702,3.7659,DOWN,3.5449,DOWN,0.221,1.0,0.0,0.0,3.7702,0.0,3.4523,4.0795,1.0,yfinance,5.0
2026-09-13 23:12:59,2026-06-19,Charlotte_NC,v1.4-Finlight-Charlotte-Ridge,DAILY_BATCH,,3.7186,3.7151,DOWN,,,,,0.0,0.0,3.7186,0.0,3.4015,4.0287,,yfinance,5.0
2026-09-13 23:12:59,2026-06-22,Charlotte_NC,v1.4-Finlight-Charlotte-Ridge,DAILY_BATCH,,3.616,3.6035,DOWN,3.537,DOWN,0.0665,1.0,0.0,0.0,3.616,0.0,3.2899,3.9171,1.0,yfinance,5.0
2026-09-13 23:12:59,2026-06-23,Charlotte_NC,v1.4-Finlight-Charlotte-Ridge,DAILY_BATCH,,3.5493,3.5824,UP,3.509,DOWN,0.0734,0.0,0.0,0.0,3.5493,0.0,3.2688,3.896,1.0,yfinance,5.0
2026-09-13 23:12:59,2026-06-24,Charlotte_NC,v1.4-Finlight-Charlotte-Ridge,DAILY_BATCH,,3.5784,3.6101,UP,3.4318,DOWN,0.1783,0.0,0.0,0.0,3.5784,0.0,3.2965,3.9237,1.0,yfinance,5.0
2026-09-13 23:12:59,2026-06-25,Charlotte_NC,v1.4-Finlight-Charlotte-Ridge,DAILY_BATCH,,3.6637,3.6974,UP,3.5773,DOWN,0.1201,0.0,0.0,0.0,3.6637,0.0,3.3838,4.011,1.0,yfinance,5.0
2026-09-13 23:12:59,2026-06-29,Charlotte_NC,v1.4-Finlight-Charlotte-Ridge,DAILY_BATCH,,3.6558,3.6795,UP,3.6114,DOWN,0.0681,0.0,0.0,0.0,3.6558,0.0,3.3659,3.9931,1.0,yfinance,5.0
2026-09-13 23:12:59,2026-06-30,Charlotte_NC,v1.4-Finlight-Charlotte-Ridge,DAILY_BATCH,,3.6278,3.6335,UP,3.5644,DOWN,0.0691,0.0,0.0,0.0,3.6278,0.0,3.3199,3.9471,1.0,yfinance,5.0
2026-09-13 23:12:59,2026-07-01,Charlotte_NC,v1.4-Finlight-Charlotte-Ridge,DAILY_BATCH,,3.5506,3.5504,DOWN,3.4952,DOWN,0.0552,1.0,0.0,0.0,3.5506,0.0,3.2368,3.864,1.0,yfinance,5.0
2026-09-13 23:12:59,2026-07-02,Charlotte_NC,v1.4-Finlight-Charlotte-Ridge,DAILY_BATCH,,3.6961,3.7049,UP,3.4673,DOWN,0.2376,0.0,0.0,0.0,3.6961,0.0,3.3913,4.0185,1.0,yfinance,5.0
2026-09-13 23:12:59,2026-07-03,Charlotte_NC,v1.4-Finlight-Charlotte-Ridge,DAILY_BATCH,,3.6259,3.6544,UP,,,,,0.0,0.0,3.6259,0.0,3.3408,3.968,,yfinance,5.0
2026-09-13 23:12:59,2026-07-06,Charlotte_NC,v1.4-Finlight-Charlotte-Ridge,DAILY_BATCH,,3.7302,3.7499,UP,3.5533,DOWN,0.1966,0.0,0.0,0.0,3.7302,0.0,3.4363,4.0635,1.0,yfinance,5.0
2026-09-13 23:12:59,2026-07-07,Charlotte_NC,v1.4-Finlight-Charlotte-Ridge,DAILY_BATCH,,3.6832,3.6737,DOWN,3.5039,DOWN,0.1698,1.0,0.0,0.0,3.6832,0.0,3.3601,3.9873,1.0,yfinance,5.0
2026-09-13 23:12:59,2026-07-08,Charlotte_NC,v1.4-Finlight-Charlotte-Ridge,DAILY_BATCH,,3.614,3.5979,DOWN,3.6534,UP,0.0555,0.0,0.0,0.0,3.614,0.0,3.2843,3.9115,1.0,yfinance,5.0
2026-09-13 23:12:59,2026-07-09,Charlotte_NC,v1.4-Finlight-Charlotte-Ridge,DAILY_BATCH,,3.5861,3.5803,DOWN,3.5887,UP,0.0084,0.0,0.0,0.0,3.5861,0.0,3.2667,3.8939,1.0,yfinance,5.0
2026-09-13 23:12:59,2026-07-13,Charlotte_NC,v1.4-Finlight-Charlotte-Ridge,DAILY_BATCH,,3.6721,3.6987,UP,3.7163,UP,0.0176,1.0,0.0,0.0,3.6721,0.0,3.3851,4.0123,1.0,yfinance,5.0
2026-09-13 23:12:59,2026-07-14,Charlotte_NC,v1.4-Finlight-Charlotte-Ridge,DAILY_BATCH,,3.6227,3.6487,UP,3.7773,UP,0.1286,1.0,0.0,0.0,3.6227,0.0,3.3351,3.9623,1.0,yfinance,5.0
2026-09-13 23:12:59,2026-07-15,Charlotte_NC,v1.4-Finlight-Charlotte-Ridge,DAILY_BATCH,,3.7722,3.7732,UP,3.8509,UP,0.0777,1.0,0.0,0.0,3.7722,0.0,3.4596,4.0868,1.0,yfinance,5.0
2026-09-13 23:12:59,2026-07-16,Charlotte_NC,v1.4-Finlight-Charlotte-Ridge,DAILY_BATCH,,3.7075,3.6985,DOWN,3.8347,UP,0.1362,0.0,0.0,0.0,3.7075,0.0,3.3849,4.0121,1.0,yfinance,5.0
2026-09-13 23:12:59,2026-07-17,Charlotte_NC,v1.4-Finlight-Charlotte-Ridge,DAILY_BATCH,,3.6534,3.6752,UP,3.9427,UP,0.2675,1.0,0.0,0.0,3.6534,0.0,3.3616,3.9888,1.0,yfinance,5.0
2026-09-13 23:12:59,2026-07-20,Charlotte_NC,v1.4-Finlight-Charlotte-Ridge,DAILY_BATCH,,3.8351,3.828,DOWN,3.939,UP,0.111,0.0,0.0,0.0,3.8351,0.0,3.5144,4.1416,1.0,yfinance,5.0
2026-09-13 23:12:59,2026-07-21,Charlotte_NC,v1.4-Finlight-Charlotte-Ridge,DAILY_BATCH,,3.8961,3.8819,DOWN,3.9559,UP,0.074,0.0,0.0,0.0,3.8961,0.0,3.5683,4.1955,1.0,yfinance,5.0
2026-09-13 23:12:59,2026-07-22,Charlotte_NC,v1.4-Finlight-Charlotte-Ridge,DAILY_BATCH,,3.9697,3.8962,DOWN,3.9647,DOWN,0.0685,1.0,0.0,0.0,3.9697,0.0,3.5826,4.2098,1.0,yfinance,5.0
2026-09-13 23:12:59,2026-07-23,Charlotte_NC,v1.4-Finlight-Charlotte-Ridge,DAILY_BATCH,,3.9535,3.8865,DOWN,4.0464,UP,0.1599,0.0,0.0,0.0,3.9535,0.0,3.5729,4.2001,1.0,yfinance,5.0
2026-09-13 23:12:59,2026-07-24,Charlotte_NC,v1.4-Finlight-Charlotte-Ridge,DAILY_BATCH,,4.0615,3.9467,DOWN,3.9459,DOWN,0.0008,1.0,0.0,0.0,4.0615,0.0,3.6331,4.2603,1.0,yfinance,5.0
2026-09-13 23:12:59,2026-07-27,Charlotte_NC,v1.4-Finlight-Charlotte-Ridge,DAILY_BATCH,,4.0578,3.9649,DOWN,3.8773,DOWN,0.0876,1.0,0.0,0.0,4.0578,0.0,3.6513,4.2785,1.0,yfinance,5.0
2026-09-13 23:12:59,2026-07-28,Charlotte_NC,v1.4-Finlight-Charlotte-Ridge,DAILY_BATCH,,4.0747,3.9692,DOWN,3.8845,DOWN,0.0847,1.0,0.0,0.0,4.0747,0.0,3.6556,4.2828,1.0,yfinance,5.0
2026-09-13 23:12:59,2026-07-29,Charlotte_NC,v1.4-Finlight-Charlotte-Ridge,DAILY_BATCH,,4.0835,4.0205,DOWN,3.9478,DOWN,0.0727,1.0,0.0,0.0,4.0835,0.0,3.7069,4.3341,1.0,yfinance,5.0
2026-09-13 23:12:59,2026-07-30,Charlotte_NC,v1.4-Finlight-Charlotte-Ridge,DAILY_BATCH,,4.1652,4.0466,DOWN,3.8347,DOWN,0.2119,1.0,0.0,0.0,4.1652,0.0,3.733,4.3602,1.0,yfinance,5.0
2026-09-13 23:12:59,2026-07-31,Charlotte_NC,v1.4-Finlight-Charlotte-Ridge,DAILY_BATCH,,4.0647,3.9876,DOWN,3.7716,DOWN,0.216,1.0,0.0,0.0,4.0647,0.0,3.674,4.3012,1.0,yfinance,5.0
2026-09-13 23:12:59,2026-08-03,Charlotte_NC,v1.4-Finlight-Charlotte-Ridge,DAILY_BATCH,,3.9961,3.9846,DOWN,3.5167,DOWN,0.4679,1.0,0.0,0.0,3.9961,0.0,3.671,4.2982,0.0,yfinance,5.0
2026-09-13 23:12:59,2026-08-04,Charlotte_NC,v1.4-Finlight-Charlotte-Ridge,DAILY_BATCH,,4.0033,4.0085,UP,3.4022,DOWN,0.6063,0.0,0.0,0.0,4.0033,0.0,3.6949,4.3221,0.0,yfinance,5.0
2026-09-13 23:12:59,2026-08-05,Charlotte_NC,v1.4-Finlight-Charlotte-Ridge,DAILY_BATCH,,4.0666,4.0637,DOWN,3.3888,DOWN,0.6749,1.0,0.0,0.0,4.0666,0.0,3.7501,4.3773,0.0,yfinance,5.0
2026-09-13 23:12:59,2026-08-06,Charlotte_NC,v1.4-Finlight-Charlotte-Ridge,DAILY_BATCH,,3.9535,3.9802,UP,3.4885,DOWN,0.4917,0.0,0.0,0.0,3.9535,0.0,3.6666,4.2938,0.0,yfinance,5.0
2026-09-13 23:12:59,2026-08-07,Charlotte_NC,v1.4-Finlight-Charlotte-Ridge,DAILY_BATCH,,3.8904,3.9055,UP,3.5353,DOWN,0.3702,0.0,0.0,0.0,3.8904,0.0,3.5919,4.2191,0.0,yfinance,5.0
2026-09-13 23:12:59,2026-08-10,Charlotte_NC,v1.4-Finlight-Charlotte-Ridge,DAILY_BATCH,,3.6355,3.6872,UP,3.6854,UP,0.0018,1.0,0.0,0.0,3.6355,0.0,3.3736,4.0008,1.0,yfinance,5.0
2026-09-13 23:12:59,2026-08-11,Charlotte_NC,v1.4-Finlight-Charlotte-Ridge,DAILY_BATCH,,3.521,3.6016,UP,3.6866,UP,0.085,1.0,0.0,0.0,3.521,0.0,3.288,3.9152,1.0,yfinance,5.0
2026-09-13 23:12:59,2026-08-12,Charlotte_NC,v1.4-Finlight-Charlotte-Ridge,DAILY_BATCH,,3.5076,3.6221,UP,3.7037,UP,0.0816,1.0,0.0,0.0,3.5076,0.0,3.3085,3.9357,1.0,yfinance,5.0
2026-09-13 23:12:59,2026-08-13,Charlotte_NC,v1.4-Finlight-Charlotte-Ridge,DAILY_BATCH,,3.6073,3.7329,UP,3.678,UP,0.0549,1.0,0.0,0.0,3.6073,0.0,3.4193,4.0465,1.0,yfinance,5.0
2026-09-13 23:12:59,2026-08-14,Charlotte_NC,v1.4-Finlight-Charlotte-Ridge,DAILY_BATCH,,3.6541,3.6926,UP,3.7341,UP,0.0415,1.0,0.0,0.0,3.6541,0.0,3.379,4.0062,1.0,yfinance,5.0
2026-09-13 23:12:59,2026-08-17,Charlotte_NC,v1.4-Finlight-Charlotte-Ridge,DAILY_BATCH,,3.8042,3.734,DOWN,3.8201,UP,0.0861,0.0,0.0,0.0,3.8042,0.0,3.4204,4.0476,1.0,yfinance,5.0
2026-09-13 23:12:59,2026-08-18,Charlotte_NC,v1.4-Finlight-Charlotte-Ridge,DAILY_BATCH,,3.8054,3.7293,DOWN,3.8517,UP,0.1224,0.0,0.0,0.0,3.8054,0.0,3.4157,4.0429,1.0,yfinance,5.0
2026-09-13 23:12:59,2026-08-19,Charlotte_NC,v1.4-Finlight-Charlotte-Ridge,DAILY_BATCH,,3.8225,3.7834,DOWN,3.8051,DOWN,0.0217,1.0,0.0,0.0,3.8225,0.0,3.4698,4.097,1.0,yfinance,5.0
2026-09-13 23:12:59,2026-08-20,Charlotte_NC,v1.4-Finlight-Charlotte-Ridge,DAILY_BATCH,,3.7968,3.7525,DOWN,3.8129,UP,0.0604,0.0,0.0,0.0,3.7968,0.0,3.4389,4.0661,1.0,yfinance,5.0
2026-09-13 23:12:59,2026-08-21,Charlotte_NC,v1.4-Finlight-Charlotte-Ridge,DAILY_BATCH,,3.8529,3.7895,DOWN,3.8979,UP,0.1084,0.0,0.0,0.0,3.8529,0.0,3.4759,4.1031,1.0,yfinance,5.0
2026-09-13 23:12:59,2026-08-24,Charlotte_NC,v1.4-Finlight-Charlotte-Ridge,DAILY_BATCH,,3.9389,3.8096,DOWN,3.8208,DOWN,0.0112,1.0,0.0,0.0,3.9389,0.0,3.496,4.1232,1.0,yfinance,5.0
2026-09-13 23:12:59,2026-08-25,Charlotte_NC,v1.4-Finlight-Charlotte-Ridge,DAILY_BATCH,,3.9705,3.8485,DOWN,3.8029,DOWN,0.0456,1.0,0.0,0.0,3.9705,0.0,3.5349,4.1621,1.0,yfinance,5.0
2026-09-13 23:12:59,2026-08-26,Charlotte_NC,v1.4-Finlight-Charlotte-Ridge,DAILY_BATCH,,3.9239,3.8028,DOWN,3.8701,DOWN,0.0673,1.0,0.0,0.0,3.9239,0.0,3.4892,4.1164,1.0,yfinance,5.0
2026-09-13 23:12:59,2026-08-27,Charlotte_NC,v1.4-Finlight-Charlotte-Ridge,DAILY_BATCH,,3.9317,3.8178,DOWN,3.9342,UP,0.1164,0.0,0.0,0.0,3.9317,0.0,3.5042,4.1314,1.0,yfinance,5.0
2026-09-13 23:12:59,2026-08-28,Charlotte_NC,v1.4-Finlight-Charlotte-Ridge,DAILY_BATCH,,4.0167,3.8696,DOWN,4.0399,UP,0.1703,0.0,0.0,0.0,4.0167,0.0,3.556,4.1832,1.0,yfinance,5.0
2026-09-13 23:12:59,2026-08-31,Charlotte_NC,v1.4-Finlight-Charlotte-Ridge,DAILY_BATCH,,3.9396,3.8686,DOWN,3.987,UP,0.1184,0.0,0.0,0.0,3.9396,0.0,3.555,4.1822,1.0,yfinance,5.0
2026-09-13 23:12:59,2026-09-01,Charlotte_NC,v1.4-Finlight-Charlotte-Ridge,DAILY_BATCH,,3.9217,3.8942,DOWN,3.6851,DOWN,0.2091,1.0,0.0,0.0,3.9217,0.0,3.5806,4.2078,1.0,yfinance,5.0
2026-09-13 23:12:59,2026-09-02,Charlotte_NC,v1.4-Finlight-Charlotte-Ridge,DAILY_BATCH,,3.9889,3.9477,DOWN,3.6538,DOWN,0.2939,1.0,0.0,0.0,3.9889,0.0,3.6341,4.2613,1.0,yfinance,5.0
2026-09-13 23:12:59,2026-09-03,Charlotte_NC,v1.4-Finlight-Charlotte-Ridge,DAILY_BATCH,,4.053,4.0055,DOWN,3.6849,DOWN,0.3206,1.0,0.0,0.0,4.053,0.0,3.6919,4.3191,0.0,yfinance,5.0
2026-09-13 23:12:59,2026-09-04,Charlotte_NC,v1.4-Finlight-Charlotte-Ridge,DAILY_BATCH,,4.1587,4.0565,DOWN,3.7646,DOWN,0.2919,1.0,0.0,0.0,4.1587,0.0,3.7429,4.3701,1.0,yfinance,5.0
2026-09-13 23:12:59,2026-09-07,Charlotte_NC,v1.4-Finlight-Charlotte-Ridge,DAILY_BATCH,,4.1058,4.0349,DOWN,,,,,0.0,0.0,4.1058,0.0,3.7213,4.3485,,yfinance,5.0
2026-09-13 23:12:59,2026-09-08,Charlotte_NC,v1.4-Finlight-Charlotte-Ridge,DAILY_BATCH,,3.8039,3.772,DOWN,3.8025,DOWN,0.0305,1.0,0.0,0.0,3.8039,0.0,3.4584,4.0856,1.0,yfinance,5.0
2026-09-13 23:12:59,2026-09-09,Charlotte_NC,v1.4-Finlight-Charlotte-Ridge,DAILY_BATCH,,3.7726,3.728,DOWN,3.7606,DOWN,0.0326,1.0,0.0,0.0,3.7726,0.0,3.4144,4.0416,1.0,yfinance,5.0
2026-09-13 23:12:59,2026-09-10,Charlotte_NC,v1.4-Finlight-Charlotte-Ridge,DAILY_BATCH,,3.8037,3.7778,DOWN,3.9432,UP,0.1654,0.0,0.0,0.0,3.8037,0.0,3.4642,4.0914,1.0,yfinance,5.0
2026-09-13 23:14:13,2026-09-18,Charlotte_NC,v1.4-Finlight-Charlotte-Ridge,DAILY_BATCH,,3.976,3.9432,DOWN,,,,,0.0,0.0,3.976,0.0,3.6502,4.2362,,yfinance,5.0
2026-09-13 23:14:22,2025-10-03,Oakland_CA,v1.4-Oakland-Ridge,DAILY_BATCH,,4.0876,4.039,DOWN,3.9105,DOWN,0.1285,1.0,0.0,0.0,4.0876,0.0,3.6811,4.3969,1.0,yfinance,5.0
2026-09-13 23:14:22,2025-10-06,Oakland_CA,v1.4-Oakland-Ridge,DAILY_BATCH,,4.0451,4.0239,DOWN,3.9516,DOWN,0.0723,1.0,0.0,0.0,4.0451,0.0,3.666,4.3818,1.0,yfinance,5.0
2026-09-13 23:14:22,2025-10-07,Oakland_CA,v1.4-Oakland-Ridge,DAILY_BATCH,,4.0229,4.0064,DOWN,3.9439,DOWN,0.0625,1.0,0.0,0.0,4.0229,0.0,3.6486,4.3643,1.0,yfinance,5.0
2026-09-13 23:14:22,2025-10-08,Oakland_CA,v1.4-Oakland-Ridge,DAILY_BATCH,,3.9359,3.8453,DOWN,3.9595,UP,0.1142,0.0,0.0,0.0,3.9359,0.0,3.4874,4.2032,1.0,yfinance,5.0
2026-09-13 23:14:22,2025-10-09,Oakland_CA,v1.4-Oakland-Ridge,DAILY_BATCH,,3.901,3.8679,DOWN,3.9326,UP,0.0647,0.0,0.0,0.0,3.901,0.0,3.51,4.2258,1.0,yfinance,5.0
2026-09-13 23:14:22,2025-10-10,Oakland_CA,v1.4-Oakland-Ridge,DAILY_BATCH,,3.9105,3.9086,DOWN,3.8704,DOWN,0.0382,1.0,0.0,0.0,3.9105,0.0,3.5507,4.2665,1.0,yfinance,5.0
2026-09-13 23:14:22,2025-10-13,Oakland_CA,v1.4-Oakland-Ridge,DAILY_BATCH,,3.9516,3.9597,UP,3.8938,DOWN,0.0659,0.0,0.0,0.0,3.9516,0.0,3.6018,4.3176,1.0,yfinance,5.0
2026-09-13 23:14:22,2025-10-14,Oakland_CA,v1.4-Oakland-Ridge,DAILY_BATCH,,3.9439,3.9421,DOWN,3.8786,DOWN,0.0635,1.0,0.0,0.0,3.9439,0.0,3.5842,4.3,1.0,yfinance,5.0
2026-09-13 23:14:22,2025-10-15,Oakland_CA,v1.4-Oakland-Ridge,DAILY_BATCH,,3.9595,3.9586,DOWN,3.8844,DOWN,0.0742,1.0,0.0,0.0,3.9595,0.0,3.6007,4.3165,1.0,yfinance,5.0
2026-09-13 23:14:22,2025-10-16,Oakland_CA,v1.4-Oakland-Ridge,DAILY_BATCH,,3.9326,3.9516,UP,3.8617,DOWN,0.0899,0.0,0.0,0.0,3.9326,0.0,3.5937,4.3095,1.0,yfinance,5.0
2026-09-13 23:14:22,2025-10-17,Oakland_CA,v1.4-Oakland-Ridge,DAILY_BATCH,,3.8704,3.9139,UP,3.8877,UP,0.0262,1.0,0.0,0.0,3.8704,0.0,3.556,4.2718,1.0,yfinance,5.0
2026-09-13 23:14:22,2025-10-20,Oakland_CA,v1.4-Oakland-Ridge,DAILY_BATCH,,3.8938,3.9203,UP,3.8802,DOWN,0.0401,0.0,0.0,0.0,3.8938,0.0,3.5624,4.2782,1.0,yfinance,5.0
2026-09-13 23:14:22,2025-10-21,Oakland_CA,v1.4-Oakland-Ridge,DAILY_BATCH,,3.8786,3.9208,UP,3.8753,DOWN,0.0455,0.0,0.0,0.0,3.8786,0.0,3.5629,4.2787,1.0,yfinance,5.0
2026-09-13 23:14:22,2025-10-22,Oakland_CA,v1.4-Oakland-Ridge,DAILY_BATCH,,3.8844,3.9205,UP,3.915,UP,0.0055,1.0,0.0,0.0,3.8844,0.0,3.5626,4.2784,1.0,yfinance,5.0
2026-09-13 23:14:22,2025-10-23,Oakland_CA,v1.4-Oakland-Ridge,DAILY_BATCH,,3.8617,3.8873,UP,3.9769,UP,0.0896,1.0,0.0,0.0,3.8617,0.0,3.5294,4.2452,1.0,yfinance,5.0
2026-09-13 23:14:22,2025-10-24,Oakland_CA,v1.4-Oakland-Ridge,DAILY_BATCH,,3.8877,3.9048,UP,3.9727,UP,0.0679,1.0,0.0,0.0,3.8877,0.0,3.5469,4.2627,1.0,yfinance,5.0
2026-09-13 23:14:22,2025-10-27,Oakland_CA,v1.4-Oakland-Ridge,DAILY_BATCH,,3.8802,3.907,UP,3.9704,UP,0.0634,1.0,0.0,0.0,3.8802,0.0,3.5491,4.2649,1.0,yfinance,5.0
2026-09-13 23:14:22,2025-10-28,Oakland_CA,v1.4-Oakland-Ridge,DAILY_BATCH,,3.8753,3.8959,UP,3.9752,UP,0.0793,1.0,0.0,0.0,3.8753,0.0,3.538,4.2538,1.0,yfinance,5.0
2026-09-13 23:14:22,2025-10-29,Oakland_CA,v1.4-Oakland-Ridge,DAILY_BATCH,,3.915,3.9144,DOWN,4.0237,UP,0.1093,0.0,0.0,0.0,3.915,0.0,3.5565,4.2722,1.0,yfinance,5.0
2026-09-13 23:14:22,2025-10-30,Oakland_CA,v1.4-Oakland-Ridge,DAILY_BATCH,,3.9769,3.9517,DOWN,4.0534,UP,0.1017,0.0,0.0,0.0,3.9769,0.0,3.5938,4.3096,1.0,yfinance,5.0
2026-09-13 23:14:22,2025-10-31,Oakland_CA,v1.4-Oakland-Ridge,DAILY_BATCH,,3.9727,3.9488,DOWN,4.0431,UP,0.0943,0.0,0.0,0.0,3.9727,0.0,3.5909,4.3067,1.0,yfinance,5.0
2026-09-13 23:14:22,2025-11-03,Oakland_CA,v1.4-Oakland-Ridge,DAILY_BATCH,,3.9704,3.9734,UP,3.9661,DOWN,0.0073,0.0,0.0,0.0,3.9704,0.0,3.6155,4.3313,1.0,yfinance,5.0
2026-09-13 23:14:22,2025-11-04,Oakland_CA,v1.4-Oakland-Ridge,DAILY_BATCH,,3.9752,3.9896,UP,3.9728,DOWN,0.0168,0.0,0.0,0.0,3.9752,0.0,3.6317,4.3475,1.0,yfinance,5.0
2026-09-13 23:14:22,2025-11-05,Oakland_CA,v1.4-Oakland-Ridge,DAILY_BATCH,,4.0237,4.0293,UP,3.9593,DOWN,0.07,0.0,0.0,0.0,4.0237,0.0,3.6714,4.3872,1.0,yfinance,5.0
2026-09-13 23:14:22,2025-11-06,Oakland_CA,v1.4-Oakland-Ridge,DAILY_BATCH,,4.0534,4.0153,DOWN,4.0156,DOWN,0.0003,1.0,0.0,0.0,4.0534,0.0,3.6574,4.3732,1.0,yfinance,5.0
2026-09-13 23:14:22,2025-11-07,Oakland_CA,v1.4-Oakland-Ridge,DAILY_BATCH,,4.0431,4.0227,DOWN,3.9903,DOWN,0.0324,1.0,0.0,0.0,4.0431,0.0,3.6648,4.3806,1.0,yfinance,5.0
2026-09-13 23:14:22,2025-11-10,Oakland_CA,v1.4-Oakland-Ridge,DAILY_BATCH,,3.9661,3.9527,DOWN,4.0211,UP,0.0684,0.0,0.0,0.0,3.9661,0.0,3.5948,4.3106,1.0,yfinance,5.0
2026-09-13 23:14:22,2025-11-11,Oakland_CA,v1.4-Oakland-Ridge,DAILY_BATCH,,3.9728,3.9617,DOWN,4.062,UP,0.1003,0.0,0.0,0.0,3.9728,0.0,3.6038,4.3196,1.0,yfinance,5.0
2026-09-13 23:14:22,2025-11-12,Oakland_CA,v1.4-Oakland-Ridge,DAILY_BATCH,,3.9593,3.9704,UP,4.0054,UP,0.035,1.0,0.0,0.0,3.9593,0.0,3.6125,4.3283,1.0,yfinance,5.0
2026-09-13 23:14:22,2025-11-13,Oakland_CA,v1.4-Oakland-Ridge,DAILY_BATCH,,4.0156,4.0847,UP,4.0097,DOWN,0.075,0.0,0.0,0.0,4.0156,0.0,3.7268,4.4426,1.0,yfinance,5.0
2026-09-13 23:14:22,2025-11-14,Oakland_CA,v1.4-Oakland-Ridge,DAILY_BATCH,,3.9903,4.0447,UP,4.0616,UP,0.0169,1.0,0.0,0.0,3.9903,0.0,3.6868,4.4026,1.0,yfinance,5.0
2026-09-13 23:14:22,2025-11-17,Oakland_CA,v1.4-Oakland-Ridge,DAILY_BATCH,,4.0211,4.0479,UP,4.0401,UP,0.0078,1.0,0.0,0.0,4.0211,0.0,3.69,4.4058,1.0,yfinance,5.0
2026-09-13 23:14:22,2025-11-18,Oakland_CA,v1.4-Oakland-Ridge,DAILY_BATCH,,4.062,4.0904,UP,4.0493,DOWN,0.0411,0.0,0.0,0.0,4.062,0.0,3.7325,4.4483,1.0,yfinance,5.0
2026-09-13 23:14:22,2025-11-19,Oakland_CA,v1.4-Oakland-Ridge,DAILY_BATCH,,4.0054,4.0389,UP,3.9821,DOWN,0.0568,0.0,0.0,0.0,4.0054,0.0,3.681,4.3968,1.0,yfinance,5.0
2026-09-13 23:14:22,2025-11-20,Oakland_CA,v1.4-Oakland-Ridge,DAILY_BATCH,,4.0097,4.0507,UP,3.9684,DOWN,0.0823,0.0,0.0,0.0,4.0097,0.0,3.6929,4.4086,1.0,yfinance,5.0
2026-09-13 23:14:22,2025-11-21,Oakland_CA,v1.4-Oakland-Ridge,DAILY_BATCH,,4.0616,4.0987,UP,3.9334,DOWN,0.1653,0.0,0.0,0.0,4.0616,0.0,3.7408,4.4566,1.0,yfinance,5.0
2026-09-13 23:14:22,2025-11-24,Oakland_CA,v1.4-Oakland-Ridge,DAILY_BATCH,,4.0401,4.0707,UP,3.9466,DOWN,0.1241,0.0,0.0,0.0,4.0401,0.0,3.7128,4.4286,1.0,yfinance,5.0
2026-09-13 23:14:22,2025-11-25,Oakland_CA,v1.4-Oakland-Ridge,DAILY_BATCH,,4.0493,4.0721,UP,3.9072,DOWN,0.1649,0.0,0.0,0.0,4.0493,0.0,3.7142,4.43,1.0,yfinance,5.0
2026-09-13 23:14:22,2025-11-26,Oakland_CA,v1.4-Oakland-Ridge,DAILY_BATCH,,3.9821,3.9605,DOWN,3.939,DOWN,0.0215,1.0,0.0,0.0,3.9821,0.0,3.6026,4.3184,1.0,yfinance,5.0
2026-09-13 23:14:22,2025-11-27,Oakland_CA,v1.4-Oakland-Ridge,DAILY_BATCH,,3.9684,3.9635,DOWN,,,,,0.0,0.0,3.9684,0.0,3.6056,4.3214,,yfinance,5.0
2026-09-13 23:14:22,2025-11-28,Oakland_CA,v1.4-Oakland-Ridge,DAILY_BATCH,,3.9334,3.9225,DOWN,3.9459,UP,0.0234,0.0,0.0,0.0,3.9334,0.0,3.5646,4.2804,1.0,yfinance,5.0
2026-09-13 23:14:22,2025-12-01,Oakland_CA,v1.4-Oakland-Ridge,DAILY_BATCH,,3.9466,3.9777,UP,3.9189,DOWN,0.0588,0.0,0.0,0.0,3.9466,0.0,3.6198,4.3356,1.0,yfinance,5.0
2026-09-13 23:14:22,2025-12-02,Oakland_CA,v1.4-Oakland-Ridge,DAILY_BATCH,,3.9072,3.9289,UP,3.8803,DOWN,0.0486,0.0,0.0,0.0,3.9072,0.0,3.571,4.2868,1.0,yfinance,5.0
2026-09-13 23:14:22,2025-12-03,Oakland_CA,v1.4-Oakland-Ridge,DAILY_BATCH,,3.939,3.9526,UP,3.8772,DOWN,0.0754,0.0,0.0,0.0,3.939,0.0,3.5947,4.3105,1.0,yfinance,5.0
2026-09-13 23:14:22,2025-12-05,Oakland_CA,v1.4-Oakland-Ridge,DAILY_BATCH,,3.9459,3.959,UP,3.8841,DOWN,0.0749,0.0,0.0,0.0,3.9459,0.0,3.6011,4.3169,1.0,yfinance,5.0
2026-09-13 23:14:22,2025-12-08,Oakland_CA,v1.4-Oakland-Ridge,DAILY_BATCH,,3.9189,3.9329,UP,3.8481,DOWN,0.0848,0.0,0.0,0.0,3.9189,0.0,3.575,4.2908,1.0,yfinance,5.0
2026-09-13 23:14:22,2025-12-09,Oakland_CA,v1.4-Oakland-Ridge,DAILY_BATCH,,3.8803,3.8857,UP,3.8397,DOWN,0.046,0.0,0.0,0.0,3.8803,0.0,3.5278,4.2436,1.0,yfinance,5.0
2026-09-13 23:14:22,2025-12-10,Oakland_CA,v1.4-Oakland-Ridge,DAILY_BATCH,,3.8772,3.8885,UP,3.8315,DOWN,0.057,0.0,0.0,0.0,3.8772,0.0,3.5306,4.2464,1.0,yfinance,5.0
2026-09-13 23:14:22,2025-12-11,Oakland_CA,v1.4-Oakland-Ridge,DAILY_BATCH,,3.8771,3.8767,DOWN,3.8098,DOWN,0.0669,1.0,0.0,0.0,3.8771,0.0,3.5188,4.2346,1.0,yfinance,5.0
2026-09-13 23:14:22,2025-12-12,Oakland_CA,v1.4-Oakland-Ridge,DAILY_BATCH,,3.8841,3.8749,DOWN,3.8021,DOWN,0.0728,1.0,0.0,0.0,3.8841,0.0,3.517,4.2328,1.0,yfinance,5.0
2026-09-13 23:14:22,2025-12-15,Oakland_CA,v1.4-Oakland-Ridge,DAILY_BATCH,,3.8481,3.8491,UP,3.7823,DOWN,0.0668,0.0,0.0,0.0,3.8481,0.0,3.4912,4.207,1.0,yfinance,5.0
2026-09-13 23:14:22,2025-12-16,Oakland_CA,v1.4-Oakland-Ridge,DAILY_BATCH,,3.8397,3.8521,UP,3.7309,DOWN,0.1212,0.0,0.0,0.0,3.8397,0.0,3.4942,4.21,1.0,yfinance,5.0
2026-09-13 23:14:22,2025-12-17,Oakland_CA,v1.4-Oakland-Ridge,DAILY_BATCH,,3.8315,3.8229,DOWN,3.7443,DOWN,0.0786,1.0,0.0,0.0,3.8315,0.0,3.465,4.1808,1.0,yfinance,5.0
2026-09-13 23:14:22,2025-12-18,Oakland_CA,v1.4-Oakland-Ridge,DAILY_BATCH,,3.8098,3.8339,UP,3.7513,DOWN,0.0826,0.0,0.0,0.0,3.8098,0.0,3.476,4.1918,1.0,yfinance,5.0
2026-09-13 23:14:22,2025-12-19,Oakland_CA,v1.4-Oakland-Ridge,DAILY_BATCH,,3.8021,3.8272,UP,3.7582,DOWN,0.069,0.0,0.0,0.0,3.8021,0.0,3.4693,4.1851,1.0,yfinance,5.0
2026-09-13 23:14:22,2025-12-22,Oakland_CA,v1.4-Oakland-Ridge,DAILY_BATCH,,3.7823,3.8212,UP,3.7922,UP,0.029,1.0,0.0,0.0,3.7823,0.0,3.4633,4.1791,1.0,yfinance,5.0
2026-09-13 23:14:22,2025-12-23,Oakland_CA,v1.4-Oakland-Ridge,DAILY_BATCH,,3.7309,3.7653,UP,3.7932,UP,0.0279,1.0,0.0,0.0,3.7309,0.0,3.4074,4.1232,1.0,yfinance,5.0
2026-09-13 23:14:22,2025-12-24,Oakland_CA,v1.4-Oakland-Ridge,DAILY_BATCH,,3.7443,3.7776,UP,3.7971,UP,0.0195,1.0,0.0,0.0,3.7443,0.0,3.4197,4.1355,1.0,yfinance,5.0
2026-09-13 23:14:22,2025-12-25,Oakland_CA,v1.4-Oakland-Ridge,DAILY_BATCH,,3.7513,3.7785,UP,,,,,0.0,0.0,3.7513,0.0,3.4206,4.1364,,yfinance,5.0
2026-09-13 23:14:22,2025-12-26,Oakland_CA,v1.4-Oakland-Ridge,DAILY_BATCH,,3.7582,3.8144,UP,3.7471,DOWN,0.0673,0.0,0.0,0.0,3.7582,0.0,3.4565,4.1723,1.0,yfinance,5.0
2026-09-13 23:14:22,2025-12-29,Oakland_CA,v1.4-Oakland-Ridge,DAILY_BATCH,,3.7922,3.8215,UP,3.7652,DOWN,0.0563,0.0,0.0,0.0,3.7922,0.0,3.4636,4.1794,1.0,yfinance,5.0
2026-09-13 23:14:22,2025-12-30,Oakland_CA,v1.4-Oakland-Ridge,DAILY_BATCH,,3.7932,3.8311,UP,3.771,DOWN,0.0601,0.0,0.0,0.0,3.7932,0.0,3.4733,4.189,1.0,yfinance,5.0
2026-09-13 23:14:22,2025-12-31,Oakland_CA,v1.4-Oakland-Ridge,DAILY_BATCH,,3.7971,3.8075,UP,3.7554,DOWN,0.0521,0.0,0.0,0.0,3.7971,0.0,3.4496,4.1654,1.0,yfinance,5.0
2026-09-13 23:14:22,2026-01-02,Oakland_CA,v1.4-Oakland-Ridge,DAILY_BATCH,,3.7471,3.772,UP,3.7482,UP,0.0238,1.0,0.0,0.0,3.7471,0.0,3.4141,4.1299,1.0,yfinance,5.0
2026-09-13 23:14:22,2026-01-05,Oakland_CA,v1.4-Oakland-Ridge,DAILY_BATCH,,3.7652,3.7858,UP,3.77,UP,0.0158,1.0,0.0,0.0,3.7652,0.0,3.4279,4.1437,1.0,yfinance,5.0
2026-09-13 23:14:22,2026-01-06,Oakland_CA,v1.4-Oakland-Ridge,DAILY_BATCH,,3.771,3.8033,UP,3.7506,DOWN,0.0527,0.0,0.0,0.0,3.771,0.0,3.4455,4.1612,1.0,yfinance,5.0
2026-09-13 23:14:22,2026-01-07,Oakland_CA,v1.4-Oakland-Ridge,DAILY_BATCH,,3.7554,3.7799,UP,3.7445,DOWN,0.0354,0.0,0.0,0.0,3.7554,0.0,3.422,4.1378,1.0,yfinance,5.0
2026-09-13 23:14:22,2026-01-09,Oakland_CA,v1.4-Oakland-Ridge,DAILY_BATCH,,3.7482,3.774,UP,3.8306,UP,0.0566,1.0,0.0,0.0,3.7482,0.0,3.4161,4.1319,1.0,yfinance,5.0
2026-09-13 23:14:22,2026-01-12,Oakland_CA,v1.4-Oakland-Ridge,DAILY_BATCH,,3.77,3.796,UP,3.8438,UP,0.0478,1.0,0.0,0.0,3.77,0.0,3.4381,4.1539,1.0,yfinance,5.0
2026-09-13 23:14:22,2026-01-13,Oakland_CA,v1.4-Oakland-Ridge,DAILY_BATCH,,3.7506,3.7785,UP,3.8765,UP,0.098,1.0,0.0,0.0,3.7506,0.0,3.4206,4.1364,1.0,yfinance,5.0
2026-09-13 23:14:22,2026-01-14,Oakland_CA,v1.4-Oakland-Ridge,DAILY_BATCH,,3.7445,3.7875,UP,3.8804,UP,0.0929,1.0,0.0,0.0,3.7445,0.0,3.4297,4.1454,1.0,yfinance,5.0
2026-09-13 23:14:22,2026-01-15,Oakland_CA,v1.4-Oakland-Ridge,DAILY_BATCH,,3.8103,3.8981,UP,3.8338,UP,0.0643,1.0,0.0,0.0,3.8103,0.0,3.5402,4.256,1.0,yfinance,5.0
2026-09-13 23:14:22,2026-01-16,Oakland_CA,v1.4-Oakland-Ridge,DAILY_BATCH,,3.8306,3.9291,UP,3.8352,UP,0.0939,1.0,0.0,0.0,3.8306,0.0,3.5712,4.287,1.0,yfinance,5.0
2026-09-13 23:14:22,2026-01-19,Oakland_CA,v1.4-Oakland-Ridge,DAILY_BATCH,,3.8438,3.9371,UP,,,,,0.0,0.0,3.8438,0.0,3.5792,4.295,,yfinance,5.0
2026-09-13 23:14:22,2026-01-20,Oakland_CA,v1.4-Oakland-Ridge,DAILY_BATCH,,3.8765,3.9722,UP,3.8738,DOWN,0.0984,0.0,0.0,0.0,3.8765,0.0,3.6143,4.3301,1.0,yfinance,5.0
2026-09-13 23:14:22,2026-01-21,Oakland_CA,v1.4-Oakland-Ridge,DAILY_BATCH,,3.8804,3.9478,UP,3.9074,UP,0.0404,1.0,0.0,0.0,3.8804,0.0,3.5899,4.3057,1.0,yfinance,5.0
2026-09-13 23:14:22,2026-01-22,Oakland_CA,v1.4-Oakland-Ridge,DAILY_BATCH,,3.8338,3.9012,UP,3.8672,UP,0.034,1.0,0.0,0.0,3.8338,0.0,3.5433,4.2591,1.0,yfinance,5.0
2026-09-13 23:14:22,2026-01-23,Oakland_CA,v1.4-Oakland-Ridge,DAILY_BATCH,,3.8352,3.8913,UP,3.901,UP,0.0097,1.0,0.0,0.0,3.8352,0.0,3.5334,4.2492,1.0,yfinance,5.0
2026-09-13 23:14:22,2026-01-27,Oakland_CA,v1.4-Oakland-Ridge,DAILY_BATCH,,3.8738,3.9518,UP,3.9152,UP,0.0366,1.0,0.0,0.0,3.8738,0.0,3.5939,4.3097,1.0,yfinance,5.0
2026-09-13 23:14:22,2026-01-28,Oakland_CA,v1.4-Oakland-Ridge,DAILY_BATCH,,3.9074,3.9717,UP,3.9423,UP,0.0294,1.0,0.0,0.0,3.9074,0.0,3.6138,4.3296,1.0,yfinance,5.0
2026-09-13 23:14:22,2026-01-29,Oakland_CA,v1.4-Oakland-Ridge,DAILY_BATCH,,3.8672,3.9425,UP,3.97,UP,0.0275,1.0,0.0,0.0,3.8672,0.0,3.5846,4.3004,1.0,yfinance,5.0
2026-09-13 23:14:22,2026-01-30,Oakland_CA,v1.4-Oakland-Ridge,DAILY_BATCH,,3.901,3.9794,UP,3.9728,UP,0.0066,1.0,0.0,0.0,3.901,0.0,3.6215,4.3373,1.0,yfinance,5.0
2026-09-13 23:14:22,2026-02-02,Oakland_CA,v1.4-Oakland-Ridge,DAILY_BATCH,,3.8701,3.9735,UP,3.9014,UP,0.0721,1.0,0.0,0.0,3.8701,0.0,3.6156,4.3314,1.0,yfinance,5.0
2026-09-13 23:14:22,2026-02-03,Oakland_CA,v1.4-Oakland-Ridge,DAILY_BATCH,,3.9152,4.019,UP,3.9479,UP,0.0711,1.0,0.0,0.0,3.9152,0.0,3.6611,4.3769,1.0,yfinance,5.0
2026-09-13 23:14:22,2026-02-04,Oakland_CA,v1.4-Oakland-Ridge,DAILY_BATCH,,3.9423,4.0419,UP,4.0152,UP,0.0267,1.0,0.0,0.0,3.9423,0.0,3.684,4.3998,1.0,yfinance,5.0
2026-09-13 23:14:22,2026-02-05,Oakland_CA,v1.4-Oakland-Ridge,DAILY_BATCH,,3.97,4.0446,UP,3.9766,UP,0.068,1.0,0.0,0.0,3.97,0.0,3.6867,4.4025,1.0,yfinance,5.0
2026-09-13 23:14:22,2026-02-06,Oakland_CA,v1.4-Oakland-Ridge,DAILY_BATCH,,3.9728,4.045,UP,4.0032,UP,0.0418,1.0,0.0,0.0,3.9728,0.0,3.6871,4.4029,1.0,yfinance,5.0
2026-09-13 23:14:22,2026-02-09,Oakland_CA,v1.4-Oakland-Ridge,DAILY_BATCH,,3.9014,3.982,UP,4.0355,UP,0.0535,1.0,0.0,0.0,3.9014,0.0,3.6241,4.3399,1.0,yfinance,5.0
2026-09-13 23:14:22,2026-02-10,Oakland_CA,v1.4-Oakland-Ridge,DAILY_BATCH,,3.9479,4.0451,UP,4.0092,UP,0.0359,1.0,0.0,0.0,3.9479,0.0,3.6872,4.403,1.0,yfinance,5.0
2026-09-13 23:14:22,2026-02-11,Oakland_CA,v1.4-Oakland-Ridge,DAILY_BATCH,,4.0152,4.1111,UP,4.0289,UP,0.0822,1.0,0.0,0.0,4.0152,0.0,3.7532,4.469,1.0,yfinance,5.0
2026-09-13 23:14:22,2026-02-12,Oakland_CA,v1.4-Oakland-Ridge,DAILY_BATCH,,3.9766,4.0899,UP,3.9659,DOWN,0.124,0.0,0.0,0.0,3.9766,0.0,3.732,4.4478,1.0,yfinance,5.0
2026-09-13 23:14:22,2026-02-13,Oakland_CA,v1.4-Oakland-Ridge,DAILY_BATCH,,4.0032,4.1268,UP,3.961,DOWN,0.1658,0.0,0.0,0.0,4.0032,0.0,3.7689,4.4847,1.0,yfinance,5.0
2026-09-13 23:14:22,2026-02-16,Oakland_CA,v1.4-Oakland-Ridge,DAILY_BATCH,,4.0355,4.128,UP,,,,,0.0,0.0,4.0355,0.0,3.7701,4.4859,,yfinance,5.0
2026-09-13 23:14:22,2026-02-17,Oakland_CA,v1.4-Oakland-Ridge,DAILY_BATCH,,4.0092,4.1045,UP,3.9644,DOWN,0.1401,0.0,0.0,0.0,4.0092,0.0,3.7466,4.4624,1.0,yfinance,5.0
2026-09-13 23:14:22,2026-02-18,Oakland_CA,v1.4-Oakland-Ridge,DAILY_BATCH,,4.0289,4.123,UP,4.018,DOWN,0.105,0.0,0.0,0.0,4.0289,0.0,3.7651,4.4809,1.0,yfinance,5.0
2026-09-13 23:14:22,2026-02-19,Oakland_CA,v1.4-Oakland-Ridge,DAILY_BATCH,,3.9659,4.0578,UP,4.0566,UP,0.0012,1.0,0.0,0.0,3.9659,0.0,3.6999,4.4157,1.0,yfinance,5.0
2026-09-13 23:14:22,2026-02-20,Oakland_CA,v1.4-Oakland-Ridge,DAILY_BATCH,,3.961,4.0781,UP,4.0473,UP,0.0308,1.0,0.0,0.0,3.961,0.0,3.7202,4.436,1.0,yfinance,5.0
2026-09-13 23:14:22,2026-02-24,Oakland_CA,v1.4-Oakland-Ridge,DAILY_BATCH,,3.9644,4.0474,UP,4.0214,UP,0.026,1.0,0.0,0.0,3.9644,0.0,3.6895,4.4053,1.0,yfinance,5.0
2026-09-13 23:14:22,2026-02-25,Oakland_CA,v1.4-Oakland-Ridge,DAILY_BATCH,,4.018,4.1134,UP,4.0414,UP,0.072,1.0,0.0,0.0,4.018,0.0,3.7555,4.4713,1.0,yfinance,5.0
2026-09-13 23:14:22,2026-02-26,Oakland_CA,v1.4-Oakland-Ridge,DAILY_BATCH,,4.0566,4.1799,UP,4.0823,UP,0.0976,1.0,0.0,0.0,4.0566,0.0,3.822,4.5378,1.0,yfinance,5.0
2026-09-13 23:14:22,2026-02-27,Oakland_CA,v1.4-Oakland-Ridge,DAILY_BATCH,,4.0473,4.1573,UP,4.1279,UP,0.0294,1.0,0.0,0.0,4.0473,0.0,3.7994,4.5152,1.0,yfinance,5.0
2026-09-13 23:14:22,2026-03-02,Oakland_CA,v1.4-Oakland-Ridge,DAILY_BATCH,,4.0392,4.1437,UP,4.4206,UP,0.2769,1.0,0.0,0.0,4.0392,0.0,3.7858,4.5016,1.0,yfinance,5.0
2026-09-13 23:14:22,2026-03-03,Oakland_CA,v1.4-Oakland-Ridge,DAILY_BATCH,,4.0214,4.1301,UP,4.5074,UP,0.3773,1.0,0.0,0.0,4.0214,0.0,3.7722,4.488,0.0,yfinance,5.0
2026-09-13 23:14:22,2026-03-04,Oakland_CA,v1.4-Oakland-Ridge,DAILY_BATCH,,4.0414,4.1461,UP,4.5649,UP,0.4188,1.0,0.0,0.0,4.0414,0.0,3.7882,4.504,0.0,yfinance,5.0
2026-09-13 23:14:22,2026-03-05,Oakland_CA,v1.4-Oakland-Ridge,DAILY_BATCH,,4.0823,4.1948,UP,4.7209,UP,0.5261,1.0,0.0,0.0,4.0823,0.0,3.8369,4.5527,0.0,yfinance,5.0
2026-09-13 23:14:22,2026-03-06,Oakland_CA,v1.4-Oakland-Ridge,DAILY_BATCH,,4.1279,4.228,UP,4.7966,UP,0.5686,1.0,0.0,0.0,4.1279,0.0,3.8701,4.5859,0.0,yfinance,5.0
2026-09-13 23:14:22,2026-03-09,Oakland_CA,v1.4-Oakland-Ridge,DAILY_BATCH,,4.4206,4.3633,DOWN,4.8584,UP,0.4951,0.0,0.0,0.0,4.4206,0.0,4.0054,4.7212,0.0,yfinance,5.0
2026-09-13 23:14:22,2026-03-10,Oakland_CA,v1.4-Oakland-Ridge,DAILY_BATCH,,4.5074,4.3374,DOWN,4.6903,UP,0.3529,0.0,0.0,0.0,4.5074,0.0,3.9795,4.6953,1.0,yfinance,5.0
2026-09-13 23:14:22,2026-03-11,Oakland_CA,v1.4-Oakland-Ridge,DAILY_BATCH,,4.5649,4.4172,DOWN,4.8383,UP,0.4211,0.0,0.0,0.0,4.5649,0.0,4.0593,4.7751,0.0,yfinance,5.0
2026-09-13 23:14:22,2026-03-12,Oakland_CA,v1.4-Oakland-Ridge,DAILY_BATCH,,4.7209,4.5332,DOWN,5.0146,UP,0.4814,0.0,0.0,0.0,4.7209,0.0,4.1753,4.8911,0.0,yfinance,5.0
2026-09-13 23:14:22,2026-03-13,Oakland_CA,v1.4-Oakland-Ridge,DAILY_BATCH,,4.7966,4.5125,DOWN,5.0914,UP,0.5789,0.0,0.0,0.0,4.7966,0.0,4.1547,4.8704,0.0,yfinance,5.0
2026-09-13 23:14:22,2026-03-16,Oakland_CA,v1.4-Oakland-Ridge,DAILY_BATCH,,4.8584,4.5394,DOWN,5.0503,UP,0.5109,0.0,0.0,0.0,4.8584,0.0,4.1815,4.8973,0.0,yfinance,5.0
2026-09-13 23:14:22,2026-03-17,Oakland_CA,v1.4-Oakland-Ridge,DAILY_BATCH,,4.6903,4.582,DOWN,5.1734,UP,0.5914,0.0,0.0,0.0,4.6903,0.0,4.2241,4.9399,0.0,yfinance,5.0
2026-09-13 23:14:22,2026-03-18,Oakland_CA,v1.4-Oakland-Ridge,DAILY_BATCH,,4.8383,4.7352,DOWN,5.1485,UP,0.4133,0.0,0.0,0.0,4.8383,0.0,4.3773,5.0931,0.0,yfinance,5.0
2026-09-13 23:14:22,2026-03-19,Oakland_CA,v1.4-Oakland-Ridge,DAILY_BATCH,,5.0146,4.7742,DOWN,5.1771,UP,0.4029,0.0,0.0,0.0,5.0146,0.0,4.4163,5.132,0.0,yfinance,5.0
2026-09-13 23:14:22,2026-03-20,Oakland_CA,v1.4-Oakland-Ridge,DAILY_BATCH,,5.0914,4.8135,DOWN,5.3362,UP,0.5227,0.0,0.0,0.0,5.0914,0.0,4.4556,5.1714,0.0,yfinance,5.0
2026-09-13 23:14:22,2026-03-23,Oakland_CA,v1.4-Oakland-Ridge,DAILY_BATCH,,5.0503,4.9582,DOWN,5.0249,DOWN,0.0667,1.0,0.0,0.0,5.0503,0.0,4.6003,5.3161,1.0,yfinance,5.0
2026-09-13 23:14:22,2026-03-24,Oakland_CA,v1.4-Oakland-Ridge,DAILY_BATCH,,5.1734,5.0917,DOWN,5.198,UP,0.1063,0.0,0.0,0.0,5.1734,0.0,4.7338,5.4496,1.0,yfinance,5.0
2026-09-13 23:14:22,2026-03-25,Oakland_CA,v1.4-Oakland-Ridge,DAILY_BATCH,,5.1485,5.0687,DOWN,5.0624,DOWN,0.0063,1.0,0.0,0.0,5.1485,0.0,4.7108,5.4266,1.0,yfinance,5.0
2026-09-13 23:14:22,2026-03-26,Oakland_CA,v1.4-Oakland-Ridge,DAILY_BATCH,,5.1771,5.1253,DOWN,5.1802,UP,0.0549,0.0,0.0,0.0,5.1771,0.0,4.7674,5.4832,1.0,yfinance,5.0
2026-09-13 23:14:22,2026-03-27,Oakland_CA,v1.4-Oakland-Ridge,DAILY_BATCH,,5.3362,5.2424,DOWN,5.3001,DOWN,0.0577,1.0,0.0,0.0,5.3362,0.0,4.8845,5.6003,1.0,yfinance,5.0
2026-09-13 23:14:22,2026-03-30,Oakland_CA,v1.4-Oakland-Ridge,DAILY_BATCH,,5.0249,5.1208,UP,5.4015,UP,0.2807,1.0,0.0,0.0,5.0249,0.0,4.7629,5.4787,1.0,yfinance,5.0
2026-09-13 23:14:22,2026-03-31,Oakland_CA,v1.4-Oakland-Ridge,DAILY_BATCH,,5.198,5.1877,DOWN,5.3623,UP,0.1746,0.0,0.0,0.0,5.198,0.0,4.8298,5.5456,1.0,yfinance,5.0
2026-09-13 23:14:22,2026-04-01,Oakland_CA,v1.4-Oakland-Ridge,DAILY_BATCH,,5.0624,5.144,UP,5.1414,UP,0.0026,1.0,0.0,0.0,5.0624,0.0,4.7861,5.5019,1.0,yfinance,5.0
2026-09-13 23:14:22,2026-04-02,Oakland_CA,v1.4-Oakland-Ridge,DAILY_BATCH,,5.1802,5.3058,UP,5.338,UP,0.0322,1.0,0.0,0.0,5.1802,0.0,4.9479,5.6637,1.0,yfinance,5.0
2026-09-13 23:14:22,2026-04-03,Oakland_CA,v1.4-Oakland-Ridge,DAILY_BATCH,,5.3001,5.3532,UP,,,,,0.0,0.0,5.3001,0.0,4.9953,5.7111,,yfinance,5.0
2026-09-13 23:14:22,2026-04-06,Oakland_CA,v1.4-Oakland-Ridge,DAILY_BATCH,,5.4015,5.3513,DOWN,5.3582,DOWN,0.0069,1.0,0.0,0.0,5.4015,0.0,4.9934,5.7092,1.0,yfinance,5.0
2026-09-13 23:14:22,2026-04-07,Oakland_CA,v1.4-Oakland-Ridge,DAILY_BATCH,,5.3623,5.3467,DOWN,5.3552,DOWN,0.0085,1.0,0.0,0.0,5.3623,0.0,4.9888,5.7046,1.0,yfinance,5.0
2026-09-13 23:14:22,2026-04-08,Oakland_CA,v1.4-Oakland-Ridge,DAILY_BATCH,,5.1414,5.209,UP,5.0559,DOWN,0.1531,0.0,0.0,0.0,5.1414,0.0,4.8511,5.5669,1.0,yfinance,5.0
2026-09-13 23:14:22,2026-04-09,Oakland_CA,v1.4-Oakland-Ridge,DAILY_BATCH,,5.338,5.3389,UP,5.0507,DOWN,0.2882,0.0,0.0,0.0,5.338,0.0,4.981,5.6968,1.0,yfinance,5.0
2026-09-13 23:14:22,2026-04-13,Oakland_CA,v1.4-Oakland-Ridge,DAILY_BATCH,,5.3582,5.4341,UP,5.166,DOWN,0.2681,0.0,0.0,0.0,5.3582,0.0,5.0762,5.792,1.0,yfinance,5.0
2026-09-13 23:14:22,2026-04-14,Oakland_CA,v1.4-Oakland-Ridge,DAILY_BATCH,,5.3552,5.4082,UP,5.0895,DOWN,0.3187,0.0,0.0,0.0,5.3552,0.0,5.0503,5.7661,1.0,yfinance,5.0
2026-09-13 23:14:22,2026-04-15,Oakland_CA,v1.4-Oakland-Ridge,DAILY_BATCH,,5.0559,5.2202,UP,5.1192,UP,0.101,1.0,0.0,0.0,5.0559,0.0,4.8623,5.578,1.0,yfinance,5.0
2026-09-13 23:14:22,2026-04-16,Oakland_CA,v1.4-Oakland-Ridge,DAILY_BATCH,,5.0507,5.159,UP,5.2137,UP,0.0547,1.0,0.0,0.0,5.0507,0.0,4.8011,5.5169,1.0,yfinance,5.0
2026-09-13 23:14:22,2026-04-17,Oakland_CA,v1.4-Oakland-Ridge,DAILY_BATCH,,5.0873,5.2223,UP,5.0548,DOWN,0.1675,0.0,0.0,0.0,5.0873,0.0,4.8644,5.5802,1.0,yfinance,5.0
2026-09-13 23:14:22,2026-04-20,Oakland_CA,v1.4-Oakland-Ridge,DAILY_BATCH,,5.166,5.2853,UP,5.1668,UP,0.1185,1.0,0.0,0.0,5.166,0.0,4.9274,5.6432,1.0,yfinance,5.0
2026-09-13 23:14:22,2026-04-21,Oakland_CA,v1.4-Oakland-Ridge,DAILY_BATCH,,5.0895,5.2345,UP,5.2598,UP,0.0253,1.0,0.0,0.0,5.0895,0.0,4.8766,5.5924,1.0,yfinance,5.0
2026-09-13 23:14:22,2026-04-22,Oakland_CA,v1.4-Oakland-Ridge,DAILY_BATCH,,5.1192,5.2078,UP,5.4079,UP,0.2001,1.0,0.0,0.0,5.1192,0.0,4.8499,5.5657,1.0,yfinance,5.0
2026-09-13 23:14:22,2026-04-23,Oakland_CA,v1.4-Oakland-Ridge,DAILY_BATCH,,5.2137,5.2155,UP,5.5121,UP,0.2966,1.0,0.0,0.0,5.2137,0.0,4.8576,5.5734,1.0,yfinance,5.0
2026-09-13 23:14:22,2026-04-24,Oakland_CA,v1.4-Oakland-Ridge,DAILY_BATCH,,5.0548,5.1621,UP,5.5126,UP,0.3505,1.0,0.0,0.0,5.0548,0.0,4.8042,5.52,1.0,yfinance,5.0
2026-09-13 23:14:22,2026-04-27,Oakland_CA,v1.4-Oakland-Ridge,DAILY_BATCH,,5.1668,5.2529,UP,5.541,UP,0.2881,1.0,0.0,0.0,5.1668,0.0,4.895,5.6108,1.0,yfinance,5.0
2026-09-13 23:14:22,2026-04-28,Oakland_CA,v1.4-Oakland-Ridge,DAILY_BATCH,,5.2598,5.2961,UP,5.6104,UP,0.3143,1.0,0.0,0.0,5.2598,0.0,4.9382,5.654,1.0,yfinance,5.0
2026-09-13 23:14:22,2026-04-29,Oakland_CA,v1.4-Oakland-Ridge,DAILY_BATCH,,5.4079,5.3593,DOWN,5.7911,UP,0.4318,0.0,0.0,0.0,5.4079,0.0,5.0014,5.7172,0.0,yfinance,5.0
2026-09-13 23:14:22,2026-04-30,Oakland_CA,v1.4-Oakland-Ridge,DAILY_BATCH,,5.5121,5.3942,DOWN,5.8215,UP,0.4273,0.0,0.0,0.0,5.5121,0.0,5.0363,5.7521,0.0,yfinance,5.0
2026-09-13 23:14:22,2026-05-01,Oakland_CA,v1.4-Oakland-Ridge,DAILY_BATCH,,5.5126,5.4126,DOWN,5.6452,UP,0.2326,0.0,0.0,0.0,5.5126,0.0,5.0548,5.7705,1.0,yfinance,5.0
2026-09-13 23:14:22,2026-05-04,Oakland_CA,v1.4-Oakland-Ridge,DAILY_BATCH,,5.541,5.4642,DOWN,5.7882,UP,0.324,0.0,0.0,0.0,5.541,0.0,5.1063,5.8221,1.0,yfinance,5.0
2026-09-13 23:14:22,2026-05-05,Oakland_CA,v1.4-Oakland-Ridge,DAILY_BATCH,,5.6104,5.4501,DOWN,5.6706,UP,0.2205,0.0,0.0,0.0,5.6104,0.0,5.0922,5.808,1.0,yfinance,5.0
2026-09-13 23:14:22,2026-05-06,Oakland_CA,v1.4-Oakland-Ridge,DAILY_BATCH,,5.7911,5.5746,DOWN,5.5093,DOWN,0.0653,1.0,0.0,0.0,5.7911,0.0,5.2168,5.9325,1.0,yfinance,5.0
2026-09-13 23:14:22,2026-05-07,Oakland_CA,v1.4-Oakland-Ridge,DAILY_BATCH,,5.8215,5.6504,DOWN,5.506,DOWN,0.1444,1.0,0.0,0.0,5.8215,0.0,5.2925,6.0083,1.0,yfinance,5.0
2026-09-13 23:14:22,2026-05-08,Oakland_CA,v1.4-Oakland-Ridge,DAILY_BATCH,,5.6452,5.5638,DOWN,5.5767,DOWN,0.0129,1.0,0.0,0.0,5.6452,0.0,5.2059,5.9217,1.0,yfinance,5.0
2026-09-13 23:14:22,2026-05-11,Oakland_CA,v1.4-Oakland-Ridge,DAILY_BATCH,,5.7882,5.6592,DOWN,5.6498,DOWN,0.0094,1.0,0.0,0.0,5.7882,0.0,5.3013,6.0171,1.0,yfinance,5.0
2026-09-13 23:14:22,2026-05-12,Oakland_CA,v1.4-Oakland-Ridge,DAILY_BATCH,,5.6706,5.6337,DOWN,5.7477,UP,0.114,0.0,0.0,0.0,5.6706,0.0,5.2758,5.9916,1.0,yfinance,5.0
2026-09-13 23:14:22,2026-05-13,Oakland_CA,v1.4-Oakland-Ridge,DAILY_BATCH,,5.5093,5.6081,UP,5.6687,UP,0.0606,1.0,0.0,0.0,5.5093,0.0,5.2502,5.966,1.0,yfinance,5.0
2026-09-13 23:14:22,2026-05-14,Oakland_CA,v1.4-Oakland-Ridge,DAILY_BATCH,,5.506,5.5996,UP,5.6557,UP,0.0561,1.0,0.0,0.0,5.506,0.0,5.2417,5.9575,1.0,yfinance,5.0
2026-09-13 23:14:22,2026-05-15,Oakland_CA,v1.4-Oakland-Ridge,DAILY_BATCH,,5.5767,5.6674,UP,5.7519,UP,0.0845,1.0,0.0,0.0,5.5767,0.0,5.3095,6.0253,1.0,yfinance,5.0
2026-09-13 23:14:22,2026-05-18,Oakland_CA,v1.4-Oakland-Ridge,DAILY_BATCH,,5.6498,5.6902,UP,5.8107,UP,0.1205,1.0,0.0,0.0,5.6498,0.0,5.3323,6.048,1.0,yfinance,5.0
2026-09-13 23:14:22,2026-05-19,Oakland_CA,v1.4-Oakland-Ridge,DAILY_BATCH,,5.7477,5.7228,DOWN,5.7462,DOWN,0.0234,1.0,0.0,0.0,5.7477,0.0,5.3649,6.0807,1.0,yfinance,5.0
2026-09-13 23:14:22,2026-05-20,Oakland_CA,v1.4-Oakland-Ridge,DAILY_BATCH,,5.6687,5.6877,UP,5.5374,DOWN,0.1503,0.0,0.0,0.0,5.6687,0.0,5.3298,6.0456,1.0,yfinance,5.0
2026-09-13 23:14:22,2026-05-21,Oakland_CA,v1.4-Oakland-Ridge,DAILY_BATCH,,5.6557,5.6999,UP,5.4296,DOWN,0.2703,0.0,0.0,0.0,5.6557,0.0,5.342,6.0578,1.0,yfinance,5.0
2026-09-13 23:14:22,2026-05-22,Oakland_CA,v1.4-Oakland-Ridge,DAILY_BATCH,,5.7519,5.7272,DOWN,5.5039,DOWN,0.2233,1.0,0.0,0.0,5.7519,0.0,5.3693,6.0851,1.0,yfinance,5.0
2026-09-13 23:14:22,2026-05-25,Oakland_CA,v1.4-Oakland-Ridge,DAILY_BATCH,,5.8107,5.7701,DOWN,,,,,0.0,0.0,5.8107,0.0,5.4122,6.128,,yfinance,5.0
2026-09-13 23:14:22,2026-05-26,Oakland_CA,v1.4-Oakland-Ridge,DAILY_BATCH,,5.7462,5.7431,DOWN,5.2705,DOWN,0.4726,1.0,0.0,0.0,5.7462,0.0,5.3852,6.101,0.0,yfinance,5.0
2026-09-13 23:14:22,2026-05-27,Oakland_CA,v1.4-Oakland-Ridge,DAILY_BATCH,,5.5374,5.5579,UP,5.1837,DOWN,0.3742,0.0,0.0,0.0,5.5374,0.0,5.2,5.9158,0.0,yfinance,5.0
2026-09-13 23:14:22,2026-05-28,Oakland_CA,v1.4-Oakland-Ridge,DAILY_BATCH,,5.4296,5.442,UP,5.2352,DOWN,0.2068,0.0,0.0,0.0,5.4296,0.0,5.0841,5.7999,1.0,yfinance,5.0
2026-09-13 23:14:22,2026-05-29,Oakland_CA,v1.4-Oakland-Ridge,DAILY_BATCH,,5.5039,5.5371,UP,5.1767,DOWN,0.3604,0.0,0.0,0.0,5.5039,0.0,5.1792,5.895,0.0,yfinance,5.0
2026-09-13 23:14:22,2026-06-02,Oakland_CA,v1.4-Oakland-Ridge,DAILY_BATCH,,5.2705,5.3812,UP,5.1943,DOWN,0.1869,0.0,0.0,0.0,5.2705,0.0,5.0233,5.7391,1.0,yfinance,5.0
2026-09-13 23:14:22,2026-06-03,Oakland_CA,v1.4-Oakland-Ridge,DAILY_BATCH,,5.1837,5.3321,UP,5.1816,DOWN,0.1505,0.0,0.0,0.0,5.1837,0.0,4.9742,5.69,1.0,yfinance,5.0
2026-09-13 23:14:22,2026-06-04,Oakland_CA,v1.4-Oakland-Ridge,DAILY_BATCH,,5.2352,5.3207,UP,5.0883,DOWN,0.2324,0.0,0.0,0.0,5.2352,0.0,4.9628,5.6786,1.0,yfinance,5.0
2026-09-13 23:14:22,2026-06-05,Oakland_CA,v1.4-Oakland-Ridge,DAILY_BATCH,,5.1767,5.3005,UP,5.0959,DOWN,0.2046,0.0,0.0,0.0,5.1767,0.0,4.9426,5.6584,1.0,yfinance,5.0
2026-09-13 23:14:22,2026-06-08,Oakland_CA,v1.4-Oakland-Ridge,DAILY_BATCH,,5.1347,5.2484,UP,5.1206,DOWN,0.1278,0.0,0.0,0.0,5.1347,0.0,4.8905,5.6063,1.0,yfinance,5.0
2026-09-13 23:14:22,2026-06-09,Oakland_CA,v1.4-Oakland-Ridge,DAILY_BATCH,,5.1943,5.2727,UP,5.0711,DOWN,0.2016,0.0,0.0,0.0,5.1943,0.0,4.9148,5.6306,1.0,yfinance,5.0
2026-09-13 23:14:22,2026-06-10,Oakland_CA,v1.4-Oakland-Ridge,DAILY_BATCH,,5.1816,5.2234,UP,5.1599,DOWN,0.0635,0.0,0.0,0.0,5.1816,0.0,4.8655,5.5813,1.0,yfinance,5.0
2026-09-13 23:14:22,2026-06-11,Oakland_CA,v1.4-Oakland-Ridge,DAILY_BATCH,,5.0883,5.1441,UP,5.1514,UP,0.0073,1.0,0.0,0.0,5.0883,0.0,4.7862,5.502,1.0,yfinance,5.0
2026-09-13 23:14:22,2026-06-12,Oakland_CA,v1.4-Oakland-Ridge,DAILY_BATCH,,5.0959,5.1315,UP,5.0998,UP,0.0317,1.0,0.0,0.0,5.0959,0.0,4.7736,5.4894,1.0,yfinance,5.0
2026-09-13 23:14:22,2026-06-15,Oakland_CA,v1.4-Oakland-Ridge,DAILY_BATCH,,5.1206,5.1605,UP,4.9972,DOWN,0.1633,0.0,0.0,0.0,5.1206,0.0,4.8026,5.5184,1.0,yfinance,5.0
2026-09-13 23:14:22,2026-06-16,Oakland_CA,v1.4-Oakland-Ridge,DAILY_BATCH,,5.0711,5.1038,UP,4.9305,DOWN,0.1733,0.0,0.0,0.0,5.0711,0.0,4.7459,5.4617,1.0,yfinance,5.0
2026-09-13 23:14:22,2026-06-17,Oakland_CA,v1.4-Oakland-Ridge,DAILY_BATCH,,5.1599,5.1534,DOWN,4.9596,DOWN,0.1938,1.0,0.0,0.0,5.1599,0.0,4.7955,5.5113,1.0,yfinance,5.0
2026-09-13 23:14:22,2026-06-18,Oakland_CA,v1.4-Oakland-Ridge,DAILY_BATCH,,5.1514,5.1471,DOWN,5.0449,DOWN,0.1022,1.0,0.0,0.0,5.1514,0.0,4.7892,5.505,1.0,yfinance,5.0
2026-09-13 23:14:22,2026-06-19,Oakland_CA,v1.4-Oakland-Ridge,DAILY_BATCH,,5.0998,5.0977,DOWN,,,,,0.0,0.0,5.0998,0.0,4.7399,5.4556,,yfinance,5.0
2026-09-13 23:14:22,2026-06-22,Oakland_CA,v1.4-Oakland-Ridge,DAILY_BATCH,,4.9972,4.9869,DOWN,5.037,UP,0.0501,0.0,0.0,0.0,4.9972,0.0,4.629,5.3448,1.0,yfinance,5.0
2026-09-13 23:14:22,2026-06-23,Oakland_CA,v1.4-Oakland-Ridge,DAILY_BATCH,,4.9305,4.9668,UP,5.009,UP,0.0422,1.0,0.0,0.0,4.9305,0.0,4.6089,5.3247,1.0,yfinance,5.0
2026-09-13 23:14:22,2026-06-24,Oakland_CA,v1.4-Oakland-Ridge,DAILY_BATCH,,4.9596,4.9937,UP,4.9318,DOWN,0.0619,0.0,0.0,0.0,4.9596,0.0,4.6358,5.3516,1.0,yfinance,5.0
2026-09-13 23:14:22,2026-06-25,Oakland_CA,v1.4-Oakland-Ridge,DAILY_BATCH,,5.0449,5.08,UP,5.0773,UP,0.0027,1.0,0.0,0.0,5.0449,0.0,4.7221,5.4379,1.0,yfinance,5.0
2026-09-13 23:14:22,2026-06-29,Oakland_CA,v1.4-Oakland-Ridge,DAILY_BATCH,,5.037,5.0624,UP,5.1114,UP,0.049,1.0,0.0,0.0,5.037,0.0,4.7045,5.4203,1.0,yfinance,5.0
2026-09-13 23:14:22,2026-06-30,Oakland_CA,v1.4-Oakland-Ridge,DAILY_BATCH,,5.009,5.0165,UP,5.0644,UP,0.0479,1.0,0.0,0.0,5.009,0.0,4.6586,5.3744,1.0,yfinance,5.0
2026-09-13 23:14:22,2026-07-01,Oakland_CA,v1.4-Oakland-Ridge,DAILY_BATCH,,4.9318,4.9336,UP,4.9952,UP,0.0616,1.0,0.0,0.0,4.9318,0.0,4.5757,5.2915,1.0,yfinance,5.0
2026-09-13 23:14:22,2026-07-02,Oakland_CA,v1.4-Oakland-Ridge,DAILY_BATCH,,5.0773,5.0877,UP,4.9673,DOWN,0.1204,0.0,0.0,0.0,5.0773,0.0,4.7298,5.4456,1.0,yfinance,5.0
2026-09-13 23:14:22,2026-07-03,Oakland_CA,v1.4-Oakland-Ridge,DAILY_BATCH,,5.0071,5.0369,UP,,,,,0.0,0.0,5.0071,0.0,4.679,5.3948,,yfinance,5.0
2026-09-13 23:14:22,2026-07-06,Oakland_CA,v1.4-Oakland-Ridge,DAILY_BATCH,,5.1114,5.1322,UP,5.0533,DOWN,0.0789,0.0,0.0,0.0,5.1114,0.0,4.7743,5.4901,1.0,yfinance,5.0
2026-09-13 23:14:22,2026-07-07,Oakland_CA,v1.4-Oakland-Ridge,DAILY_BATCH,,5.0644,5.0552,DOWN,5.0039,DOWN,0.0513,1.0,0.0,0.0,5.0644,0.0,4.6973,5.4131,1.0,yfinance,5.0
2026-09-13 23:14:22,2026-07-08,Oakland_CA,v1.4-Oakland-Ridge,DAILY_BATCH,,4.9952,4.9584,DOWN,5.1534,UP,0.195,0.0,0.0,0.0,4.9952,0.0,4.6005,5.3163,1.0,yfinance,5.0
2026-09-13 23:14:22,2026-07-09,Oakland_CA,v1.4-Oakland-Ridge,DAILY_BATCH,,4.9673,4.9544,DOWN,5.0887,UP,0.1343,0.0,0.0,0.0,4.9673,0.0,4.5965,5.3123,1.0,yfinance,5.0
2026-09-13 23:14:22,2026-07-13,Oakland_CA,v1.4-Oakland-Ridge,DAILY_BATCH,,5.0533,5.0772,UP,5.2163,UP,0.1391,1.0,0.0,0.0,5.0533,0.0,4.7193,5.4351,1.0,yfinance,5.0
2026-09-13 23:14:22,2026-07-14,Oakland_CA,v1.4-Oakland-Ridge,DAILY_BATCH,,5.0039,5.0304,UP,5.2773,UP,0.2469,1.0,0.0,0.0,5.0039,0.0,4.6725,5.3883,1.0,yfinance,5.0
2026-09-13 23:14:22,2026-07-15,Oakland_CA,v1.4-Oakland-Ridge,DAILY_BATCH,,5.1534,5.1559,UP,5.3509,UP,0.195,1.0,0.0,0.0,5.1534,0.0,4.798,5.5138,1.0,yfinance,5.0
2026-09-13 23:14:22,2026-07-16,Oakland_CA,v1.4-Oakland-Ridge,DAILY_BATCH,,5.0887,5.0801,DOWN,5.3347,UP,0.2546,0.0,0.0,0.0,5.0887,0.0,4.7222,5.438,1.0,yfinance,5.0
2026-09-13 23:14:22,2026-07-17,Oakland_CA,v1.4-Oakland-Ridge,DAILY_BATCH,,5.0346,5.0574,UP,5.4427,UP,0.3853,1.0,0.0,0.0,5.0346,0.0,4.6995,5.4153,0.0,yfinance,5.0
2026-09-13 23:14:22,2026-07-20,Oakland_CA,v1.4-Oakland-Ridge,DAILY_BATCH,,5.2163,5.2131,DOWN,5.439,UP,0.2259,0.0,0.0,0.0,5.2163,0.0,4.8552,5.571,1.0,yfinance,5.0
2026-09-13 23:14:22,2026-07-21,Oakland_CA,v1.4-Oakland-Ridge,DAILY_BATCH,,5.2773,5.2652,DOWN,5.4559,UP,0.1907,0.0,0.0,0.0,5.2773,0.0,4.9073,5.6231,1.0,yfinance,5.0
2026-09-13 23:14:22,2026-07-22,Oakland_CA,v1.4-Oakland-Ridge,DAILY_BATCH,,5.3509,5.2791,DOWN,5.4647,UP,0.1856,0.0,0.0,0.0,5.3509,0.0,4.9212,5.637,1.0,yfinance,5.0
2026-09-13 23:14:22,2026-07-23,Oakland_CA,v1.4-Oakland-Ridge,DAILY_BATCH,,5.3347,5.2692,DOWN,5.5464,UP,0.2772,0.0,0.0,0.0,5.3347,0.0,4.9113,5.6271,1.0,yfinance,5.0
2026-09-13 23:14:22,2026-07-24,Oakland_CA,v1.4-Oakland-Ridge,DAILY_BATCH,,5.4427,5.3303,DOWN,5.4459,UP,0.1156,0.0,0.0,0.0,5.4427,0.0,4.9725,5.6882,1.0,yfinance,5.0
2026-09-13 23:14:22,2026-07-27,Oakland_CA,v1.4-Oakland-Ridge,DAILY_BATCH,,5.439,5.3485,DOWN,5.3773,DOWN,0.0288,1.0,0.0,0.0,5.439,0.0,4.9906,5.7064,1.0,yfinance,5.0
2026-09-13 23:14:22,2026-07-28,Oakland_CA,v1.4-Oakland-Ridge,DAILY_BATCH,,5.4559,5.3528,DOWN,5.3845,DOWN,0.0317,1.0,0.0,0.0,5.4559,0.0,4.9949,5.7107,1.0,yfinance,5.0
2026-09-13 23:14:22,2026-07-29,Oakland_CA,v1.4-Oakland-Ridge,DAILY_BATCH,,5.4647,5.4037,DOWN,5.4478,DOWN,0.0441,1.0,0.0,0.0,5.4647,0.0,5.0458,5.7616,1.0,yfinance,5.0
2026-09-13 23:14:22,2026-07-30,Oakland_CA,v1.4-Oakland-Ridge,DAILY_BATCH,,5.5464,5.4297,DOWN,5.3347,DOWN,0.095,1.0,0.0,0.0,5.5464,0.0,5.0718,5.7876,1.0,yfinance,5.0
2026-09-13 23:14:22,2026-07-31,Oakland_CA,v1.4-Oakland-Ridge,DAILY_BATCH,,5.4459,5.3698,DOWN,5.2716,DOWN,0.0982,1.0,0.0,0.0,5.4459,0.0,5.0119,5.7277,1.0,yfinance,5.0
2026-09-13 23:14:22,2026-08-03,Oakland_CA,v1.4-Oakland-Ridge,DAILY_BATCH,,5.3773,5.3659,DOWN,5.0167,DOWN,0.3492,1.0,0.0,0.0,5.3773,0.0,5.008,5.7238,1.0,yfinance,5.0
2026-09-13 23:14:22,2026-08-04,Oakland_CA,v1.4-Oakland-Ridge,DAILY_BATCH,,5.3845,5.3906,UP,4.9022,DOWN,0.4884,0.0,0.0,0.0,5.3845,0.0,5.0327,5.7485,0.0,yfinance,5.0
2026-09-13 23:14:22,2026-08-05,Oakland_CA,v1.4-Oakland-Ridge,DAILY_BATCH,,5.4478,5.4469,DOWN,4.8888,DOWN,0.5581,1.0,0.0,0.0,5.4478,0.0,5.089,5.8048,0.0,yfinance,5.0
2026-09-13 23:14:22,2026-08-06,Oakland_CA,v1.4-Oakland-Ridge,DAILY_BATCH,,5.3347,5.3627,UP,4.9885,DOWN,0.3742,0.0,0.0,0.0,5.3347,0.0,5.0048,5.7206,0.0,yfinance,5.0
2026-09-13 23:14:22,2026-08-07,Oakland_CA,v1.4-Oakland-Ridge,DAILY_BATCH,,5.2716,5.2895,UP,5.0353,DOWN,0.2542,0.0,0.0,0.0,5.2716,0.0,4.9316,5.6474,1.0,yfinance,5.0
2026-09-13 23:14:22,2026-08-10,Oakland_CA,v1.4-Oakland-Ridge,DAILY_BATCH,,5.0167,5.0704,UP,5.1854,UP,0.115,1.0,0.0,0.0,5.0167,0.0,4.7125,5.4283,1.0,yfinance,5.0
2026-09-13 23:14:22,2026-08-11,Oakland_CA,v1.4-Oakland-Ridge,DAILY_BATCH,,4.9022,4.9847,UP,5.1866,UP,0.2019,1.0,0.0,0.0,4.9022,0.0,4.6269,5.3426,1.0,yfinance,5.0
2026-09-13 23:14:22,2026-08-12,Oakland_CA,v1.4-Oakland-Ridge,DAILY_BATCH,,4.8888,5.0052,UP,5.2037,UP,0.1985,1.0,0.0,0.0,4.8888,0.0,4.6473,5.3631,1.0,yfinance,5.0
2026-09-13 23:14:22,2026-08-13,Oakland_CA,v1.4-Oakland-Ridge,DAILY_BATCH,,4.9885,5.1166,UP,5.178,UP,0.0614,1.0,0.0,0.0,4.9885,0.0,4.7587,5.4745,1.0,yfinance,5.0
2026-09-13 23:14:22,2026-08-14,Oakland_CA,v1.4-Oakland-Ridge,DAILY_BATCH,,5.0353,5.075,UP,5.2341,UP,0.1591,1.0,0.0,0.0,5.0353,0.0,4.7171,5.4329,1.0,yfinance,5.0
2026-09-13 23:14:22,2026-08-17,Oakland_CA,v1.4-Oakland-Ridge,DAILY_BATCH,,5.1854,5.1153,DOWN,5.3201,UP,0.2048,0.0,0.0,0.0,5.1854,0.0,4.7574,5.4732,1.0,yfinance,5.0
2026-09-13 23:14:22,2026-08-18,Oakland_CA,v1.4-Oakland-Ridge,DAILY_BATCH,,5.1866,5.1096,DOWN,5.3517,UP,0.2421,0.0,0.0,0.0,5.1866,0.0,4.7517,5.4675,1.0,yfinance,5.0
2026-09-13 23:14:22,2026-08-19,Oakland_CA,v1.4-Oakland-Ridge,DAILY_BATCH,,5.2037,5.1645,DOWN,5.3051,UP,0.1406,0.0,0.0,0.0,5.2037,0.0,4.8066,5.5224,1.0,yfinance,5.0
2026-09-13 23:14:22,2026-08-20,Oakland_CA,v1.4-Oakland-Ridge,DAILY_BATCH,,5.178,5.1331,DOWN,5.3129,UP,0.1798,0.0,0.0,0.0,5.178,0.0,4.7752,5.491,1.0,yfinance,5.0
2026-09-13 23:14:22,2026-08-21,Oakland_CA,v1.4-Oakland-Ridge,DAILY_BATCH,,5.2341,5.1706,DOWN,5.3979,UP,0.2273,0.0,0.0,0.0,5.2341,0.0,4.8127,5.5285,1.0,yfinance,5.0
2026-09-13 23:14:22,2026-08-24,Oakland_CA,v1.4-Oakland-Ridge,DAILY_BATCH,,5.3201,5.1917,DOWN,5.3208,UP,0.1291,0.0,0.0,0.0,5.3201,0.0,4.8338,5.5496,1.0,yfinance,5.0
2026-09-13 23:14:22,2026-08-25,Oakland_CA,v1.4-Oakland-Ridge,DAILY_BATCH,,5.3517,5.2304,DOWN,5.3029,DOWN,0.0725,1.0,0.0,0.0,5.3517,0.0,4.8725,5.5883,1.0,yfinance,5.0
2026-09-13 23:14:22,2026-08-26,Oakland_CA,v1.4-Oakland-Ridge,DAILY_BATCH,,5.3051,5.1852,DOWN,5.3701,UP,0.1849,0.0,0.0,0.0,5.3051,0.0,4.8273,5.5431,1.0,yfinance,5.0
2026-09-13 23:14:22,2026-08-27,Oakland_CA,v1.4-Oakland-Ridge,DAILY_BATCH,,5.3129,5.2,DOWN,5.4342,UP,0.2342,0.0,0.0,0.0,5.3129,0.0,4.8421,5.5579,1.0,yfinance,5.0
2026-09-13 23:14:22,2026-08-28,Oakland_CA,v1.4-Oakland-Ridge,DAILY_BATCH,,5.3979,5.252,DOWN,5.5399,UP,0.2879,0.0,0.0,0.0,5.3979,0.0,4.8941,5.6099,1.0,yfinance,5.0
2026-09-13 23:14:22,2026-08-31,Oakland_CA,v1.4-Oakland-Ridge,DAILY_BATCH,,5.3208,5.2507,DOWN,5.487,UP,0.2363,0.0,0.0,0.0,5.3208,0.0,4.8928,5.6086,1.0,yfinance,5.0
2026-09-13 23:14:22,2026-09-01,Oakland_CA,v1.4-Oakland-Ridge,DAILY_BATCH,,5.3029,5.2759,DOWN,5.1851,DOWN,0.0908,1.0,0.0,0.0,5.3029,0.0,4.918,5.6338,1.0,yfinance,5.0
2026-09-13 23:14:22,2026-09-02,Oakland_CA,v1.4-Oakland-Ridge,DAILY_BATCH,,5.3701,5.3295,DOWN,5.1538,DOWN,0.1757,1.0,0.0,0.0,5.3701,0.0,4.9716,5.6874,1.0,yfinance,5.0
2026-09-13 23:14:22,2026-09-03,Oakland_CA,v1.4-Oakland-Ridge,DAILY_BATCH,,5.4342,5.3875,DOWN,5.1849,DOWN,0.2026,1.0,0.0,0.0,5.4342,0.0,5.0296,5.7454,1.0,yfinance,5.0
2026-09-13 23:14:22,2026-09-04,Oakland_CA,v1.4-Oakland-Ridge,DAILY_BATCH,,5.5399,5.4395,DOWN,5.2646,DOWN,0.1749,1.0,0.0,0.0,5.5399,0.0,5.0816,5.7974,1.0,yfinance,5.0
2026-09-13 23:14:22,2026-09-07,Oakland_CA,v1.4-Oakland-Ridge,DAILY_BATCH,,5.487,5.4182,DOWN,,,,,0.0,0.0,5.487,0.0,5.0603,5.7761,,yfinance,5.0
2026-09-13 23:14:22,2026-09-08,Oakland_CA,v1.4-Oakland-Ridge,DAILY_BATCH,,5.1851,5.155,DOWN,5.3025,UP,0.1475,0.0,0.0,0.0,5.1851,0.0,4.7971,5.5129,1.0,yfinance,5.0
2026-09-13 23:14:22,2026-09-09,Oakland_CA,v1.4-Oakland-Ridge,DAILY_BATCH,,5.1538,5.1094,DOWN,5.2606,UP,0.1512,0.0,0.0,0.0,5.1538,0.0,4.7515,5.4673,1.0,yfinance,5.0
2026-09-13 23:14:22,2026-09-10,Oakland_CA,v1.4-Oakland-Ridge,DAILY_BATCH,,5.1849,5.1587,DOWN,5.4432,UP,0.2845,0.0,0.0,0.0,5.1849,0.0,4.8008,5.5166,1.0,yfinance,5.0
2026-09-13 23:14:48,2025-10-03,BayArea_CA,v1.4-BayArea-Ridge,DAILY_BATCH,,4.1876,4.139,DOWN,4.0105,DOWN,0.1285,1.0,0.0,0.0,4.1876,0.0,3.7785,4.4994,1.0,yfinance,5.0
2026-09-13 23:14:48,2025-10-06,BayArea_CA,v1.4-BayArea-Ridge,DAILY_BATCH,,4.1451,4.1239,DOWN,4.0516,DOWN,0.0723,1.0,0.0,0.0,4.1451,0.0,3.7635,4.4844,1.0,yfinance,5.0
2026-09-13 23:14:48,2025-10-07,BayArea_CA,v1.4-BayArea-Ridge,DAILY_BATCH,,4.1229,4.1064,DOWN,4.0439,DOWN,0.0625,1.0,0.0,0.0,4.1229,0.0,3.746,4.4669,1.0,yfinance,5.0
2026-09-13 23:14:48,2025-10-08,BayArea_CA,v1.4-BayArea-Ridge,DAILY_BATCH,,4.0359,3.9453,DOWN,4.0595,UP,0.1142,0.0,0.0,0.0,4.0359,0.0,3.5849,4.3057,1.0,yfinance,5.0
2026-09-13 23:14:48,2025-10-09,BayArea_CA,v1.4-BayArea-Ridge,DAILY_BATCH,,4.001,3.9679,DOWN,4.0326,UP,0.0647,0.0,0.0,0.0,4.001,0.0,3.6074,4.3283,1.0,yfinance,5.0
2026-09-13 23:14:48,2025-10-10,BayArea_CA,v1.4-BayArea-Ridge,DAILY_BATCH,,4.0105,4.0086,DOWN,3.9704,DOWN,0.0382,1.0,0.0,0.0,4.0105,0.0,3.6481,4.369,1.0,yfinance,5.0
2026-09-13 23:14:48,2025-10-13,BayArea_CA,v1.4-BayArea-Ridge,DAILY_BATCH,,4.0516,4.0597,UP,3.9938,DOWN,0.0659,0.0,0.0,0.0,4.0516,0.0,3.6993,4.4202,1.0,yfinance,5.0
2026-09-13 23:14:48,2025-10-14,BayArea_CA,v1.4-BayArea-Ridge,DAILY_BATCH,,4.0439,4.0421,DOWN,3.9786,DOWN,0.0635,1.0,0.0,0.0,4.0439,0.0,3.6817,4.4026,1.0,yfinance,5.0
2026-09-13 23:14:48,2025-10-15,BayArea_CA,v1.4-BayArea-Ridge,DAILY_BATCH,,4.0595,4.0586,DOWN,3.9844,DOWN,0.0742,1.0,0.0,0.0,4.0595,0.0,3.6982,4.419,1.0,yfinance,5.0
2026-09-13 23:14:48,2025-10-16,BayArea_CA,v1.4-BayArea-Ridge,DAILY_BATCH,,4.0326,4.0516,UP,3.9617,DOWN,0.0899,0.0,0.0,0.0,4.0326,0.0,3.6912,4.412,1.0,yfinance,5.0
2026-09-13 23:14:48,2025-10-17,BayArea_CA,v1.4-BayArea-Ridge,DAILY_BATCH,,3.9704,4.0139,UP,3.9877,UP,0.0262,1.0,0.0,0.0,3.9704,0.0,3.6535,4.3744,1.0,yfinance,5.0
2026-09-13 23:14:48,2025-10-20,BayArea_CA,v1.4-BayArea-Ridge,DAILY_BATCH,,3.9938,4.0203,UP,3.9802,DOWN,0.0401,0.0,0.0,0.0,3.9938,0.0,3.6599,4.3808,1.0,yfinance,5.0
2026-09-13 23:14:48,2025-10-21,BayArea_CA,v1.4-BayArea-Ridge,DAILY_BATCH,,3.9786,4.0208,UP,3.9753,DOWN,0.0455,0.0,0.0,0.0,3.9786,0.0,3.6603,4.3812,1.0,yfinance,5.0
2026-09-13 23:14:48,2025-10-22,BayArea_CA,v1.4-BayArea-Ridge,DAILY_BATCH,,3.9844,4.0205,UP,4.015,UP,0.0055,1.0,0.0,0.0,3.9844,0.0,3.66,4.3809,1.0,yfinance,5.0
2026-09-13 23:14:48,2025-10-23,BayArea_CA,v1.4-BayArea-Ridge,DAILY_BATCH,,3.9617,3.9873,UP,4.0769,UP,0.0896,1.0,0.0,0.0,3.9617,0.0,3.6269,4.3478,1.0,yfinance,5.0
2026-09-13 23:14:48,2025-10-24,BayArea_CA,v1.4-BayArea-Ridge,DAILY_BATCH,,3.9877,4.0048,UP,4.0727,UP,0.0679,1.0,0.0,0.0,3.9877,0.0,3.6443,4.3652,1.0,yfinance,5.0
2026-09-13 23:14:48,2025-10-27,BayArea_CA,v1.4-BayArea-Ridge,DAILY_BATCH,,3.9802,4.007,UP,4.0704,UP,0.0634,1.0,0.0,0.0,3.9802,0.0,3.6465,4.3674,1.0,yfinance,5.0
2026-09-13 23:14:48,2025-10-28,BayArea_CA,v1.4-BayArea-Ridge,DAILY_BATCH,,3.9753,3.9959,UP,4.0752,UP,0.0793,1.0,0.0,0.0,3.9753,0.0,3.6355,4.3564,1.0,yfinance,5.0
2026-09-13 23:14:48,2025-10-29,BayArea_CA,v1.4-BayArea-Ridge,DAILY_BATCH,,4.015,4.0144,DOWN,4.1237,UP,0.1093,0.0,0.0,0.0,4.015,0.0,3.6539,4.3748,1.0,yfinance,5.0
2026-09-13 23:14:48,2025-10-30,BayArea_CA,v1.4-BayArea-Ridge,DAILY_BATCH,,4.0769,4.0517,DOWN,4.1534,UP,0.1017,0.0,0.0,0.0,4.0769,0.0,3.6912,4.4121,1.0,yfinance,5.0
2026-09-13 23:14:48,2025-10-31,BayArea_CA,v1.4-BayArea-Ridge,DAILY_BATCH,,4.0727,4.0488,DOWN,4.1431,UP,0.0943,0.0,0.0,0.0,4.0727,0.0,3.6883,4.4092,1.0,yfinance,5.0
2026-09-13 23:14:48,2025-11-03,BayArea_CA,v1.4-BayArea-Ridge,DAILY_BATCH,,4.0704,4.0734,UP,4.0661,DOWN,0.0073,0.0,0.0,0.0,4.0704,0.0,3.713,4.4339,1.0,yfinance,5.0
2026-09-13 23:14:48,2025-11-04,BayArea_CA,v1.4-BayArea-Ridge,DAILY_BATCH,,4.0752,4.0896,UP,4.0728,DOWN,0.0168,0.0,0.0,0.0,4.0752,0.0,3.7292,4.45,1.0,yfinance,5.0
2026-09-13 23:14:48,2025-11-05,BayArea_CA,v1.4-BayArea-Ridge,DAILY_BATCH,,4.1237,4.1293,UP,4.0593,DOWN,0.07,0.0,0.0,0.0,4.1237,0.0,3.7689,4.4898,1.0,yfinance,5.0
2026-09-13 23:14:48,2025-11-06,BayArea_CA,v1.4-BayArea-Ridge,DAILY_BATCH,,4.1534,4.1153,DOWN,4.1156,DOWN,0.0003,1.0,0.0,0.0,4.1534,0.0,3.7549,4.4757,1.0,yfinance,5.0
2026-09-13 23:14:48,2025-11-07,BayArea_CA,v1.4-BayArea-Ridge,DAILY_BATCH,,4.1431,4.1227,DOWN,4.0903,DOWN,0.0324,1.0,0.0,0.0,4.1431,0.0,3.7622,4.4831,1.0,yfinance,5.0
2026-09-13 23:14:48,2025-11-10,BayArea_CA,v1.4-BayArea-Ridge,DAILY_BATCH,,4.0661,4.0527,DOWN,4.1211,UP,0.0684,0.0,0.0,0.0,4.0661,0.0,3.6923,4.4131,1.0,yfinance,5.0
2026-09-13 23:14:48,2025-11-11,BayArea_CA,v1.4-BayArea-Ridge,DAILY_BATCH,,4.0728,4.0617,DOWN,4.162,UP,0.1003,0.0,0.0,0.0,4.0728,0.0,3.7013,4.4222,1.0,yfinance,5.0
2026-09-13 23:14:48,2025-11-12,BayArea_CA,v1.4-BayArea-Ridge,DAILY_BATCH,,4.0593,4.0704,UP,4.1054,UP,0.035,1.0,0.0,0.0,4.0593,0.0,3.7099,4.4308,1.0,yfinance,5.0
2026-09-13 23:14:48,2025-11-13,BayArea_CA,v1.4-BayArea-Ridge,DAILY_BATCH,,4.1156,4.1847,UP,4.1097,DOWN,0.075,0.0,0.0,0.0,4.1156,0.0,3.8243,4.5452,1.0,yfinance,5.0
2026-09-13 23:14:48,2025-11-14,BayArea_CA,v1.4-BayArea-Ridge,DAILY_BATCH,,4.0903,4.1447,UP,4.1616,UP,0.0169,1.0,0.0,0.0,4.0903,0.0,3.7843,4.5052,1.0,yfinance,5.0
2026-09-13 23:14:48,2025-11-17,BayArea_CA,v1.4-BayArea-Ridge,DAILY_BATCH,,4.1211,4.1479,UP,4.1401,UP,0.0078,1.0,0.0,0.0,4.1211,0.0,3.7875,4.5083,1.0,yfinance,5.0
2026-09-13 23:14:48,2025-11-18,BayArea_CA,v1.4-BayArea-Ridge,DAILY_BATCH,,4.162,4.1904,UP,4.1493,DOWN,0.0411,0.0,0.0,0.0,4.162,0.0,3.8299,4.5508,1.0,yfinance,5.0
2026-09-13 23:14:48,2025-11-19,BayArea_CA,v1.4-BayArea-Ridge,DAILY_BATCH,,4.1054,4.1389,UP,4.0821,DOWN,0.0568,0.0,0.0,0.0,4.1054,0.0,3.7785,4.4994,1.0,yfinance,5.0
2026-09-13 23:14:48,2025-11-20,BayArea_CA,v1.4-BayArea-Ridge,DAILY_BATCH,,4.1097,4.1507,UP,4.0684,DOWN,0.0823,0.0,0.0,0.0,4.1097,0.0,3.7903,4.5112,1.0,yfinance,5.0
2026-09-13 23:14:48,2025-11-21,BayArea_CA,v1.4-BayArea-Ridge,DAILY_BATCH,,4.1616,4.1987,UP,4.0334,DOWN,0.1653,0.0,0.0,0.0,4.1616,0.0,3.8382,4.5591,1.0,yfinance,5.0
2026-09-13 23:14:48,2025-11-24,BayArea_CA,v1.4-BayArea-Ridge,DAILY_BATCH,,4.1401,4.1707,UP,4.0466,DOWN,0.1241,0.0,0.0,0.0,4.1401,0.0,3.8102,4.5311,1.0,yfinance,5.0
2026-09-13 23:14:48,2025-11-25,BayArea_CA,v1.4-BayArea-Ridge,DAILY_BATCH,,4.1493,4.1721,UP,4.0072,DOWN,0.1649,0.0,0.0,0.0,4.1493,0.0,3.8116,4.5325,1.0,yfinance,5.0
2026-09-13 23:14:48,2025-11-26,BayArea_CA,v1.4-BayArea-Ridge,DAILY_BATCH,,4.0821,4.0605,DOWN,4.039,DOWN,0.0215,1.0,0.0,0.0,4.0821,0.0,3.7001,4.4209,1.0,yfinance,5.0
2026-09-13 23:14:48,2025-11-27,BayArea_CA,v1.4-BayArea-Ridge,DAILY_BATCH,,4.0684,4.0635,DOWN,,,,,0.0,0.0,4.0684,0.0,3.7031,4.424,,yfinance,5.0
2026-09-13 23:14:48,2025-11-28,BayArea_CA,v1.4-BayArea-Ridge,DAILY_BATCH,,4.0334,4.0225,DOWN,4.0459,UP,0.0234,0.0,0.0,0.0,4.0334,0.0,3.6621,4.3829,1.0,yfinance,5.0
2026-09-13 23:14:48,2025-12-01,BayArea_CA,v1.4-BayArea-Ridge,DAILY_BATCH,,4.0466,4.0777,UP,4.0189,DOWN,0.0588,0.0,0.0,0.0,4.0466,0.0,3.7172,4.4381,1.0,yfinance,5.0
2026-09-13 23:14:48,2025-12-02,BayArea_CA,v1.4-BayArea-Ridge,DAILY_BATCH,,4.0072,4.0289,UP,3.9803,DOWN,0.0486,0.0,0.0,0.0,4.0072,0.0,3.6684,4.3893,1.0,yfinance,5.0
2026-09-13 23:14:48,2025-12-03,BayArea_CA,v1.4-BayArea-Ridge,DAILY_BATCH,,4.039,4.0526,UP,3.9772,DOWN,0.0754,0.0,0.0,0.0,4.039,0.0,3.6922,4.4131,1.0,yfinance,5.0
2026-09-13 23:14:48,2025-12-05,BayArea_CA,v1.4-BayArea-Ridge,DAILY_BATCH,,4.0459,4.059,UP,3.9841,DOWN,0.0749,0.0,0.0,0.0,4.0459,0.0,3.6985,4.4194,1.0,yfinance,5.0
2026-09-13 23:14:48,2025-12-08,BayArea_CA,v1.4-BayArea-Ridge,DAILY_BATCH,,4.0189,4.0329,UP,3.9481,DOWN,0.0848,0.0,0.0,0.0,4.0189,0.0,3.6724,4.3933,1.0,yfinance,5.0
2026-09-13 23:14:48,2025-12-09,BayArea_CA,v1.4-BayArea-Ridge,DAILY_BATCH,,3.9803,3.9857,UP,3.9397,DOWN,0.046,0.0,0.0,0.0,3.9803,0.0,3.6253,4.3462,1.0,yfinance,5.0
2026-09-13 23:14:48,2025-12-10,BayArea_CA,v1.4-BayArea-Ridge,DAILY_BATCH,,3.9772,3.9885,UP,3.9315,DOWN,0.057,0.0,0.0,0.0,3.9772,0.0,3.6281,4.349,1.0,yfinance,5.0
2026-09-13 23:14:48,2025-12-11,BayArea_CA,v1.4-BayArea-Ridge,DAILY_BATCH,,3.9771,3.9767,DOWN,3.9098,DOWN,0.0669,1.0,0.0,0.0,3.9771,0.0,3.6163,4.3372,1.0,yfinance,5.0
2026-09-13 23:14:48,2025-12-12,BayArea_CA,v1.4-BayArea-Ridge,DAILY_BATCH,,3.9841,3.9749,DOWN,3.9021,DOWN,0.0728,1.0,0.0,0.0,3.9841,0.0,3.6144,4.3353,1.0,yfinance,5.0
2026-09-13 23:14:48,2025-12-15,BayArea_CA,v1.4-BayArea-Ridge,DAILY_BATCH,,3.9481,3.9491,UP,3.8823,DOWN,0.0668,0.0,0.0,0.0,3.9481,0.0,3.5887,4.3096,1.0,yfinance,5.0
2026-09-13 23:14:48,2025-12-16,BayArea_CA,v1.4-BayArea-Ridge,DAILY_BATCH,,3.9397,3.9521,UP,3.8309,DOWN,0.1212,0.0,0.0,0.0,3.9397,0.0,3.5917,4.3126,1.0,yfinance,5.0
2026-09-13 23:14:48,2025-12-17,BayArea_CA,v1.4-BayArea-Ridge,DAILY_BATCH,,3.9315,3.9229,DOWN,3.8443,DOWN,0.0786,1.0,0.0,0.0,3.9315,0.0,3.5624,4.2833,1.0,yfinance,5.0
2026-09-13 23:14:48,2025-12-18,BayArea_CA,v1.4-BayArea-Ridge,DAILY_BATCH,,3.9098,3.9339,UP,3.8513,DOWN,0.0826,0.0,0.0,0.0,3.9098,0.0,3.5735,4.2944,1.0,yfinance,5.0
2026-09-13 23:14:48,2025-12-19,BayArea_CA,v1.4-BayArea-Ridge,DAILY_BATCH,,3.9021,3.9272,UP,3.8582,DOWN,0.069,0.0,0.0,0.0,3.9021,0.0,3.5668,4.2877,1.0,yfinance,5.0
2026-09-13 23:14:48,2025-12-22,BayArea_CA,v1.4-BayArea-Ridge,DAILY_BATCH,,3.8823,3.9212,UP,3.8922,UP,0.029,1.0,0.0,0.0,3.8823,0.0,3.5608,4.2816,1.0,yfinance,5.0
2026-09-13 23:14:48,2025-12-23,BayArea_CA,v1.4-BayArea-Ridge,DAILY_BATCH,,3.8309,3.8653,UP,3.8932,UP,0.0279,1.0,0.0,0.0,3.8309,0.0,3.5048,4.2257,1.0,yfinance,5.0
2026-09-13 23:14:48,2025-12-24,BayArea_CA,v1.4-BayArea-Ridge,DAILY_BATCH,,3.8443,3.8776,UP,3.8971,UP,0.0195,1.0,0.0,0.0,3.8443,0.0,3.5172,4.2381,1.0,yfinance,5.0
2026-09-13 23:14:48,2025-12-25,BayArea_CA,v1.4-BayArea-Ridge,DAILY_BATCH,,3.8513,3.8785,UP,,,,,0.0,0.0,3.8513,0.0,3.518,4.2389,,yfinance,5.0
2026-09-13 23:14:48,2025-12-26,BayArea_CA,v1.4-BayArea-Ridge,DAILY_BATCH,,3.8582,3.9144,UP,3.8471,DOWN,0.0673,0.0,0.0,0.0,3.8582,0.0,3.5539,4.2748,1.0,yfinance,5.0
2026-09-13 23:14:48,2025-12-29,BayArea_CA,v1.4-BayArea-Ridge,DAILY_BATCH,,3.8922,3.9215,UP,3.8652,DOWN,0.0563,0.0,0.0,0.0,3.8922,0.0,3.561,4.2819,1.0,yfinance,5.0
2026-09-13 23:14:48,2025-12-30,BayArea_CA,v1.4-BayArea-Ridge,DAILY_BATCH,,3.8932,3.9311,UP,3.871,DOWN,0.0601,0.0,0.0,0.0,3.8932,0.0,3.5707,4.2916,1.0,yfinance,5.0
2026-09-13 23:14:48,2025-12-31,BayArea_CA,v1.4-BayArea-Ridge,DAILY_BATCH,,3.8971,3.9075,UP,3.8554,DOWN,0.0521,0.0,0.0,0.0,3.8971,0.0,3.5471,4.268,1.0,yfinance,5.0
2026-09-13 23:14:48,2026-01-02,BayArea_CA,v1.4-BayArea-Ridge,DAILY_BATCH,,3.8471,3.872,UP,3.8482,UP,0.0238,1.0,0.0,0.0,3.8471,0.0,3.5116,4.2325,1.0,yfinance,5.0
2026-09-13 23:14:48,2026-01-05,BayArea_CA,v1.4-BayArea-Ridge,DAILY_BATCH,,3.8652,3.8858,UP,3.87,UP,0.0158,1.0,0.0,0.0,3.8652,0.0,3.5254,4.2462,1.0,yfinance,5.0
2026-09-13 23:14:48,2026-01-06,BayArea_CA,v1.4-BayArea-Ridge,DAILY_BATCH,,3.871,3.9033,UP,3.8506,DOWN,0.0527,0.0,0.0,0.0,3.871,0.0,3.5429,4.2638,1.0,yfinance,5.0
2026-09-13 23:14:48,2026-01-07,BayArea_CA,v1.4-BayArea-Ridge,DAILY_BATCH,,3.8554,3.8799,UP,3.8445,DOWN,0.0354,0.0,0.0,0.0,3.8554,0.0,3.5194,4.2403,1.0,yfinance,5.0
2026-09-13 23:14:48,2026-01-09,BayArea_CA,v1.4-BayArea-Ridge,DAILY_BATCH,,3.8482,3.874,UP,3.9306,UP,0.0566,1.0,0.0,0.0,3.8482,0.0,3.5135,4.2344,1.0,yfinance,5.0
2026-09-13 23:14:48,2026-01-12,BayArea_CA,v1.4-BayArea-Ridge,DAILY_BATCH,,3.87,3.896,UP,3.9438,UP,0.0478,1.0,0.0,0.0,3.87,0.0,3.5355,4.2564,1.0,yfinance,5.0
2026-09-13 23:14:48,2026-01-13,BayArea_CA,v1.4-BayArea-Ridge,DAILY_BATCH,,3.8506,3.8785,UP,3.9765,UP,0.098,1.0,0.0,0.0,3.8506,0.0,3.518,4.2389,1.0,yfinance,5.0
2026-09-13 23:14:48,2026-01-14,BayArea_CA,v1.4-BayArea-Ridge,DAILY_BATCH,,3.8445,3.8875,UP,3.9804,UP,0.0929,1.0,0.0,0.0,3.8445,0.0,3.5271,4.248,1.0,yfinance,5.0
2026-09-13 23:14:48,2026-01-15,BayArea_CA,v1.4-BayArea-Ridge,DAILY_BATCH,,3.9103,3.9981,UP,3.9338,UP,0.0643,1.0,0.0,0.0,3.9103,0.0,3.6376,4.3585,1.0,yfinance,5.0
2026-09-13 23:14:48,2026-01-16,BayArea_CA,v1.4-BayArea-Ridge,DAILY_BATCH,,3.9306,4.0291,UP,3.9352,UP,0.0939,1.0,0.0,0.0,3.9306,0.0,3.6687,4.3896,1.0,yfinance,5.0
2026-09-13 23:14:48,2026-01-19,BayArea_CA,v1.4-BayArea-Ridge,DAILY_BATCH,,3.9438,4.0371,UP,,,,,0.0,0.0,3.9438,0.0,3.6767,4.3976,,yfinance,5.0
2026-09-13 23:14:48,2026-01-20,BayArea_CA,v1.4-BayArea-Ridge,DAILY_BATCH,,3.9765,4.0722,UP,3.9738,DOWN,0.0984,0.0,0.0,0.0,3.9765,0.0,3.7118,4.4327,1.0,yfinance,5.0
2026-09-13 23:14:48,2026-01-21,BayArea_CA,v1.4-BayArea-Ridge,DAILY_BATCH,,3.9804,4.0478,UP,4.0074,UP,0.0404,1.0,0.0,0.0,3.9804,0.0,3.6874,4.4083,1.0,yfinance,5.0
2026-09-13 23:14:48,2026-01-22,BayArea_CA,v1.4-BayArea-Ridge,DAILY_BATCH,,3.9338,4.0012,UP,3.9672,UP,0.034,1.0,0.0,0.0,3.9338,0.0,3.6408,4.3617,1.0,yfinance,5.0
2026-09-13 23:14:48,2026-01-23,BayArea_CA,v1.4-BayArea-Ridge,DAILY_BATCH,,3.9352,3.9913,UP,4.001,UP,0.0097,1.0,0.0,0.0,3.9352,0.0,3.6308,4.3517,1.0,yfinance,5.0
2026-09-13 23:14:48,2026-01-27,BayArea_CA,v1.4-BayArea-Ridge,DAILY_BATCH,,3.9738,4.0518,UP,4.0152,UP,0.0366,1.0,0.0,0.0,3.9738,0.0,3.6914,4.4122,1.0,yfinance,5.0
2026-09-13 23:14:48,2026-01-28,BayArea_CA,v1.4-BayArea-Ridge,DAILY_BATCH,,4.0074,4.0717,UP,4.0423,UP,0.0294,1.0,0.0,0.0,4.0074,0.0,3.7112,4.4321,1.0,yfinance,5.0
2026-09-13 23:14:48,2026-01-29,BayArea_CA,v1.4-BayArea-Ridge,DAILY_BATCH,,3.9672,4.0425,UP,4.07,UP,0.0275,1.0,0.0,0.0,3.9672,0.0,3.6821,4.403,1.0,yfinance,5.0
2026-09-13 23:14:48,2026-01-30,BayArea_CA,v1.4-BayArea-Ridge,DAILY_BATCH,,4.001,4.0794,UP,4.0728,UP,0.0066,1.0,0.0,0.0,4.001,0.0,3.719,4.4399,1.0,yfinance,5.0
2026-09-13 23:14:48,2026-02-02,BayArea_CA,v1.4-BayArea-Ridge,DAILY_BATCH,,3.9701,4.0735,UP,4.0014,UP,0.0721,1.0,0.0,0.0,3.9701,0.0,3.713,4.4339,1.0,yfinance,5.0
2026-09-13 23:14:48,2026-02-03,BayArea_CA,v1.4-BayArea-Ridge,DAILY_BATCH,,4.0152,4.119,UP,4.0479,UP,0.0711,1.0,0.0,0.0,4.0152,0.0,3.7585,4.4794,1.0,yfinance,5.0
2026-09-13 23:14:48,2026-02-04,BayArea_CA,v1.4-BayArea-Ridge,DAILY_BATCH,,4.0423,4.1419,UP,4.1152,UP,0.0267,1.0,0.0,0.0,4.0423,0.0,3.7814,4.5023,1.0,yfinance,5.0
2026-09-13 23:14:48,2026-02-05,BayArea_CA,v1.4-BayArea-Ridge,DAILY_BATCH,,4.07,4.1446,UP,4.0766,UP,0.068,1.0,0.0,0.0,4.07,0.0,3.7842,4.5051,1.0,yfinance,5.0
2026-09-13 23:14:48,2026-02-06,BayArea_CA,v1.4-BayArea-Ridge,DAILY_BATCH,,4.0728,4.145,UP,4.1032,UP,0.0418,1.0,0.0,0.0,4.0728,0.0,3.7846,4.5054,1.0,yfinance,5.0
2026-09-13 23:14:48,2026-02-09,BayArea_CA,v1.4-BayArea-Ridge,DAILY_BATCH,,4.0014,4.082,UP,4.1355,UP,0.0535,1.0,0.0,0.0,4.0014,0.0,3.7215,4.4424,1.0,yfinance,5.0
2026-09-13 23:14:48,2026-02-10,BayArea_CA,v1.4-BayArea-Ridge,DAILY_BATCH,,4.0479,4.1451,UP,4.1092,UP,0.0359,1.0,0.0,0.0,4.0479,0.0,3.7847,4.5056,1.0,yfinance,5.0
2026-09-13 23:14:48,2026-02-11,BayArea_CA,v1.4-BayArea-Ridge,DAILY_BATCH,,4.1152,4.2111,UP,4.1289,UP,0.0822,1.0,0.0,0.0,4.1152,0.0,3.8506,4.5715,1.0,yfinance,5.0
2026-09-13 23:14:48,2026-02-12,BayArea_CA,v1.4-BayArea-Ridge,DAILY_BATCH,,4.0766,4.1899,UP,4.0659,DOWN,0.124,0.0,0.0,0.0,4.0766,0.0,3.8295,4.5504,1.0,yfinance,5.0
2026-09-13 23:14:48,2026-02-13,BayArea_CA,v1.4-BayArea-Ridge,DAILY_BATCH,,4.1032,4.2268,UP,4.061,DOWN,0.1658,0.0,0.0,0.0,4.1032,0.0,3.8663,4.5872,1.0,yfinance,5.0
2026-09-13 23:14:48,2026-02-16,BayArea_CA,v1.4-BayArea-Ridge,DAILY_BATCH,,4.1355,4.228,UP,,,,,0.0,0.0,4.1355,0.0,3.8676,4.5885,,yfinance,5.0
2026-09-13 23:14:48,2026-02-17,BayArea_CA,v1.4-BayArea-Ridge,DAILY_BATCH,,4.1092,4.2045,UP,4.0644,DOWN,0.1401,0.0,0.0,0.0,4.1092,0.0,3.844,4.5649,1.0,yfinance,5.0
2026-09-13 23:14:48,2026-02-18,BayArea_CA,v1.4-BayArea-Ridge,DAILY_BATCH,,4.1289,4.223,UP,4.118,DOWN,0.105,0.0,0.0,0.0,4.1289,0.0,3.8625,4.5834,1.0,yfinance,5.0
2026-09-13 23:14:48,2026-02-19,BayArea_CA,v1.4-BayArea-Ridge,DAILY_BATCH,,4.0659,4.1578,UP,4.1566,UP,0.0012,1.0,0.0,0.0,4.0659,0.0,3.7974,4.5183,1.0,yfinance,5.0
2026-09-13 23:14:48,2026-02-20,BayArea_CA,v1.4-BayArea-Ridge,DAILY_BATCH,,4.061,4.1781,UP,4.1473,UP,0.0308,1.0,0.0,0.0,4.061,0.0,3.8177,4.5386,1.0,yfinance,5.0
2026-09-13 23:14:48,2026-02-24,BayArea_CA,v1.4-BayArea-Ridge,DAILY_BATCH,,4.0644,4.1474,UP,4.1214,UP,0.026,1.0,0.0,0.0,4.0644,0.0,3.7869,4.5078,1.0,yfinance,5.0
2026-09-13 23:14:48,2026-02-25,BayArea_CA,v1.4-BayArea-Ridge,DAILY_BATCH,,4.118,4.2134,UP,4.1414,UP,0.072,1.0,0.0,0.0,4.118,0.0,3.8529,4.5738,1.0,yfinance,5.0
2026-09-13 23:14:48,2026-02-26,BayArea_CA,v1.4-BayArea-Ridge,DAILY_BATCH,,4.1566,4.2799,UP,4.1823,UP,0.0976,1.0,0.0,0.0,4.1566,0.0,3.9195,4.6404,1.0,yfinance,5.0
2026-09-13 23:14:48,2026-02-27,BayArea_CA,v1.4-BayArea-Ridge,DAILY_BATCH,,4.1473,4.2573,UP,4.2279,UP,0.0294,1.0,0.0,0.0,4.1473,0.0,3.8969,4.6178,1.0,yfinance,5.0
2026-09-13 23:14:48,2026-03-02,BayArea_CA,v1.4-BayArea-Ridge,DAILY_BATCH,,4.1392,4.2437,UP,4.5206,UP,0.2769,1.0,0.0,0.0,4.1392,0.0,3.8833,4.6042,1.0,yfinance,5.0
2026-09-13 23:14:48,2026-03-03,BayArea_CA,v1.4-BayArea-Ridge,DAILY_BATCH,,4.1214,4.2301,UP,4.6074,UP,0.3773,1.0,0.0,0.0,4.1214,0.0,3.8696,4.5905,0.0,yfinance,5.0
2026-09-13 23:14:48,2026-03-04,BayArea_CA,v1.4-BayArea-Ridge,DAILY_BATCH,,4.1414,4.2461,UP,4.6649,UP,0.4188,1.0,0.0,0.0,4.1414,0.0,3.8856,4.6065,0.0,yfinance,5.0
2026-09-13 23:14:48,2026-03-05,BayArea_CA,v1.4-BayArea-Ridge,DAILY_BATCH,,4.1823,4.2948,UP,4.8209,UP,0.5261,1.0,0.0,0.0,4.1823,0.0,3.9344,4.6553,0.0,yfinance,5.0
2026-09-13 23:14:48,2026-03-06,BayArea_CA,v1.4-BayArea-Ridge,DAILY_BATCH,,4.2279,4.328,UP,4.8966,UP,0.5686,1.0,0.0,0.0,4.2279,0.0,3.9675,4.6884,0.0,yfinance,5.0
2026-09-13 23:14:48,2026-03-09,BayArea_CA,v1.4-BayArea-Ridge,DAILY_BATCH,,4.5206,4.4633,DOWN,4.9584,UP,0.4951,0.0,0.0,0.0,4.5206,0.0,4.1028,4.8237,0.0,yfinance,5.0
2026-09-13 23:14:48,2026-03-10,BayArea_CA,v1.4-BayArea-Ridge,DAILY_BATCH,,4.6074,4.4374,DOWN,4.7903,UP,0.3529,0.0,0.0,0.0,4.6074,0.0,4.077,4.7978,1.0,yfinance,5.0
2026-09-13 23:14:48,2026-03-11,BayArea_CA,v1.4-BayArea-Ridge,DAILY_BATCH,,4.6649,4.5172,DOWN,4.9383,UP,0.4211,0.0,0.0,0.0,4.6649,0.0,4.1568,4.8777,0.0,yfinance,5.0
2026-09-13 23:14:48,2026-03-12,BayArea_CA,v1.4-BayArea-Ridge,DAILY_BATCH,,4.8209,4.6332,DOWN,5.1146,UP,0.4814,0.0,0.0,0.0,4.8209,0.0,4.2728,4.9937,0.0,yfinance,5.0
2026-09-13 23:14:48,2026-03-13,BayArea_CA,v1.4-BayArea-Ridge,DAILY_BATCH,,4.8966,4.6125,DOWN,5.1914,UP,0.5789,0.0,0.0,0.0,4.8966,0.0,4.2521,4.973,0.0,yfinance,5.0
2026-09-13 23:14:48,2026-03-16,BayArea_CA,v1.4-BayArea-Ridge,DAILY_BATCH,,4.9584,4.6394,DOWN,5.1503,UP,0.5109,0.0,0.0,0.0,4.9584,0.0,4.279,4.9999,0.0,yfinance,5.0
2026-09-13 23:14:48,2026-03-17,BayArea_CA,v1.4-BayArea-Ridge,DAILY_BATCH,,4.7903,4.682,DOWN,5.2734,UP,0.5914,0.0,0.0,0.0,4.7903,0.0,4.3216,5.0425,0.0,yfinance,5.0
2026-09-13 23:14:48,2026-03-18,BayArea_CA,v1.4-BayArea-Ridge,DAILY_BATCH,,4.9383,4.8352,DOWN,5.2485,UP,0.4133,0.0,0.0,0.0,4.9383,0.0,4.4748,5.1957,0.0,yfinance,5.0
2026-09-13 23:14:48,2026-03-19,BayArea_CA,v1.4-BayArea-Ridge,DAILY_BATCH,,5.1146,4.8742,DOWN,5.2771,UP,0.4029,0.0,0.0,0.0,5.1146,0.0,4.5137,5.2346,0.0,yfinance,5.0
2026-09-13 23:14:48,2026-03-20,BayArea_CA,v1.4-BayArea-Ridge,DAILY_BATCH,,5.1914,4.9135,DOWN,5.4362,UP,0.5227,0.0,0.0,0.0,5.1914,0.0,4.5531,5.2739,0.0,yfinance,5.0
2026-09-13 23:14:48,2026-03-23,BayArea_CA,v1.4-BayArea-Ridge,DAILY_BATCH,,5.1503,5.0582,DOWN,5.1249,DOWN,0.0667,1.0,0.0,0.0,5.1503,0.0,4.6977,5.4186,1.0,yfinance,5.0
2026-09-13 23:14:48,2026-03-24,BayArea_CA,v1.4-BayArea-Ridge,DAILY_BATCH,,5.2734,5.1917,DOWN,5.298,UP,0.1063,0.0,0.0,0.0,5.2734,0.0,4.8313,5.5522,1.0,yfinance,5.0
2026-09-13 23:14:48,2026-03-25,BayArea_CA,v1.4-BayArea-Ridge,DAILY_BATCH,,5.2485,5.1687,DOWN,5.1624,DOWN,0.0063,1.0,0.0,0.0,5.2485,0.0,4.8083,5.5291,1.0,yfinance,5.0
2026-09-13 23:14:48,2026-03-26,BayArea_CA,v1.4-BayArea-Ridge,DAILY_BATCH,,5.2771,5.2253,DOWN,5.2802,UP,0.0549,0.0,0.0,0.0,5.2771,0.0,4.8649,5.5858,1.0,yfinance,5.0
2026-09-13 23:14:48,2026-03-27,BayArea_CA,v1.4-BayArea-Ridge,DAILY_BATCH,,5.4362,5.3424,DOWN,5.4001,DOWN,0.0577,1.0,0.0,0.0,5.4362,0.0,4.9819,5.7028,1.0,yfinance,5.0
2026-09-13 23:14:48,2026-03-30,BayArea_CA,v1.4-BayArea-Ridge,DAILY_BATCH,,5.1249,5.2208,UP,5.5015,UP,0.2807,1.0,0.0,0.0,5.1249,0.0,4.8604,5.5813,1.0,yfinance,5.0
2026-09-13 23:14:48,2026-03-31,BayArea_CA,v1.4-BayArea-Ridge,DAILY_BATCH,,5.298,5.2877,DOWN,5.4623,UP,0.1746,0.0,0.0,0.0,5.298,0.0,4.9273,5.6482,1.0,yfinance,5.0
2026-09-13 23:14:48,2026-04-01,BayArea_CA,v1.4-BayArea-Ridge,DAILY_BATCH,,5.1624,5.244,UP,5.2414,UP,0.0026,1.0,0.0,0.0,5.1624,0.0,4.8835,5.6044,1.0,yfinance,5.0
2026-09-13 23:14:48,2026-04-02,BayArea_CA,v1.4-BayArea-Ridge,DAILY_BATCH,,5.2802,5.4058,UP,5.438,UP,0.0322,1.0,0.0,0.0,5.2802,0.0,5.0454,5.7662,1.0,yfinance,5.0
2026-09-13 23:14:48,2026-04-03,BayArea_CA,v1.4-BayArea-Ridge,DAILY_BATCH,,5.4001,5.4532,UP,,,,,0.0,0.0,5.4001,0.0,5.0928,5.8136,,yfinance,5.0
2026-09-13 23:14:48,2026-04-06,BayArea_CA,v1.4-BayArea-Ridge,DAILY_BATCH,,5.5015,5.4513,DOWN,5.4582,DOWN,0.0069,1.0,0.0,0.0,5.5015,0.0,5.0909,5.8118,1.0,yfinance,5.0
2026-09-13 23:14:48,2026-04-07,BayArea_CA,v1.4-BayArea-Ridge,DAILY_BATCH,,5.4623,5.4467,DOWN,5.4552,DOWN,0.0085,1.0,0.0,0.0,5.4623,0.0,5.0862,5.8071,1.0,yfinance,5.0
2026-09-13 23:14:48,2026-04-08,BayArea_CA,v1.4-BayArea-Ridge,DAILY_BATCH,,5.2414,5.309,UP,5.1559,DOWN,0.1531,0.0,0.0,0.0,5.2414,0.0,4.9486,5.6695,1.0,yfinance,5.0
2026-09-13 23:14:48,2026-04-09,BayArea_CA,v1.4-BayArea-Ridge,DAILY_BATCH,,5.438,5.4389,UP,5.1507,DOWN,0.2882,0.0,0.0,0.0,5.438,0.0,5.0784,5.7993,1.0,yfinance,5.0
2026-09-13 23:14:48,2026-04-13,BayArea_CA,v1.4-BayArea-Ridge,DAILY_BATCH,,5.4582,5.5341,UP,5.266,DOWN,0.2681,0.0,0.0,0.0,5.4582,0.0,5.1736,5.8945,1.0,yfinance,5.0
2026-09-13 23:14:48,2026-04-14,BayArea_CA,v1.4-BayArea-Ridge,DAILY_BATCH,,5.4552,5.5082,UP,5.1895,DOWN,0.3187,0.0,0.0,0.0,5.4552,0.0,5.1477,5.8686,1.0,yfinance,5.0
2026-09-13 23:14:48,2026-04-15,BayArea_CA,v1.4-BayArea-Ridge,DAILY_BATCH,,5.1559,5.3202,UP,5.2192,UP,0.101,1.0,0.0,0.0,5.1559,0.0,4.9597,5.6806,1.0,yfinance,5.0
2026-09-13 23:14:48,2026-04-16,BayArea_CA,v1.4-BayArea-Ridge,DAILY_BATCH,,5.1507,5.259,UP,5.3137,UP,0.0547,1.0,0.0,0.0,5.1507,0.0,4.8986,5.6195,1.0,yfinance,5.0
2026-09-13 23:14:48,2026-04-17,BayArea_CA,v1.4-BayArea-Ridge,DAILY_BATCH,,5.1873,5.3223,UP,5.1548,DOWN,0.1675,0.0,0.0,0.0,5.1873,0.0,4.9618,5.6827,1.0,yfinance,5.0
2026-09-13 23:14:48,2026-04-20,BayArea_CA,v1.4-BayArea-Ridge,DAILY_BATCH,,5.266,5.3853,UP,5.2668,UP,0.1185,1.0,0.0,0.0,5.266,0.0,5.0249,5.7458,1.0,yfinance,5.0
2026-09-13 23:14:48,2026-04-21,BayArea_CA,v1.4-BayArea-Ridge,DAILY_BATCH,,5.1895,5.3345,UP,5.3598,UP,0.0253,1.0,0.0,0.0,5.1895,0.0,4.974,5.6949,1.0,yfinance,5.0
2026-09-13 23:14:48,2026-04-22,BayArea_CA,v1.4-BayArea-Ridge,DAILY_BATCH,,5.2192,5.3078,UP,5.5079,UP,0.2001,1.0,0.0,0.0,5.2192,0.0,4.9474,5.6683,1.0,yfinance,5.0
2026-09-13 23:14:48,2026-04-23,BayArea_CA,v1.4-BayArea-Ridge,DAILY_BATCH,,5.3137,5.3155,UP,5.6121,UP,0.2966,1.0,0.0,0.0,5.3137,0.0,4.9551,5.6759,1.0,yfinance,5.0
2026-09-13 23:14:48,2026-04-24,BayArea_CA,v1.4-BayArea-Ridge,DAILY_BATCH,,5.1548,5.2621,UP,5.6126,UP,0.3505,1.0,0.0,0.0,5.1548,0.0,4.9016,5.6225,1.0,yfinance,5.0
2026-09-13 23:14:48,2026-04-27,BayArea_CA,v1.4-BayArea-Ridge,DAILY_BATCH,,5.2668,5.3529,UP,5.641,UP,0.2881,1.0,0.0,0.0,5.2668,0.0,4.9925,5.7134,1.0,yfinance,5.0
2026-09-13 23:14:48,2026-04-28,BayArea_CA,v1.4-BayArea-Ridge,DAILY_BATCH,,5.3598,5.3961,UP,5.7104,UP,0.3143,1.0,0.0,0.0,5.3598,0.0,5.0356,5.7565,1.0,yfinance,5.0
2026-09-13 23:14:48,2026-04-29,BayArea_CA,v1.4-BayArea-Ridge,DAILY_BATCH,,5.5079,5.4593,DOWN,5.8911,UP,0.4318,0.0,0.0,0.0,5.5079,0.0,5.0988,5.8197,0.0,yfinance,5.0
2026-09-13 23:14:48,2026-04-30,BayArea_CA,v1.4-BayArea-Ridge,DAILY_BATCH,,5.6121,5.4942,DOWN,5.9215,UP,0.4273,0.0,0.0,0.0,5.6121,0.0,5.1338,5.8547,0.0,yfinance,5.0
2026-09-13 23:14:48,2026-05-01,BayArea_CA,v1.4-BayArea-Ridge,DAILY_BATCH,,5.6126,5.5126,DOWN,5.7452,UP,0.2326,0.0,0.0,0.0,5.6126,0.0,5.1522,5.8731,1.0,yfinance,5.0
2026-09-13 23:14:48,2026-05-04,BayArea_CA,v1.4-BayArea-Ridge,DAILY_BATCH,,5.641,5.5642,DOWN,5.8882,UP,0.324,0.0,0.0,0.0,5.641,0.0,5.2038,5.9247,1.0,yfinance,5.0
2026-09-13 23:14:48,2026-05-05,BayArea_CA,v1.4-BayArea-Ridge,DAILY_BATCH,,5.7104,5.5501,DOWN,5.7706,UP,0.2205,0.0,0.0,0.0,5.7104,0.0,5.1897,5.9106,1.0,yfinance,5.0
2026-09-13 23:14:48,2026-05-06,BayArea_CA,v1.4-BayArea-Ridge,DAILY_BATCH,,5.8911,5.6746,DOWN,5.6093,DOWN,0.0653,1.0,0.0,0.0,5.8911,0.0,5.3142,6.0351,1.0,yfinance,5.0
2026-09-13 23:14:48,2026-05-07,BayArea_CA,v1.4-BayArea-Ridge,DAILY_BATCH,,5.9215,5.7504,DOWN,5.606,DOWN,0.1444,1.0,0.0,0.0,5.9215,0.0,5.39,6.1109,1.0,yfinance,5.0
2026-09-13 23:14:48,2026-05-08,BayArea_CA,v1.4-BayArea-Ridge,DAILY_BATCH,,5.7452,5.6638,DOWN,5.6767,DOWN,0.0129,1.0,0.0,0.0,5.7452,0.0,5.3034,6.0243,1.0,yfinance,5.0
2026-09-13 23:14:48,2026-05-11,BayArea_CA,v1.4-BayArea-Ridge,DAILY_BATCH,,5.8882,5.7592,DOWN,5.7498,DOWN,0.0094,1.0,0.0,0.0,5.8882,0.0,5.3988,6.1197,1.0,yfinance,5.0
2026-09-13 23:14:48,2026-05-12,BayArea_CA,v1.4-BayArea-Ridge,DAILY_BATCH,,5.7706,5.7337,DOWN,5.8477,UP,0.114,0.0,0.0,0.0,5.7706,0.0,5.3733,6.0942,1.0,yfinance,5.0
2026-09-13 23:14:48,2026-05-13,BayArea_CA,v1.4-BayArea-Ridge,DAILY_BATCH,,5.6093,5.7081,UP,5.7687,UP,0.0606,1.0,0.0,0.0,5.6093,0.0,5.3476,6.0685,1.0,yfinance,5.0
2026-09-13 23:14:48,2026-05-14,BayArea_CA,v1.4-BayArea-Ridge,DAILY_BATCH,,5.606,5.6996,UP,5.7557,UP,0.0561,1.0,0.0,0.0,5.606,0.0,5.3392,6.0601,1.0,yfinance,5.0
2026-09-13 23:14:48,2026-05-15,BayArea_CA,v1.4-BayArea-Ridge,DAILY_BATCH,,5.6767,5.7674,UP,5.8519,UP,0.0845,1.0,0.0,0.0,5.6767,0.0,5.407,6.1278,1.0,yfinance,5.0
2026-09-13 23:14:48,2026-05-18,BayArea_CA,v1.4-BayArea-Ridge,DAILY_BATCH,,5.7498,5.7902,UP,5.9107,UP,0.1205,1.0,0.0,0.0,5.7498,0.0,5.4297,6.1506,1.0,yfinance,5.0
2026-09-13 23:14:48,2026-05-19,BayArea_CA,v1.4-BayArea-Ridge,DAILY_BATCH,,5.8477,5.8228,DOWN,5.8462,DOWN,0.0234,1.0,0.0,0.0,5.8477,0.0,5.4623,6.1832,1.0,yfinance,5.0
2026-09-13 23:14:48,2026-05-20,BayArea_CA,v1.4-BayArea-Ridge,DAILY_BATCH,,5.7687,5.7877,UP,5.6374,DOWN,0.1503,0.0,0.0,0.0,5.7687,0.0,5.4272,6.1481,1.0,yfinance,5.0
2026-09-13 23:14:48,2026-05-21,BayArea_CA,v1.4-BayArea-Ridge,DAILY_BATCH,,5.7557,5.7999,UP,5.5296,DOWN,0.2703,0.0,0.0,0.0,5.7557,0.0,5.4395,6.1604,1.0,yfinance,5.0
2026-09-13 23:14:48,2026-05-22,BayArea_CA,v1.4-BayArea-Ridge,DAILY_BATCH,,5.8519,5.8272,DOWN,5.6039,DOWN,0.2233,1.0,0.0,0.0,5.8519,0.0,5.4668,6.1876,1.0,yfinance,5.0
2026-09-13 23:14:48,2026-05-25,BayArea_CA,v1.4-BayArea-Ridge,DAILY_BATCH,,5.9107,5.8701,DOWN,,,,,0.0,0.0,5.9107,0.0,5.5097,6.2305,,yfinance,5.0
2026-09-13 23:14:48,2026-05-26,BayArea_CA,v1.4-BayArea-Ridge,DAILY_BATCH,,5.8462,5.8431,DOWN,5.3705,DOWN,0.4726,1.0,0.0,0.0,5.8462,0.0,5.4826,6.2035,0.0,yfinance,5.0
2026-09-13 23:14:48,2026-05-27,BayArea_CA,v1.4-BayArea-Ridge,DAILY_BATCH,,5.6374,5.6579,UP,5.2837,DOWN,0.3742,0.0,0.0,0.0,5.6374,0.0,5.2975,6.0184,0.0,yfinance,5.0
2026-09-13 23:14:48,2026-05-28,BayArea_CA,v1.4-BayArea-Ridge,DAILY_BATCH,,5.5296,5.542,UP,5.3352,DOWN,0.2068,0.0,0.0,0.0,5.5296,0.0,5.1815,5.9024,1.0,yfinance,5.0
2026-09-13 23:14:48,2026-05-29,BayArea_CA,v1.4-BayArea-Ridge,DAILY_BATCH,,5.6039,5.6371,UP,5.2767,DOWN,0.3604,0.0,0.0,0.0,5.6039,0.0,5.2767,5.9976,0.0,yfinance,5.0
2026-09-13 23:14:48,2026-06-02,BayArea_CA,v1.4-BayArea-Ridge,DAILY_BATCH,,5.3705,5.4812,UP,5.2943,DOWN,0.1869,0.0,0.0,0.0,5.3705,0.0,5.1207,5.8416,1.0,yfinance,5.0
2026-09-13 23:14:48,2026-06-03,BayArea_CA,v1.4-BayArea-Ridge,DAILY_BATCH,,5.2837,5.4321,UP,5.2816,DOWN,0.1505,0.0,0.0,0.0,5.2837,0.0,5.0717,5.7926,1.0,yfinance,5.0
2026-09-13 23:14:48,2026-06-04,BayArea_CA,v1.4-BayArea-Ridge,DAILY_BATCH,,5.3352,5.4207,UP,5.1883,DOWN,0.2324,0.0,0.0,0.0,5.3352,0.0,5.0603,5.7812,1.0,yfinance,5.0
2026-09-13 23:14:48,2026-06-05,BayArea_CA,v1.4-BayArea-Ridge,DAILY_BATCH,,5.2767,5.4005,UP,5.1959,DOWN,0.2046,0.0,0.0,0.0,5.2767,0.0,5.0401,5.761,1.0,yfinance,5.0
2026-09-13 23:14:48,2026-06-08,BayArea_CA,v1.4-BayArea-Ridge,DAILY_BATCH,,5.2347,5.3484,UP,5.2206,DOWN,0.1278,0.0,0.0,0.0,5.2347,0.0,4.988,5.7089,1.0,yfinance,5.0
2026-09-13 23:14:48,2026-06-09,BayArea_CA,v1.4-BayArea-Ridge,DAILY_BATCH,,5.2943,5.3727,UP,5.1711,DOWN,0.2016,0.0,0.0,0.0,5.2943,0.0,5.0122,5.7331,1.0,yfinance,5.0
2026-09-13 23:14:48,2026-06-10,BayArea_CA,v1.4-BayArea-Ridge,DAILY_BATCH,,5.2816,5.3234,UP,5.2599,DOWN,0.0635,0.0,0.0,0.0,5.2816,0.0,4.9629,5.6838,1.0,yfinance,5.0
2026-09-13 23:14:48,2026-06-11,BayArea_CA,v1.4-BayArea-Ridge,DAILY_BATCH,,5.1883,5.2441,UP,5.2514,UP,0.0073,1.0,0.0,0.0,5.1883,0.0,4.8837,5.6045,1.0,yfinance,5.0
2026-09-13 23:14:48,2026-06-12,BayArea_CA,v1.4-BayArea-Ridge,DAILY_BATCH,,5.1959,5.2315,UP,5.1998,UP,0.0317,1.0,0.0,0.0,5.1959,0.0,4.8711,5.592,1.0,yfinance,5.0
2026-09-13 23:14:48,2026-06-15,BayArea_CA,v1.4-BayArea-Ridge,DAILY_BATCH,,5.2206,5.2605,UP,5.0972,DOWN,0.1633,0.0,0.0,0.0,5.2206,0.0,4.9001,5.621,1.0,yfinance,5.0
2026-09-13 23:14:48,2026-06-16,BayArea_CA,v1.4-BayArea-Ridge,DAILY_BATCH,,5.1711,5.2038,UP,5.0305,DOWN,0.1733,0.0,0.0,0.0,5.1711,0.0,4.8434,5.5643,1.0,yfinance,5.0
2026-09-13 23:14:48,2026-06-17,BayArea_CA,v1.4-BayArea-Ridge,DAILY_BATCH,,5.2599,5.2534,DOWN,5.0596,DOWN,0.1938,1.0,0.0,0.0,5.2599,0.0,4.893,5.6139,1.0,yfinance,5.0
2026-09-13 23:14:48,2026-06-18,BayArea_CA,v1.4-BayArea-Ridge,DAILY_BATCH,,5.2514,5.2471,DOWN,5.1449,DOWN,0.1022,1.0,0.0,0.0,5.2514,0.0,4.8866,5.6075,1.0,yfinance,5.0
2026-09-13 23:14:48,2026-06-19,BayArea_CA,v1.4-BayArea-Ridge,DAILY_BATCH,,5.1998,5.1977,DOWN,,,,,0.0,0.0,5.1998,0.0,4.8373,5.5582,,yfinance,5.0
2026-09-13 23:14:48,2026-06-22,BayArea_CA,v1.4-BayArea-Ridge,DAILY_BATCH,,5.0972,5.0869,DOWN,5.137,UP,0.0501,0.0,0.0,0.0,5.0972,0.0,4.7265,5.4473,1.0,yfinance,5.0
2026-09-13 23:14:48,2026-06-23,BayArea_CA,v1.4-BayArea-Ridge,DAILY_BATCH,,5.0305,5.0668,UP,5.109,UP,0.0422,1.0,0.0,0.0,5.0305,0.0,4.7063,5.4272,1.0,yfinance,5.0
2026-09-13 23:14:48,2026-06-24,BayArea_CA,v1.4-BayArea-Ridge,DAILY_BATCH,,5.0596,5.0937,UP,5.0318,DOWN,0.0619,0.0,0.0,0.0,5.0596,0.0,4.7333,5.4542,1.0,yfinance,5.0
2026-09-13 23:14:48,2026-06-25,BayArea_CA,v1.4-BayArea-Ridge,DAILY_BATCH,,5.1449,5.18,UP,5.1773,UP,0.0027,1.0,0.0,0.0,5.1449,0.0,4.8195,5.5404,1.0,yfinance,5.0
2026-09-13 23:14:48,2026-06-29,BayArea_CA,v1.4-BayArea-Ridge,DAILY_BATCH,,5.137,5.1624,UP,5.2114,UP,0.049,1.0,0.0,0.0,5.137,0.0,4.802,5.5229,1.0,yfinance,5.0
2026-09-13 23:14:48,2026-06-30,BayArea_CA,v1.4-BayArea-Ridge,DAILY_BATCH,,5.109,5.1165,UP,5.1644,UP,0.0479,1.0,0.0,0.0,5.109,0.0,4.756,5.4769,1.0,yfinance,5.0
2026-09-13 23:14:48,2026-07-01,BayArea_CA,v1.4-BayArea-Ridge,DAILY_BATCH,,5.0318,5.0336,UP,5.0952,UP,0.0616,1.0,0.0,0.0,5.0318,0.0,4.6732,5.3941,1.0,yfinance,5.0
2026-09-13 23:14:48,2026-07-02,BayArea_CA,v1.4-BayArea-Ridge,DAILY_BATCH,,5.1773,5.1877,UP,5.0673,DOWN,0.1204,0.0,0.0,0.0,5.1773,0.0,4.8273,5.5482,1.0,yfinance,5.0
2026-09-13 23:14:48,2026-07-03,BayArea_CA,v1.4-BayArea-Ridge,DAILY_BATCH,,5.1071,5.1369,UP,,,,,0.0,0.0,5.1071,0.0,4.7765,5.4974,,yfinance,5.0
2026-09-13 23:14:48,2026-07-06,BayArea_CA,v1.4-BayArea-Ridge,DAILY_BATCH,,5.2114,5.2322,UP,5.1533,DOWN,0.0789,0.0,0.0,0.0,5.2114,0.0,4.8717,5.5926,1.0,yfinance,5.0
2026-09-13 23:14:48,2026-07-07,BayArea_CA,v1.4-BayArea-Ridge,DAILY_BATCH,,5.1644,5.1552,DOWN,5.1039,DOWN,0.0513,1.0,0.0,0.0,5.1644,0.0,4.7948,5.5156,1.0,yfinance,5.0
2026-09-13 23:14:48,2026-07-08,BayArea_CA,v1.4-BayArea-Ridge,DAILY_BATCH,,5.0952,5.0584,DOWN,5.2534,UP,0.195,0.0,0.0,0.0,5.0952,0.0,4.698,5.4188,1.0,yfinance,5.0
2026-09-13 23:14:48,2026-07-09,BayArea_CA,v1.4-BayArea-Ridge,DAILY_BATCH,,5.0673,5.0544,DOWN,5.1887,UP,0.1343,0.0,0.0,0.0,5.0673,0.0,4.6939,5.4148,1.0,yfinance,5.0
2026-09-13 23:14:48,2026-07-13,BayArea_CA,v1.4-BayArea-Ridge,DAILY_BATCH,,5.1533,5.1772,UP,5.3163,UP,0.1391,1.0,0.0,0.0,5.1533,0.0,4.8167,5.5376,1.0,yfinance,5.0
2026-09-13 23:14:48,2026-07-14,BayArea_CA,v1.4-BayArea-Ridge,DAILY_BATCH,,5.1039,5.1304,UP,5.3773,UP,0.2469,1.0,0.0,0.0,5.1039,0.0,4.77,5.4909,1.0,yfinance,5.0
2026-09-13 23:14:48,2026-07-15,BayArea_CA,v1.4-BayArea-Ridge,DAILY_BATCH,,5.2534,5.2559,UP,5.4509,UP,0.195,1.0,0.0,0.0,5.2534,0.0,4.8955,5.6164,1.0,yfinance,5.0
2026-09-13 23:14:48,2026-07-16,BayArea_CA,v1.4-BayArea-Ridge,DAILY_BATCH,,5.1887,5.1801,DOWN,5.4347,UP,0.2546,0.0,0.0,0.0,5.1887,0.0,4.8196,5.5405,1.0,yfinance,5.0
2026-09-13 23:14:48,2026-07-17,BayArea_CA,v1.4-BayArea-Ridge,DAILY_BATCH,,5.1346,5.1574,UP,5.5427,UP,0.3853,1.0,0.0,0.0,5.1346,0.0,4.797,5.5179,0.0,yfinance,5.0
2026-09-13 23:14:48,2026-07-20,BayArea_CA,v1.4-BayArea-Ridge,DAILY_BATCH,,5.3163,5.3131,DOWN,5.539,UP,0.2259,0.0,0.0,0.0,5.3163,0.0,4.9526,5.6735,1.0,yfinance,5.0
2026-09-13 23:14:48,2026-07-21,BayArea_CA,v1.4-BayArea-Ridge,DAILY_BATCH,,5.3773,5.3652,DOWN,5.5559,UP,0.1907,0.0,0.0,0.0,5.3773,0.0,5.0047,5.7256,1.0,yfinance,5.0
2026-09-13 23:14:48,2026-07-22,BayArea_CA,v1.4-BayArea-Ridge,DAILY_BATCH,,5.4509,5.3791,DOWN,5.5647,UP,0.1856,0.0,0.0,0.0,5.4509,0.0,5.0187,5.7396,1.0,yfinance,5.0
2026-09-13 23:14:48,2026-07-23,BayArea_CA,v1.4-BayArea-Ridge,DAILY_BATCH,,5.4347,5.3692,DOWN,5.6464,UP,0.2772,0.0,0.0,0.0,5.4347,0.0,5.0087,5.7296,1.0,yfinance,5.0
2026-09-13 23:14:48,2026-07-24,BayArea_CA,v1.4-BayArea-Ridge,DAILY_BATCH,,5.5427,5.4303,DOWN,5.5459,UP,0.1156,0.0,0.0,0.0,5.5427,0.0,5.0699,5.7908,1.0,yfinance,5.0
2026-09-13 23:14:48,2026-07-27,BayArea_CA,v1.4-BayArea-Ridge,DAILY_BATCH,,5.539,5.4485,DOWN,5.4773,DOWN,0.0288,1.0,0.0,0.0,5.539,0.0,5.0881,5.809,1.0,yfinance,5.0
2026-09-13 23:14:48,2026-07-28,BayArea_CA,v1.4-BayArea-Ridge,DAILY_BATCH,,5.5559,5.4528,DOWN,5.4845,DOWN,0.0317,1.0,0.0,0.0,5.5559,0.0,5.0923,5.8132,1.0,yfinance,5.0
2026-09-13 23:14:48,2026-07-29,BayArea_CA,v1.4-BayArea-Ridge,DAILY_BATCH,,5.5647,5.5037,DOWN,5.5478,DOWN,0.0441,1.0,0.0,0.0,5.5647,0.0,5.1433,5.8642,1.0,yfinance,5.0
2026-09-13 23:14:48,2026-07-30,BayArea_CA,v1.4-BayArea-Ridge,DAILY_BATCH,,5.6464,5.5297,DOWN,5.4347,DOWN,0.095,1.0,0.0,0.0,5.6464,0.0,5.1693,5.8901,1.0,yfinance,5.0
2026-09-13 23:14:48,2026-07-31,BayArea_CA,v1.4-BayArea-Ridge,DAILY_BATCH,,5.5459,5.4698,DOWN,5.3716,DOWN,0.0982,1.0,0.0,0.0,5.5459,0.0,5.1094,5.8303,1.0,yfinance,5.0
2026-09-13 23:14:48,2026-08-03,BayArea_CA,v1.4-BayArea-Ridge,DAILY_BATCH,,5.4773,5.4659,DOWN,5.1167,DOWN,0.3492,1.0,0.0,0.0,5.4773,0.0,5.1054,5.8263,1.0,yfinance,5.0
2026-09-13 23:14:48,2026-08-04,BayArea_CA,v1.4-BayArea-Ridge,DAILY_BATCH,,5.4845,5.4906,UP,5.0022,DOWN,0.4884,0.0,0.0,0.0,5.4845,0.0,5.1302,5.8511,0.0,yfinance,5.0
2026-09-13 23:14:48,2026-08-05,BayArea_CA,v1.4-BayArea-Ridge,DAILY_BATCH,,5.5478,5.5469,DOWN,4.9888,DOWN,0.5581,1.0,0.0,0.0,5.5478,0.0,5.1865,5.9073,0.0,yfinance,5.0
2026-09-13 23:14:48,2026-08-06,BayArea_CA,v1.4-BayArea-Ridge,DAILY_BATCH,,5.4347,5.4627,UP,5.0885,DOWN,0.3742,0.0,0.0,0.0,5.4347,0.0,5.1023,5.8232,0.0,yfinance,5.0
2026-09-13 23:14:48,2026-08-07,BayArea_CA,v1.4-BayArea-Ridge,DAILY_BATCH,,5.3716,5.3895,UP,5.1353,DOWN,0.2542,0.0,0.0,0.0,5.3716,0.0,5.0291,5.75,1.0,yfinance,5.0
2026-09-13 23:14:48,2026-08-10,BayArea_CA,v1.4-BayArea-Ridge,DAILY_BATCH,,5.1167,5.1704,UP,5.2854,UP,0.115,1.0,0.0,0.0,5.1167,0.0,4.8099,5.5308,1.0,yfinance,5.0
2026-09-13 23:14:48,2026-08-11,BayArea_CA,v1.4-BayArea-Ridge,DAILY_BATCH,,5.0022,5.0847,UP,5.2866,UP,0.2019,1.0,0.0,0.0,5.0022,0.0,4.7243,5.4452,1.0,yfinance,5.0
2026-09-13 23:14:48,2026-08-12,BayArea_CA,v1.4-BayArea-Ridge,DAILY_BATCH,,4.9888,5.1052,UP,5.3037,UP,0.1985,1.0,0.0,0.0,4.9888,0.0,4.7447,5.4656,1.0,yfinance,5.0
2026-09-13 23:14:48,2026-08-13,BayArea_CA,v1.4-BayArea-Ridge,DAILY_BATCH,,5.0885,5.2166,UP,5.278,UP,0.0614,1.0,0.0,0.0,5.0885,0.0,4.8562,5.5771,1.0,yfinance,5.0
2026-09-13 23:14:48,2026-08-14,BayArea_CA,v1.4-BayArea-Ridge,DAILY_BATCH,,5.1353,5.175,UP,5.3341,UP,0.1591,1.0,0.0,0.0,5.1353,0.0,4.8146,5.5355,1.0,yfinance,5.0
2026-09-13 23:14:48,2026-08-17,BayArea_CA,v1.4-BayArea-Ridge,DAILY_BATCH,,5.2854,5.2153,DOWN,5.4201,UP,0.2048,0.0,0.0,0.0,5.2854,0.0,4.8549,5.5758,1.0,yfinance,5.0
2026-09-13 23:14:48,2026-08-18,BayArea_CA,v1.4-BayArea-Ridge,DAILY_BATCH,,5.2866,5.2096,DOWN,5.4517,UP,0.2421,0.0,0.0,0.0,5.2866,0.0,4.8492,5.5701,1.0,yfinance,5.0
2026-09-13 23:14:48,2026-08-19,BayArea_CA,v1.4-BayArea-Ridge,DAILY_BATCH,,5.3037,5.2645,DOWN,5.4051,UP,0.1406,0.0,0.0,0.0,5.3037,0.0,4.9041,5.6249,1.0,yfinance,5.0
2026-09-13 23:14:48,2026-08-20,BayArea_CA,v1.4-BayArea-Ridge,DAILY_BATCH,,5.278,5.2331,DOWN,5.4129,UP,0.1798,0.0,0.0,0.0,5.278,0.0,4.8727,5.5936,1.0,yfinance,5.0
2026-09-13 23:14:48,2026-08-21,BayArea_CA,v1.4-BayArea-Ridge,DAILY_BATCH,,5.3341,5.2706,DOWN,5.4979,UP,0.2273,0.0,0.0,0.0,5.3341,0.0,4.9102,5.6311,1.0,yfinance,5.0
2026-09-13 23:14:48,2026-08-24,BayArea_CA,v1.4-BayArea-Ridge,DAILY_BATCH,,5.4201,5.2917,DOWN,5.4208,UP,0.1291,0.0,0.0,0.0,5.4201,0.0,4.9312,5.6521,1.0,yfinance,5.0
2026-09-13 23:14:48,2026-08-25,BayArea_CA,v1.4-BayArea-Ridge,DAILY_BATCH,,5.4517,5.3304,DOWN,5.4029,DOWN,0.0725,1.0,0.0,0.0,5.4517,0.0,4.9699,5.6908,1.0,yfinance,5.0
2026-09-13 23:14:48,2026-08-26,BayArea_CA,v1.4-BayArea-Ridge,DAILY_BATCH,,5.4051,5.2852,DOWN,5.4701,UP,0.1849,0.0,0.0,0.0,5.4051,0.0,4.9247,5.6456,1.0,yfinance,5.0
2026-09-13 23:14:48,2026-08-27,BayArea_CA,v1.4-BayArea-Ridge,DAILY_BATCH,,5.4129,5.3,DOWN,5.5342,UP,0.2342,0.0,0.0,0.0,5.4129,0.0,4.9396,5.6605,1.0,yfinance,5.0
2026-09-13 23:14:48,2026-08-28,BayArea_CA,v1.4-BayArea-Ridge,DAILY_BATCH,,5.4979,5.352,DOWN,5.6399,UP,0.2879,0.0,0.0,0.0,5.4979,0.0,4.9916,5.7124,1.0,yfinance,5.0
2026-09-13 23:14:48,2026-08-31,BayArea_CA,v1.4-BayArea-Ridge,DAILY_BATCH,,5.4208,5.3507,DOWN,5.587,UP,0.2363,0.0,0.0,0.0,5.4208,0.0,4.9902,5.7111,1.0,yfinance,5.0
2026-09-13 23:14:48,2026-09-01,BayArea_CA,v1.4-BayArea-Ridge,DAILY_BATCH,,5.4029,5.3759,DOWN,5.2851,DOWN,0.0908,1.0,0.0,0.0,5.4029,0.0,5.0154,5.7363,1.0,yfinance,5.0
2026-09-13 23:14:48,2026-09-02,BayArea_CA,v1.4-BayArea-Ridge,DAILY_BATCH,,5.4701,5.4295,DOWN,5.2538,DOWN,0.1757,1.0,0.0,0.0,5.4701,0.0,5.069,5.7899,1.0,yfinance,5.0
2026-09-13 23:14:48,2026-09-03,BayArea_CA,v1.4-BayArea-Ridge,DAILY_BATCH,,5.5342,5.4875,DOWN,5.2849,DOWN,0.2026,1.0,0.0,0.0,5.5342,0.0,5.127,5.8479,1.0,yfinance,5.0
2026-09-13 23:14:48,2026-09-04,BayArea_CA,v1.4-BayArea-Ridge,DAILY_BATCH,,5.6399,5.5395,DOWN,5.3646,DOWN,0.1749,1.0,0.0,0.0,5.6399,0.0,5.1791,5.9,1.0,yfinance,5.0
2026-09-13 23:14:48,2026-09-07,BayArea_CA,v1.4-BayArea-Ridge,DAILY_BATCH,,5.587,5.5182,DOWN,,,,,0.0,0.0,5.587,0.0,5.1578,5.8787,,yfinance,5.0
2026-09-13 23:14:48,2026-09-08,BayArea_CA,v1.4-BayArea-Ridge,DAILY_BATCH,,5.2851,5.255,DOWN,5.4025,UP,0.1475,0.0,0.0,0.0,5.2851,0.0,4.8945,5.6154,1.0,yfinance,5.0
2026-09-13 23:14:48,2026-09-09,BayArea_CA,v1.4-BayArea-Ridge,DAILY_BATCH,,5.2538,5.2094,DOWN,5.3606,UP,0.1512,0.0,0.0,0.0,5.2538,0.0,4.8489,5.5698,1.0,yfinance,5.0
2026-09-13 23:14:48,2026-09-10,BayArea_CA,v1.4-BayArea-Ridge,DAILY_BATCH,,5.2849,5.2587,DOWN,5.5432,UP,0.2845,0.0,0.0,0.0,5.2849,0.0,4.8982,5.6191,1.0,yfinance,5.0
2026-09-13 23:15:14,2026-09-18,Oakland_CA,v1.4-Oakland-Ridge,DAILY_BATCH,,6.04,5.9894,DOWN,,,,,0.0,0.0,6.04,0.0,5.6315,6.3473,,yfinance,5.0
2026-09-13 23:15:15,2026-09-18,BayArea_CA,v1.4-BayArea-Ridge,DAILY_BATCH,,6.143,6.0916,DOWN,,,,,0.0,0.0,6.143,0.0,5.7311,6.452,,yfinance,5.0
2026-09-13 23:15:22,2025-10-02,Port_St_Lucie_FL,v1.4-Finlight-PortStLucie-Ridge,DAILY_BATCH,,2.494,2.4418,DOWN,2.401,DOWN,0.0408,1.0,0.0,0.0,2.494,0.0,2.1537,2.7299,1.0,yfinance,5.0
2026-09-13 23:15:22,2025-10-03,Port_St_Lucie_FL,v1.4-Finlight-PortStLucie-Ridge,DAILY_BATCH,,2.5294,2.4829,DOWN,2.4105,DOWN,0.0724,1.0,0.0,0.0,2.5294,0.0,2.1948,2.771,1.0,yfinance,5.0
2026-09-13 23:15:22,2025-10-06,Port_St_Lucie_FL,v1.4-Finlight-PortStLucie-Ridge,DAILY_BATCH,,2.4869,2.4675,DOWN,2.4516,DOWN,0.0159,1.0,0.0,0.0,2.4869,0.0,2.1794,2.7557,1.0,yfinance,5.0
2026-09-13 23:15:22,2025-10-07,Port_St_Lucie_FL,v1.4-Finlight-PortStLucie-Ridge,DAILY_BATCH,,2.4647,2.4494,DOWN,2.4439,DOWN,0.0055,1.0,0.0,0.0,2.4647,0.0,2.1613,2.7375,1.0,yfinance,5.0
2026-09-13 23:15:22,2025-10-08,Port_St_Lucie_FL,v1.4-Finlight-PortStLucie-Ridge,DAILY_BATCH,,2.3777,2.292,DOWN,2.4595,UP,0.1675,0.0,0.0,0.0,2.3777,0.0,2.0039,2.5801,1.0,yfinance,5.0
2026-09-13 23:15:22,2025-10-09,Port_St_Lucie_FL,v1.4-Finlight-PortStLucie-Ridge,DAILY_BATCH,,2.3428,2.312,DOWN,2.4326,UP,0.1206,0.0,0.0,0.0,2.3428,0.0,2.0239,2.6001,1.0,yfinance,5.0
2026-09-13 23:15:22,2025-10-10,Port_St_Lucie_FL,v1.4-Finlight-PortStLucie-Ridge,DAILY_BATCH,,2.3523,2.3501,DOWN,2.3704,UP,0.0203,0.0,0.0,0.0,2.3523,0.0,2.0619,2.6382,1.0,yfinance,5.0
2026-09-13 23:15:22,2025-10-13,Port_St_Lucie_FL,v1.4-Finlight-PortStLucie-Ridge,DAILY_BATCH,,2.3934,2.4004,UP,2.3938,UP,0.0066,1.0,0.0,0.0,2.3934,0.0,2.1123,2.6885,1.0,yfinance,5.0
2026-09-13 23:15:22,2025-10-14,Port_St_Lucie_FL,v1.4-Finlight-PortStLucie-Ridge,DAILY_BATCH,,2.3857,2.3861,UP,2.3786,DOWN,0.0075,0.0,0.0,0.0,2.3857,0.0,2.0979,2.6742,1.0,yfinance,5.0
2026-09-13 23:15:22,2025-10-15,Port_St_Lucie_FL,v1.4-Finlight-PortStLucie-Ridge,DAILY_BATCH,,2.4013,2.4043,UP,2.3844,DOWN,0.0199,0.0,0.0,0.0,2.4013,0.0,2.1161,2.6924,1.0,yfinance,5.0
2026-09-13 23:15:22,2025-10-16,Port_St_Lucie_FL,v1.4-Finlight-PortStLucie-Ridge,DAILY_BATCH,,2.3744,2.3966,UP,2.3617,DOWN,0.0349,0.0,0.0,0.0,2.3744,0.0,2.1084,2.6847,1.0,yfinance,5.0
2026-09-13 23:15:22,2025-10-17,Port_St_Lucie_FL,v1.4-Finlight-PortStLucie-Ridge,DAILY_BATCH,,2.3122,2.3579,UP,2.3877,UP,0.0298,1.0,0.0,0.0,2.3122,0.0,2.0698,2.646,1.0,yfinance,5.0
2026-09-13 23:15:22,2025-10-20,Port_St_Lucie_FL,v1.4-Finlight-PortStLucie-Ridge,DAILY_BATCH,,2.3356,2.3633,UP,2.3802,UP,0.0169,1.0,0.0,0.0,2.3356,0.0,2.0752,2.6514,1.0,yfinance,5.0
2026-09-13 23:15:22,2025-10-21,Port_St_Lucie_FL,v1.4-Finlight-PortStLucie-Ridge,DAILY_BATCH,,2.3204,2.3638,UP,2.3753,UP,0.0115,1.0,0.0,0.0,2.3204,0.0,2.0757,2.6519,1.0,yfinance,5.0
2026-09-13 23:15:22,2025-10-22,Port_St_Lucie_FL,v1.4-Finlight-PortStLucie-Ridge,DAILY_BATCH,,2.3262,2.3621,UP,2.415,UP,0.0529,1.0,0.0,0.0,2.3262,0.0,2.074,2.6502,1.0,yfinance,5.0
2026-09-13 23:15:22,2025-10-23,Port_St_Lucie_FL,v1.4-Finlight-PortStLucie-Ridge,DAILY_BATCH,,2.3035,2.3287,UP,2.4769,UP,0.1482,1.0,0.0,0.0,2.3035,0.0,2.0406,2.6169,1.0,yfinance,5.0
2026-09-13 23:15:22,2025-10-24,Port_St_Lucie_FL,v1.4-Finlight-PortStLucie-Ridge,DAILY_BATCH,,2.3295,2.3462,UP,2.4727,UP,0.1265,1.0,0.0,0.0,2.3295,0.0,2.0581,2.6343,1.0,yfinance,5.0
2026-09-13 23:15:22,2025-10-27,Port_St_Lucie_FL,v1.4-Finlight-PortStLucie-Ridge,DAILY_BATCH,,2.322,2.35,UP,2.4704,UP,0.1204,1.0,0.0,0.0,2.322,0.0,2.0619,2.6381,1.0,yfinance,5.0
2026-09-13 23:15:22,2025-10-28,Port_St_Lucie_FL,v1.4-Finlight-PortStLucie-Ridge,DAILY_BATCH,,2.3171,2.34,UP,2.4752,UP,0.1352,1.0,0.0,0.0,2.3171,0.0,2.0519,2.6282,1.0,yfinance,5.0
2026-09-13 23:15:22,2025-10-29,Port_St_Lucie_FL,v1.4-Finlight-PortStLucie-Ridge,DAILY_BATCH,,2.3568,2.3598,UP,2.5237,UP,0.1639,1.0,0.0,0.0,2.3568,0.0,2.0717,2.6479,1.0,yfinance,5.0
2026-09-13 23:15:22,2025-10-30,Port_St_Lucie_FL,v1.4-Finlight-PortStLucie-Ridge,DAILY_BATCH,,2.4187,2.3962,DOWN,2.5534,UP,0.1572,0.0,0.0,0.0,2.4187,0.0,2.1081,2.6843,1.0,yfinance,5.0
2026-09-13 23:15:22,2025-10-31,Port_St_Lucie_FL,v1.4-Finlight-PortStLucie-Ridge,DAILY_BATCH,,2.4145,2.3904,DOWN,2.5431,UP,0.1527,0.0,0.0,0.0,2.4145,0.0,2.1023,2.6785,1.0,yfinance,5.0
2026-09-13 23:15:22,2025-11-03,Port_St_Lucie_FL,v1.4-Finlight-PortStLucie-Ridge,DAILY_BATCH,,2.4122,2.4162,UP,2.4661,UP,0.0499,1.0,0.0,0.0,2.4122,0.0,2.1281,2.7044,1.0,yfinance,5.0
2026-09-13 23:15:22,2025-11-04,Port_St_Lucie_FL,v1.4-Finlight-PortStLucie-Ridge,DAILY_BATCH,,2.417,2.4313,UP,2.4728,UP,0.0415,1.0,0.0,0.0,2.417,0.0,2.1432,2.7194,1.0,yfinance,5.0
2026-09-13 23:15:22,2025-11-05,Port_St_Lucie_FL,v1.4-Finlight-PortStLucie-Ridge,DAILY_BATCH,,2.4655,2.4698,UP,2.4593,DOWN,0.0105,0.0,0.0,0.0,2.4655,0.0,2.1817,2.758,1.0,yfinance,5.0
2026-09-13 23:15:22,2025-11-06,Port_St_Lucie_FL,v1.4-Finlight-PortStLucie-Ridge,DAILY_BATCH,,2.4952,2.4562,DOWN,2.5156,UP,0.0594,0.0,0.0,0.0,2.4952,0.0,2.1681,2.7443,1.0,yfinance,5.0
2026-09-13 23:15:22,2025-11-07,Port_St_Lucie_FL,v1.4-Finlight-PortStLucie-Ridge,DAILY_BATCH,,2.4849,2.4633,DOWN,2.4903,UP,0.027,0.0,0.0,0.0,2.4849,0.0,2.1752,2.7515,1.0,yfinance,5.0
2026-09-13 23:15:22,2025-11-10,Port_St_Lucie_FL,v1.4-Finlight-PortStLucie-Ridge,DAILY_BATCH,,2.4079,2.3953,DOWN,2.5211,UP,0.1258,0.0,0.0,0.0,2.4079,0.0,2.1072,2.6834,1.0,yfinance,5.0
2026-09-13 23:15:22,2025-11-11,Port_St_Lucie_FL,v1.4-Finlight-PortStLucie-Ridge,DAILY_BATCH,,2.4146,2.4054,DOWN,2.562,UP,0.1566,0.0,0.0,0.0,2.4146,0.0,2.1173,2.6936,1.0,yfinance,5.0
2026-09-13 23:15:22,2025-11-12,Port_St_Lucie_FL,v1.4-Finlight-PortStLucie-Ridge,DAILY_BATCH,,2.4011,2.4167,UP,2.5054,UP,0.0887,1.0,0.0,0.0,2.4011,0.0,2.1286,2.7048,1.0,yfinance,5.0
2026-09-13 23:15:22,2025-11-13,Port_St_Lucie_FL,v1.4-Finlight-PortStLucie-Ridge,DAILY_BATCH,,2.4574,2.5273,UP,2.5097,UP,0.0176,1.0,0.0,0.0,2.4574,0.0,2.2392,2.8154,1.0,yfinance,5.0
2026-09-13 23:15:22,2025-11-14,Port_St_Lucie_FL,v1.4-Finlight-PortStLucie-Ridge,DAILY_BATCH,,2.4321,2.4887,UP,2.5616,UP,0.0729,1.0,0.0,0.0,2.4321,0.0,2.2006,2.7768,1.0,yfinance,5.0
2026-09-13 23:15:22,2025-11-17,Port_St_Lucie_FL,v1.4-Finlight-PortStLucie-Ridge,DAILY_BATCH,,2.4629,2.4941,UP,2.5401,UP,0.046,1.0,0.0,0.0,2.4629,0.0,2.206,2.7822,1.0,yfinance,5.0
2026-09-13 23:15:22,2025-11-18,Port_St_Lucie_FL,v1.4-Finlight-PortStLucie-Ridge,DAILY_BATCH,,2.5038,2.5353,UP,2.5493,UP,0.014,1.0,0.0,0.0,2.5038,0.0,2.2472,2.8234,1.0,yfinance,5.0
2026-09-13 23:15:22,2025-11-19,Port_St_Lucie_FL,v1.4-Finlight-PortStLucie-Ridge,DAILY_BATCH,,2.4472,2.4843,UP,2.4821,UP,0.0022,1.0,0.0,0.0,2.4472,0.0,2.1962,2.7724,1.0,yfinance,5.0
2026-09-13 23:15:22,2025-11-20,Port_St_Lucie_FL,v1.4-Finlight-PortStLucie-Ridge,DAILY_BATCH,,2.4515,2.4959,UP,2.4684,UP,0.0275,1.0,0.0,0.0,2.4515,0.0,2.2078,2.784,1.0,yfinance,5.0
2026-09-13 23:15:22,2025-11-21,Port_St_Lucie_FL,v1.4-Finlight-PortStLucie-Ridge,DAILY_BATCH,,2.5034,2.5447,UP,2.4334,DOWN,0.1113,0.0,0.0,0.0,2.5034,0.0,2.2566,2.8328,1.0,yfinance,5.0
2026-09-13 23:15:22,2025-11-24,Port_St_Lucie_FL,v1.4-Finlight-PortStLucie-Ridge,DAILY_BATCH,,2.4819,2.5149,UP,2.4466,DOWN,0.0683,0.0,0.0,0.0,2.4819,0.0,2.2268,2.8031,1.0,yfinance,5.0
2026-09-13 23:15:22,2025-11-25,Port_St_Lucie_FL,v1.4-Finlight-PortStLucie-Ridge,DAILY_BATCH,,2.4911,2.5165,UP,2.4072,DOWN,0.1093,0.0,0.0,0.0,2.4911,0.0,2.2284,2.8046,1.0,yfinance,5.0
2026-09-13 23:15:22,2025-11-26,Port_St_Lucie_FL,v1.4-Finlight-PortStLucie-Ridge,DAILY_BATCH,,2.4239,2.4044,DOWN,2.439,UP,0.0346,0.0,0.0,0.0,2.4239,0.0,2.1163,2.6925,1.0,yfinance,5.0
2026-09-13 23:15:22,2025-11-27,Port_St_Lucie_FL,v1.4-Finlight-PortStLucie-Ridge,DAILY_BATCH,,2.4102,2.4082,DOWN,,,,,0.0,0.0,2.4102,0.0,2.1201,2.6964,,yfinance,5.0
2026-09-13 23:15:22,2025-11-28,Port_St_Lucie_FL,v1.4-Finlight-PortStLucie-Ridge,DAILY_BATCH,,2.3752,2.3681,DOWN,2.4459,UP,0.0778,0.0,0.0,0.0,2.3752,0.0,2.08,2.6563,1.0,yfinance,5.0
2026-09-13 23:15:22,2025-12-01,Port_St_Lucie_FL,v1.4-Finlight-PortStLucie-Ridge,DAILY_BATCH,,2.3884,2.4226,UP,2.4189,UP,0.0037,1.0,0.0,0.0,2.3884,0.0,2.1344,2.7107,1.0,yfinance,5.0
2026-09-13 23:15:22,2025-12-02,Port_St_Lucie_FL,v1.4-Finlight-PortStLucie-Ridge,DAILY_BATCH,,2.349,2.3763,UP,2.3803,UP,0.004,1.0,0.0,0.0,2.349,0.0,2.0882,2.6644,1.0,yfinance,5.0
2026-09-13 23:15:22,2025-12-03,Port_St_Lucie_FL,v1.4-Finlight-PortStLucie-Ridge,DAILY_BATCH,,2.3808,2.3981,UP,2.3772,DOWN,0.0209,0.0,0.0,0.0,2.3808,0.0,2.11,2.6862,1.0,yfinance,5.0
2026-09-13 23:15:22,2025-12-05,Port_St_Lucie_FL,v1.4-Finlight-PortStLucie-Ridge,DAILY_BATCH,,2.3877,2.4057,UP,2.3841,DOWN,0.0216,0.0,0.0,0.0,2.3877,0.0,2.1176,2.6939,1.0,yfinance,5.0
2026-09-13 23:15:22,2025-12-08,Port_St_Lucie_FL,v1.4-Finlight-PortStLucie-Ridge,DAILY_BATCH,,2.3607,2.3793,UP,2.3481,DOWN,0.0312,0.0,0.0,0.0,2.3607,0.0,2.0912,2.6675,1.0,yfinance,5.0
2026-09-13 23:15:22,2025-12-09,Port_St_Lucie_FL,v1.4-Finlight-PortStLucie-Ridge,DAILY_BATCH,,2.3221,2.3299,UP,2.3397,UP,0.0098,1.0,0.0,0.0,2.3221,0.0,2.0417,2.618,1.0,yfinance,5.0
2026-09-13 23:15:22,2025-12-10,Port_St_Lucie_FL,v1.4-Finlight-PortStLucie-Ridge,DAILY_BATCH,,2.319,2.3338,UP,2.3315,UP,0.0023,1.0,0.0,0.0,2.319,0.0,2.0457,2.6219,1.0,yfinance,5.0
2026-09-13 23:15:22,2025-12-11,Port_St_Lucie_FL,v1.4-Finlight-PortStLucie-Ridge,DAILY_BATCH,,2.3189,2.3236,UP,2.3098,DOWN,0.0138,0.0,0.0,0.0,2.3189,0.0,2.0355,2.6117,1.0,yfinance,5.0
2026-09-13 23:15:22,2025-12-12,Port_St_Lucie_FL,v1.4-Finlight-PortStLucie-Ridge,DAILY_BATCH,,2.3259,2.3195,DOWN,2.3021,DOWN,0.0174,1.0,0.0,0.0,2.3259,0.0,2.0313,2.6076,1.0,yfinance,5.0
2026-09-13 23:15:22,2025-12-15,Port_St_Lucie_FL,v1.4-Finlight-PortStLucie-Ridge,DAILY_BATCH,,2.2899,2.2935,UP,2.2823,DOWN,0.0112,0.0,0.0,0.0,2.2899,0.0,2.0054,2.5817,1.0,yfinance,5.0
2026-09-13 23:15:22,2025-12-16,Port_St_Lucie_FL,v1.4-Finlight-PortStLucie-Ridge,DAILY_BATCH,,2.2815,2.2948,UP,2.2309,DOWN,0.0639,0.0,0.0,0.0,2.2815,0.0,2.0067,2.5829,1.0,yfinance,5.0
2026-09-13 23:15:22,2025-12-17,Port_St_Lucie_FL,v1.4-Finlight-PortStLucie-Ridge,DAILY_BATCH,,2.2733,2.2662,DOWN,2.2443,DOWN,0.0219,1.0,0.0,0.0,2.2733,0.0,1.9781,2.5543,1.0,yfinance,5.0
2026-09-13 23:15:22,2025-12-18,Port_St_Lucie_FL,v1.4-Finlight-PortStLucie-Ridge,DAILY_BATCH,,2.2516,2.2761,UP,2.2513,DOWN,0.0248,0.0,0.0,0.0,2.2516,0.0,1.988,2.5642,1.0,yfinance,5.0
2026-09-13 23:15:22,2025-12-19,Port_St_Lucie_FL,v1.4-Finlight-PortStLucie-Ridge,DAILY_BATCH,,2.2439,2.2697,UP,2.2582,UP,0.0115,1.0,0.0,0.0,2.2439,0.0,1.9816,2.5578,1.0,yfinance,5.0
2026-09-13 23:15:22,2025-12-22,Port_St_Lucie_FL,v1.4-Finlight-PortStLucie-Ridge,DAILY_BATCH,,2.2241,2.2651,UP,2.2922,UP,0.0271,1.0,0.0,0.0,2.2241,0.0,1.977,2.5532,1.0,yfinance,5.0
2026-09-13 23:15:22,2025-12-23,Port_St_Lucie_FL,v1.4-Finlight-PortStLucie-Ridge,DAILY_BATCH,,2.1727,2.2089,UP,2.2932,UP,0.0843,1.0,0.0,0.0,2.1727,0.0,1.9208,2.497,1.0,yfinance,5.0
2026-09-13 23:15:22,2025-12-24,Port_St_Lucie_FL,v1.4-Finlight-PortStLucie-Ridge,DAILY_BATCH,,2.1861,2.2195,UP,2.2971,UP,0.0776,1.0,0.0,0.0,2.1861,0.0,1.9314,2.5076,1.0,yfinance,5.0
2026-09-13 23:15:22,2025-12-25,Port_St_Lucie_FL,v1.4-Finlight-PortStLucie-Ridge,DAILY_BATCH,,2.1931,2.2219,UP,,,,,0.0,0.0,2.1931,0.0,1.9338,2.51,,yfinance,5.0
2026-09-13 23:15:22,2025-12-26,Port_St_Lucie_FL,v1.4-Finlight-PortStLucie-Ridge,DAILY_BATCH,,2.2,2.2568,UP,2.2471,UP,0.0097,1.0,0.0,0.0,2.2,0.0,1.9687,2.5449,1.0,yfinance,5.0
2026-09-13 23:15:22,2025-12-29,Port_St_Lucie_FL,v1.4-Finlight-PortStLucie-Ridge,DAILY_BATCH,,2.234,2.2658,UP,2.2652,UP,0.0006,1.0,0.0,0.0,2.234,0.0,1.9777,2.5539,1.0,yfinance,5.0
2026-09-13 23:15:22,2025-12-30,Port_St_Lucie_FL,v1.4-Finlight-PortStLucie-Ridge,DAILY_BATCH,,2.235,2.276,UP,2.271,UP,0.005,1.0,0.0,0.0,2.235,0.0,1.9879,2.5641,1.0,yfinance,5.0
2026-09-13 23:15:22,2025-12-31,Port_St_Lucie_FL,v1.4-Finlight-PortStLucie-Ridge,DAILY_BATCH,,2.2389,2.2537,UP,2.2554,UP,0.0017,1.0,0.0,0.0,2.2389,0.0,1.9655,2.5418,1.0,yfinance,5.0
2026-09-13 23:15:22,2026-01-02,Port_St_Lucie_FL,v1.4-Finlight-PortStLucie-Ridge,DAILY_BATCH,,2.1889,2.2165,UP,2.2482,UP,0.0317,1.0,0.0,0.0,2.1889,0.0,1.9284,2.5046,1.0,yfinance,5.0
2026-09-13 23:15:22,2026-01-05,Port_St_Lucie_FL,v1.4-Finlight-PortStLucie-Ridge,DAILY_BATCH,,2.207,2.231,UP,2.27,UP,0.039,1.0,0.0,0.0,2.207,0.0,1.9429,2.5192,1.0,yfinance,5.0
2026-09-13 23:15:22,2026-01-06,Port_St_Lucie_FL,v1.4-Finlight-PortStLucie-Ridge,DAILY_BATCH,,2.2128,2.2476,UP,2.2506,UP,0.003,1.0,0.0,0.0,2.2128,0.0,1.9595,2.5357,1.0,yfinance,5.0
2026-09-13 23:15:22,2026-01-07,Port_St_Lucie_FL,v1.4-Finlight-PortStLucie-Ridge,DAILY_BATCH,,2.1972,2.2242,UP,2.2445,UP,0.0203,1.0,0.0,0.0,2.1972,0.0,1.936,2.5123,1.0,yfinance,5.0
2026-09-13 23:15:22,2026-01-09,Port_St_Lucie_FL,v1.4-Finlight-PortStLucie-Ridge,DAILY_BATCH,,2.19,2.2186,UP,2.3306,UP,0.112,1.0,0.0,0.0,2.19,0.0,1.9305,2.5068,1.0,yfinance,5.0
2026-09-13 23:15:22,2026-01-12,Port_St_Lucie_FL,v1.4-Finlight-PortStLucie-Ridge,DAILY_BATCH,,2.2118,2.2425,UP,2.3438,UP,0.1013,1.0,0.0,0.0,2.2118,0.0,1.9543,2.5306,1.0,yfinance,5.0
2026-09-13 23:15:22,2026-01-13,Port_St_Lucie_FL,v1.4-Finlight-PortStLucie-Ridge,DAILY_BATCH,,2.1924,2.2247,UP,2.3765,UP,0.1518,1.0,0.0,0.0,2.1924,0.0,1.9366,2.5128,1.0,yfinance,5.0
2026-09-13 23:15:22,2026-01-14,Port_St_Lucie_FL,v1.4-Finlight-PortStLucie-Ridge,DAILY_BATCH,,2.1863,2.234,UP,2.3804,UP,0.1464,1.0,0.0,0.0,2.1863,0.0,1.9459,2.5222,1.0,yfinance,5.0
2026-09-13 23:15:22,2026-01-15,Port_St_Lucie_FL,v1.4-Finlight-PortStLucie-Ridge,DAILY_BATCH,,2.2521,2.3417,UP,2.3338,UP,0.0079,1.0,0.0,0.0,2.2521,0.0,2.0536,2.6298,1.0,yfinance,5.0
2026-09-13 23:15:22,2026-01-16,Port_St_Lucie_FL,v1.4-Finlight-PortStLucie-Ridge,DAILY_BATCH,,2.2724,2.372,UP,2.3352,UP,0.0368,1.0,0.0,0.0,2.2724,0.0,2.0838,2.6601,1.0,yfinance,5.0
2026-09-13 23:15:22,2026-01-19,Port_St_Lucie_FL,v1.4-Finlight-PortStLucie-Ridge,DAILY_BATCH,,2.2856,2.3797,UP,,,,,0.0,0.0,2.2856,0.0,2.0916,2.6679,,yfinance,5.0
2026-09-13 23:15:22,2026-01-20,Port_St_Lucie_FL,v1.4-Finlight-PortStLucie-Ridge,DAILY_BATCH,,2.3183,2.4144,UP,2.3738,UP,0.0406,1.0,0.0,0.0,2.3183,0.0,2.1263,2.7025,1.0,yfinance,5.0
2026-09-13 23:15:22,2026-01-21,Port_St_Lucie_FL,v1.4-Finlight-PortStLucie-Ridge,DAILY_BATCH,,2.3222,2.3919,UP,2.4074,UP,0.0155,1.0,0.0,0.0,2.3222,0.0,2.1038,2.68,1.0,yfinance,5.0
2026-09-13 23:15:22,2026-01-22,Port_St_Lucie_FL,v1.4-Finlight-PortStLucie-Ridge,DAILY_BATCH,,2.2756,2.3438,UP,2.3672,UP,0.0234,1.0,0.0,0.0,2.2756,0.0,2.0557,2.6319,1.0,yfinance,5.0
2026-09-13 23:15:22,2026-01-23,Port_St_Lucie_FL,v1.4-Finlight-PortStLucie-Ridge,DAILY_BATCH,,2.277,2.3358,UP,2.401,UP,0.0652,1.0,0.0,0.0,2.277,0.0,2.0477,2.6239,1.0,yfinance,5.0
2026-09-13 23:15:22,2026-01-27,Port_St_Lucie_FL,v1.4-Finlight-PortStLucie-Ridge,DAILY_BATCH,,2.3156,2.3945,UP,2.4152,UP,0.0207,1.0,0.0,0.0,2.3156,0.0,2.1064,2.6826,1.0,yfinance,5.0
2026-09-13 23:15:22,2026-01-28,Port_St_Lucie_FL,v1.4-Finlight-PortStLucie-Ridge,DAILY_BATCH,,2.3492,2.4135,UP,2.4423,UP,0.0288,1.0,0.0,0.0,2.3492,0.0,2.1253,2.7016,1.0,yfinance,5.0
2026-09-13 23:15:22,2026-01-29,Port_St_Lucie_FL,v1.4-Finlight-PortStLucie-Ridge,DAILY_BATCH,,2.309,2.3692,UP,2.47,UP,0.1008,1.0,0.0,0.0,2.309,0.0,2.0811,2.6573,1.0,yfinance,5.0
2026-09-13 23:15:22,2026-01-30,Port_St_Lucie_FL,v1.4-Finlight-PortStLucie-Ridge,DAILY_BATCH,,2.3428,2.411,UP,2.4728,UP,0.0618,1.0,0.0,0.0,2.3428,0.0,2.1229,2.6991,1.0,yfinance,5.0
2026-09-13 23:15:22,2026-02-02,Port_St_Lucie_FL,v1.4-Finlight-PortStLucie-Ridge,DAILY_BATCH,,2.3119,2.4074,UP,2.4014,UP,0.006,1.0,0.0,0.0,2.3119,0.0,2.1193,2.6955,1.0,yfinance,5.0
2026-09-13 23:15:22,2026-02-03,Port_St_Lucie_FL,v1.4-Finlight-PortStLucie-Ridge,DAILY_BATCH,,2.357,2.4553,UP,2.4479,UP,0.0074,1.0,0.0,0.0,2.357,0.0,2.1671,2.7434,1.0,yfinance,5.0
2026-09-13 23:15:22,2026-02-04,Port_St_Lucie_FL,v1.4-Finlight-PortStLucie-Ridge,DAILY_BATCH,,2.3841,2.479,UP,2.5152,UP,0.0362,1.0,0.0,0.0,2.3841,0.0,2.1909,2.7672,1.0,yfinance,5.0
2026-09-13 23:15:22,2026-02-05,Port_St_Lucie_FL,v1.4-Finlight-PortStLucie-Ridge,DAILY_BATCH,,2.4118,2.4833,UP,2.4766,UP,0.0067,1.0,0.0,0.0,2.4118,0.0,2.1952,2.7714,1.0,yfinance,5.0
2026-09-13 23:15:22,2026-02-06,Port_St_Lucie_FL,v1.4-Finlight-PortStLucie-Ridge,DAILY_BATCH,,2.4146,2.4834,UP,2.5032,UP,0.0198,1.0,0.0,0.0,2.4146,0.0,2.1953,2.7715,1.0,yfinance,5.0
2026-09-13 23:15:22,2026-02-09,Port_St_Lucie_FL,v1.4-Finlight-PortStLucie-Ridge,DAILY_BATCH,,2.3432,2.4207,UP,2.5355,UP,0.1148,1.0,0.0,0.0,2.3432,0.0,2.1326,2.7088,1.0,yfinance,5.0
2026-09-13 23:15:22,2026-02-10,Port_St_Lucie_FL,v1.4-Finlight-PortStLucie-Ridge,DAILY_BATCH,,2.3897,2.4846,UP,2.5092,UP,0.0246,1.0,0.0,0.0,2.3897,0.0,2.1965,2.7727,1.0,yfinance,5.0
2026-09-13 23:15:22,2026-02-11,Port_St_Lucie_FL,v1.4-Finlight-PortStLucie-Ridge,DAILY_BATCH,,2.457,2.5492,UP,2.5289,UP,0.0203,1.0,0.0,0.0,2.457,0.0,2.2611,2.8373,1.0,yfinance,5.0
2026-09-13 23:15:22,2026-02-12,Port_St_Lucie_FL,v1.4-Finlight-PortStLucie-Ridge,DAILY_BATCH,,2.4184,2.5042,UP,2.4659,UP,0.0383,1.0,0.0,0.0,2.4184,0.0,2.2161,2.7923,1.0,yfinance,5.0
2026-09-13 23:15:22,2026-02-13,Port_St_Lucie_FL,v1.4-Finlight-PortStLucie-Ridge,DAILY_BATCH,,2.445,2.5502,UP,2.461,UP,0.0892,1.0,0.0,0.0,2.445,0.0,2.262,2.8383,1.0,yfinance,5.0
2026-09-13 23:15:22,2026-02-16,Port_St_Lucie_FL,v1.4-Finlight-PortStLucie-Ridge,DAILY_BATCH,,2.4773,2.5568,UP,,,,,0.0,0.0,2.4773,0.0,2.2686,2.8449,,yfinance,5.0
2026-09-13 23:15:22,2026-02-17,Port_St_Lucie_FL,v1.4-Finlight-PortStLucie-Ridge,DAILY_BATCH,,2.451,2.5367,UP,2.4644,UP,0.0723,1.0,0.0,0.0,2.451,0.0,2.2485,2.8248,1.0,yfinance,5.0
2026-09-13 23:15:22,2026-02-18,Port_St_Lucie_FL,v1.4-Finlight-PortStLucie-Ridge,DAILY_BATCH,,2.4707,2.5577,UP,2.518,UP,0.0397,1.0,0.0,0.0,2.4707,0.0,2.2695,2.8458,1.0,yfinance,5.0
2026-09-13 23:15:22,2026-02-19,Port_St_Lucie_FL,v1.4-Finlight-PortStLucie-Ridge,DAILY_BATCH,,2.4077,2.4931,UP,2.5566,UP,0.0635,1.0,0.0,0.0,2.4077,0.0,2.205,2.7813,1.0,yfinance,5.0
2026-09-13 23:15:22,2026-02-20,Port_St_Lucie_FL,v1.4-Finlight-PortStLucie-Ridge,DAILY_BATCH,,2.4028,2.518,UP,2.5473,UP,0.0293,1.0,0.0,0.0,2.4028,0.0,2.2298,2.8061,1.0,yfinance,5.0
2026-09-13 23:15:22,2026-02-24,Port_St_Lucie_FL,v1.4-Finlight-PortStLucie-Ridge,DAILY_BATCH,,2.4062,2.49,UP,2.5214,UP,0.0314,1.0,0.0,0.0,2.4062,0.0,2.2019,2.7781,1.0,yfinance,5.0
2026-09-13 23:15:22,2026-02-25,Port_St_Lucie_FL,v1.4-Finlight-PortStLucie-Ridge,DAILY_BATCH,,2.4598,2.5562,UP,2.5414,UP,0.0148,1.0,0.0,0.0,2.4598,0.0,2.268,2.8443,1.0,yfinance,5.0
2026-09-13 23:15:22,2026-02-26,Port_St_Lucie_FL,v1.4-Finlight-PortStLucie-Ridge,DAILY_BATCH,,2.4984,2.619,UP,2.5823,UP,0.0367,1.0,0.0,0.0,2.4984,0.0,2.3309,2.9071,1.0,yfinance,5.0
2026-09-13 23:15:22,2026-02-27,Port_St_Lucie_FL,v1.4-Finlight-PortStLucie-Ridge,DAILY_BATCH,,2.4891,2.597,UP,2.6279,UP,0.0309,1.0,0.0,0.0,2.4891,0.0,2.3089,2.8851,1.0,yfinance,5.0
2026-09-13 23:15:22,2026-03-02,Port_St_Lucie_FL,v1.4-Finlight-PortStLucie-Ridge,DAILY_BATCH,,2.481,2.5865,UP,2.9206,UP,0.3341,1.0,0.0,0.0,2.481,0.0,2.2984,2.8746,0.0,yfinance,5.0
2026-09-13 23:15:22,2026-03-03,Port_St_Lucie_FL,v1.4-Finlight-PortStLucie-Ridge,DAILY_BATCH,,2.4632,2.5717,UP,3.0074,UP,0.4357,1.0,0.0,0.0,2.4632,0.0,2.2836,2.8598,0.0,yfinance,5.0
2026-09-13 23:15:22,2026-03-04,Port_St_Lucie_FL,v1.4-Finlight-PortStLucie-Ridge,DAILY_BATCH,,2.4832,2.5858,UP,3.0649,UP,0.4791,1.0,0.0,0.0,2.4832,0.0,2.2977,2.874,0.0,yfinance,5.0
2026-09-13 23:15:22,2026-03-05,Port_St_Lucie_FL,v1.4-Finlight-PortStLucie-Ridge,DAILY_BATCH,,2.5241,2.6337,UP,3.2209,UP,0.5872,1.0,0.0,0.0,2.5241,0.0,2.3456,2.9218,0.0,yfinance,5.0
2026-09-13 23:15:22,2026-03-06,Port_St_Lucie_FL,v1.4-Finlight-PortStLucie-Ridge,DAILY_BATCH,,2.5697,2.6669,UP,3.2966,UP,0.6297,1.0,0.0,0.0,2.5697,0.0,2.3788,2.955,0.0,yfinance,5.0
2026-09-13 23:15:22,2026-03-09,Port_St_Lucie_FL,v1.4-Finlight-PortStLucie-Ridge,DAILY_BATCH,,2.8624,2.801,DOWN,3.3584,UP,0.5574,0.0,0.0,0.0,2.8624,0.0,2.5129,3.0892,0.0,yfinance,5.0
2026-09-13 23:15:22,2026-03-10,Port_St_Lucie_FL,v1.4-Finlight-PortStLucie-Ridge,DAILY_BATCH,,2.9492,2.784,DOWN,3.1903,UP,0.4063,0.0,0.0,0.0,2.9492,0.0,2.4959,3.0721,0.0,yfinance,5.0
2026-09-13 23:15:22,2026-03-11,Port_St_Lucie_FL,v1.4-Finlight-PortStLucie-Ridge,DAILY_BATCH,,3.0067,2.862,DOWN,3.3383,UP,0.4763,0.0,0.0,0.0,3.0067,0.0,2.5739,3.1501,0.0,yfinance,5.0
2026-09-13 23:15:22,2026-03-12,Port_St_Lucie_FL,v1.4-Finlight-PortStLucie-Ridge,DAILY_BATCH,,3.1627,2.9747,DOWN,3.5146,UP,0.5399,0.0,0.0,0.0,3.1627,0.0,2.6866,3.2628,0.0,yfinance,5.0
2026-09-13 23:15:22,2026-03-13,Port_St_Lucie_FL,v1.4-Finlight-PortStLucie-Ridge,DAILY_BATCH,,3.2384,2.9601,DOWN,3.5914,UP,0.6313,0.0,0.0,0.0,3.2384,0.0,2.672,3.2482,0.0,yfinance,5.0
2026-09-13 23:15:22,2026-03-16,Port_St_Lucie_FL,v1.4-Finlight-PortStLucie-Ridge,DAILY_BATCH,,3.3002,2.9846,DOWN,3.5503,UP,0.5657,0.0,0.0,0.0,3.3002,0.0,2.6964,3.2727,0.0,yfinance,5.0
2026-09-13 23:15:22,2026-03-17,Port_St_Lucie_FL,v1.4-Finlight-PortStLucie-Ridge,DAILY_BATCH,,3.1321,3.0204,DOWN,3.6734,UP,0.653,0.0,0.0,0.0,3.1321,0.0,2.7323,3.3085,0.0,yfinance,5.0
2026-09-13 23:15:22,2026-03-18,Port_St_Lucie_FL,v1.4-Finlight-PortStLucie-Ridge,DAILY_BATCH,,3.2801,3.1674,DOWN,3.6485,UP,0.4811,0.0,0.0,0.0,3.2801,0.0,2.8793,3.4555,0.0,yfinance,5.0
2026-09-13 23:15:22,2026-03-19,Port_St_Lucie_FL,v1.4-Finlight-PortStLucie-Ridge,DAILY_BATCH,,3.4564,3.2141,DOWN,3.6771,UP,0.463,0.0,0.0,0.0,3.4564,0.0,2.9259,3.5022,0.0,yfinance,5.0
2026-09-13 23:15:22,2026-03-20,Port_St_Lucie_FL,v1.4-Finlight-PortStLucie-Ridge,DAILY_BATCH,,3.5332,3.2571,DOWN,3.8362,UP,0.5791,0.0,0.0,0.0,3.5332,0.0,2.969,3.5452,0.0,yfinance,5.0
2026-09-13 23:15:22,2026-03-23,Port_St_Lucie_FL,v1.4-Finlight-PortStLucie-Ridge,DAILY_BATCH,,3.4921,3.3993,DOWN,3.5249,UP,0.1256,0.0,0.0,0.0,3.4921,0.0,3.1112,3.6874,1.0,yfinance,5.0
2026-09-13 23:15:22,2026-03-24,Port_St_Lucie_FL,v1.4-Finlight-PortStLucie-Ridge,DAILY_BATCH,,3.6152,3.5313,DOWN,3.698,UP,0.1667,0.0,0.0,0.0,3.6152,0.0,3.2431,3.8194,1.0,yfinance,5.0
2026-09-13 23:15:22,2026-03-25,Port_St_Lucie_FL,v1.4-Finlight-PortStLucie-Ridge,DAILY_BATCH,,3.5903,3.517,DOWN,3.5624,DOWN,0.0454,1.0,0.0,0.0,3.5903,0.0,3.2289,3.8051,1.0,yfinance,5.0
2026-09-13 23:15:22,2026-03-26,Port_St_Lucie_FL,v1.4-Finlight-PortStLucie-Ridge,DAILY_BATCH,,3.6189,3.5774,DOWN,3.6802,UP,0.1028,0.0,0.0,0.0,3.6189,0.0,3.2892,3.8655,1.0,yfinance,5.0
2026-09-13 23:15:22,2026-03-27,Port_St_Lucie_FL,v1.4-Finlight-PortStLucie-Ridge,DAILY_BATCH,,3.778,3.6855,DOWN,3.8001,UP,0.1146,0.0,0.0,0.0,3.778,0.0,3.3973,3.9736,1.0,yfinance,5.0
2026-09-13 23:15:22,2026-03-30,Port_St_Lucie_FL,v1.4-Finlight-PortStLucie-Ridge,DAILY_BATCH,,3.4667,3.5601,UP,3.9015,UP,0.3414,1.0,0.0,0.0,3.4667,0.0,3.272,3.8483,0.0,yfinance,5.0
2026-09-13 23:15:22,2026-03-31,Port_St_Lucie_FL,v1.4-Finlight-PortStLucie-Ridge,DAILY_BATCH,,3.6398,3.6275,DOWN,3.8623,UP,0.2348,0.0,0.0,0.0,3.6398,0.0,3.3394,3.9156,1.0,yfinance,5.0
2026-09-13 23:15:22,2026-04-01,Port_St_Lucie_FL,v1.4-Finlight-PortStLucie-Ridge,DAILY_BATCH,,3.5042,3.5887,UP,3.6414,UP,0.0527,1.0,0.0,0.0,3.5042,0.0,3.3005,3.8768,1.0,yfinance,5.0
2026-09-13 23:15:22,2026-04-02,Port_St_Lucie_FL,v1.4-Finlight-PortStLucie-Ridge,DAILY_BATCH,,3.622,3.7447,UP,3.838,UP,0.0933,1.0,0.0,0.0,3.622,0.0,3.4566,4.0328,1.0,yfinance,5.0
2026-09-13 23:15:22,2026-04-03,Port_St_Lucie_FL,v1.4-Finlight-PortStLucie-Ridge,DAILY_BATCH,,3.7419,3.7922,UP,,,,,0.0,0.0,3.7419,0.0,3.5041,4.0804,,yfinance,5.0
2026-09-13 23:15:22,2026-04-06,Port_St_Lucie_FL,v1.4-Finlight-PortStLucie-Ridge,DAILY_BATCH,,3.8433,3.7934,DOWN,3.8582,UP,0.0648,0.0,0.0,0.0,3.8433,0.0,3.5053,4.0815,1.0,yfinance,5.0
2026-09-13 23:15:22,2026-04-07,Port_St_Lucie_FL,v1.4-Finlight-PortStLucie-Ridge,DAILY_BATCH,,3.8041,3.7929,DOWN,3.8552,UP,0.0623,0.0,0.0,0.0,3.8041,0.0,3.5048,4.0811,1.0,yfinance,5.0
2026-09-13 23:15:22,2026-04-08,Port_St_Lucie_FL,v1.4-Finlight-PortStLucie-Ridge,DAILY_BATCH,,3.5832,3.6548,UP,3.5559,DOWN,0.0989,0.0,0.0,0.0,3.5832,0.0,3.3667,3.943,1.0,yfinance,5.0
2026-09-13 23:15:22,2026-04-09,Port_St_Lucie_FL,v1.4-Finlight-PortStLucie-Ridge,DAILY_BATCH,,3.7798,3.783,UP,3.5507,DOWN,0.2323,0.0,0.0,0.0,3.7798,0.0,3.4949,4.0712,1.0,yfinance,5.0
2026-09-13 23:15:22,2026-04-13,Port_St_Lucie_FL,v1.4-Finlight-PortStLucie-Ridge,DAILY_BATCH,,3.8,3.878,UP,3.666,DOWN,0.212,0.0,0.0,0.0,3.8,0.0,3.5899,4.1661,1.0,yfinance,5.0
2026-09-13 23:15:22,2026-04-14,Port_St_Lucie_FL,v1.4-Finlight-PortStLucie-Ridge,DAILY_BATCH,,3.797,3.848,UP,3.5895,DOWN,0.2585,0.0,0.0,0.0,3.797,0.0,3.5599,4.1361,1.0,yfinance,5.0
2026-09-13 23:15:22,2026-04-15,Port_St_Lucie_FL,v1.4-Finlight-PortStLucie-Ridge,DAILY_BATCH,,3.4977,3.6585,UP,3.6192,UP,0.0393,1.0,0.0,0.0,3.4977,0.0,3.3704,3.9467,1.0,yfinance,5.0
2026-09-13 23:15:22,2026-04-16,Port_St_Lucie_FL,v1.4-Finlight-PortStLucie-Ridge,DAILY_BATCH,,3.4925,3.606,UP,3.7137,UP,0.1077,1.0,0.0,0.0,3.4925,0.0,3.3179,3.8941,1.0,yfinance,5.0
2026-09-13 23:15:22,2026-04-17,Port_St_Lucie_FL,v1.4-Finlight-PortStLucie-Ridge,DAILY_BATCH,,3.5291,3.6681,UP,3.5548,UP,0.1133,1.0,0.0,0.0,3.5291,0.0,3.38,3.9563,1.0,yfinance,5.0
2026-09-13 23:15:22,2026-04-20,Port_St_Lucie_FL,v1.4-Finlight-PortStLucie-Ridge,DAILY_BATCH,,3.6078,3.7305,UP,3.6668,UP,0.0637,1.0,0.0,0.0,3.6078,0.0,3.4423,4.0186,1.0,yfinance,5.0
2026-09-13 23:15:22,2026-04-21,Port_St_Lucie_FL,v1.4-Finlight-PortStLucie-Ridge,DAILY_BATCH,,3.5313,3.6779,UP,3.7598,UP,0.0819,1.0,0.0,0.0,3.5313,0.0,3.3898,3.966,1.0,yfinance,5.0
2026-09-13 23:15:22,2026-04-22,Port_St_Lucie_FL,v1.4-Finlight-PortStLucie-Ridge,DAILY_BATCH,,3.561,3.6569,UP,3.9079,UP,0.251,1.0,0.0,0.0,3.561,0.0,3.3688,3.945,1.0,yfinance,5.0
2026-09-13 23:15:22,2026-04-23,Port_St_Lucie_FL,v1.4-Finlight-PortStLucie-Ridge,DAILY_BATCH,,3.6555,3.6651,UP,4.0121,UP,0.347,1.0,0.0,0.0,3.6555,0.0,3.377,3.9533,0.0,yfinance,5.0
2026-09-13 23:15:22,2026-04-24,Port_St_Lucie_FL,v1.4-Finlight-PortStLucie-Ridge,DAILY_BATCH,,3.4966,3.6059,UP,4.0126,UP,0.4067,1.0,0.0,0.0,3.4966,0.0,3.3178,3.8941,0.0,yfinance,5.0
2026-09-13 23:15:22,2026-04-27,Port_St_Lucie_FL,v1.4-Finlight-PortStLucie-Ridge,DAILY_BATCH,,3.6086,3.6994,UP,4.041,UP,0.3416,1.0,0.0,0.0,3.6086,0.0,3.4112,3.9875,0.0,yfinance,5.0
2026-09-13 23:15:22,2026-04-28,Port_St_Lucie_FL,v1.4-Finlight-PortStLucie-Ridge,DAILY_BATCH,,3.7016,3.7425,UP,4.1104,UP,0.3679,1.0,0.0,0.0,3.7016,0.0,3.4544,4.0307,0.0,yfinance,5.0
2026-09-13 23:15:22,2026-04-29,Port_St_Lucie_FL,v1.4-Finlight-PortStLucie-Ridge,DAILY_BATCH,,3.8497,3.7978,DOWN,4.2911,UP,0.4933,0.0,0.0,0.0,3.8497,0.0,3.5096,4.0859,0.0,yfinance,5.0
2026-09-13 23:15:22,2026-04-30,Port_St_Lucie_FL,v1.4-Finlight-PortStLucie-Ridge,DAILY_BATCH,,3.9539,3.8334,DOWN,4.3215,UP,0.4881,0.0,0.0,0.0,3.9539,0.0,3.5453,4.1216,0.0,yfinance,5.0
2026-09-13 23:15:22,2026-05-01,Port_St_Lucie_FL,v1.4-Finlight-PortStLucie-Ridge,DAILY_BATCH,,3.9544,3.8538,DOWN,4.1452,UP,0.2914,0.0,0.0,0.0,3.9544,0.0,3.5656,4.1419,0.0,yfinance,5.0
2026-09-13 23:15:22,2026-05-04,Port_St_Lucie_FL,v1.4-Finlight-PortStLucie-Ridge,DAILY_BATCH,,3.9828,3.9071,DOWN,4.2882,UP,0.3811,0.0,0.0,0.0,3.9828,0.0,3.619,4.1953,0.0,yfinance,5.0
2026-09-13 23:15:22,2026-05-05,Port_St_Lucie_FL,v1.4-Finlight-PortStLucie-Ridge,DAILY_BATCH,,4.0522,3.8938,DOWN,4.1706,UP,0.2768,0.0,0.0,0.0,4.0522,0.0,3.6057,4.1819,1.0,yfinance,5.0
2026-09-13 23:15:22,2026-05-06,Port_St_Lucie_FL,v1.4-Finlight-PortStLucie-Ridge,DAILY_BATCH,,4.2329,4.0137,DOWN,4.0093,DOWN,0.0044,1.0,0.0,0.0,4.2329,0.0,3.7256,4.3018,1.0,yfinance,5.0
2026-09-13 23:15:22,2026-05-07,Port_St_Lucie_FL,v1.4-Finlight-PortStLucie-Ridge,DAILY_BATCH,,4.2633,4.0871,DOWN,4.006,DOWN,0.0811,1.0,0.0,0.0,4.2633,0.0,3.799,4.3753,1.0,yfinance,5.0
2026-09-13 23:15:22,2026-05-08,Port_St_Lucie_FL,v1.4-Finlight-PortStLucie-Ridge,DAILY_BATCH,,4.087,4.0018,DOWN,4.0767,DOWN,0.0749,1.0,0.0,0.0,4.087,0.0,3.7137,4.2899,1.0,yfinance,5.0
2026-09-13 23:15:22,2026-05-11,Port_St_Lucie_FL,v1.4-Finlight-PortStLucie-Ridge,DAILY_BATCH,,4.23,4.0988,DOWN,4.1498,DOWN,0.051,1.0,0.0,0.0,4.23,0.0,3.8107,4.3869,1.0,yfinance,5.0
2026-09-13 23:15:22,2026-05-12,Port_St_Lucie_FL,v1.4-Finlight-PortStLucie-Ridge,DAILY_BATCH,,4.1124,4.0767,DOWN,4.2477,UP,0.171,0.0,0.0,0.0,4.1124,0.0,3.7886,4.3648,1.0,yfinance,5.0
2026-09-13 23:15:22,2026-05-13,Port_St_Lucie_FL,v1.4-Finlight-PortStLucie-Ridge,DAILY_BATCH,,3.9511,4.0465,UP,4.1687,UP,0.1222,1.0,0.0,0.0,3.9511,0.0,3.7584,4.3346,1.0,yfinance,5.0
2026-09-13 23:15:22,2026-05-14,Port_St_Lucie_FL,v1.4-Finlight-PortStLucie-Ridge,DAILY_BATCH,,3.9478,4.0393,UP,4.1557,UP,0.1164,1.0,0.0,0.0,3.9478,0.0,3.7512,4.3274,1.0,yfinance,5.0
2026-09-13 23:15:22,2026-05-15,Port_St_Lucie_FL,v1.4-Finlight-PortStLucie-Ridge,DAILY_BATCH,,4.0185,4.1065,UP,4.2519,UP,0.1454,1.0,0.0,0.0,4.0185,0.0,3.8183,4.3946,1.0,yfinance,5.0
2026-09-13 23:15:22,2026-05-18,Port_St_Lucie_FL,v1.4-Finlight-PortStLucie-Ridge,DAILY_BATCH,,4.0916,4.1293,UP,4.3107,UP,0.1814,1.0,0.0,0.0,4.0916,0.0,3.8411,4.4174,1.0,yfinance,5.0
2026-09-13 23:15:22,2026-05-19,Port_St_Lucie_FL,v1.4-Finlight-PortStLucie-Ridge,DAILY_BATCH,,4.1895,4.1613,DOWN,4.2462,UP,0.0849,0.0,0.0,0.0,4.1895,0.0,3.8732,4.4494,1.0,yfinance,5.0
2026-09-13 23:15:22,2026-05-20,Port_St_Lucie_FL,v1.4-Finlight-PortStLucie-Ridge,DAILY_BATCH,,4.1105,4.1272,UP,4.0374,DOWN,0.0898,0.0,0.0,0.0,4.1105,0.0,3.8391,4.4153,1.0,yfinance,5.0
2026-09-13 23:15:22,2026-05-21,Port_St_Lucie_FL,v1.4-Finlight-PortStLucie-Ridge,DAILY_BATCH,,4.0975,4.1407,UP,3.9296,DOWN,0.2111,0.0,0.0,0.0,4.0975,0.0,3.8526,4.4288,1.0,yfinance,5.0
2026-09-13 23:15:22,2026-05-22,Port_St_Lucie_FL,v1.4-Finlight-PortStLucie-Ridge,DAILY_BATCH,,4.1937,4.1698,DOWN,4.0039,DOWN,0.1659,1.0,0.0,0.0,4.1937,0.0,3.8816,4.4579,1.0,yfinance,5.0
2026-09-13 23:15:22,2026-05-25,Port_St_Lucie_FL,v1.4-Finlight-PortStLucie-Ridge,DAILY_BATCH,,4.2525,4.2116,DOWN,,,,,0.0,0.0,4.2525,0.0,3.9235,4.4997,,yfinance,5.0
2026-09-13 23:15:22,2026-05-26,Port_St_Lucie_FL,v1.4-Finlight-PortStLucie-Ridge,DAILY_BATCH,,4.188,4.1812,DOWN,3.7705,DOWN,0.4107,1.0,0.0,0.0,4.188,0.0,3.893,4.4693,0.0,yfinance,5.0
2026-09-13 23:15:22,2026-05-27,Port_St_Lucie_FL,v1.4-Finlight-PortStLucie-Ridge,DAILY_BATCH,,3.9792,3.9923,UP,3.6837,DOWN,0.3086,0.0,0.0,0.0,3.9792,0.0,3.7042,4.2804,0.0,yfinance,5.0
2026-09-13 23:15:22,2026-05-28,Port_St_Lucie_FL,v1.4-Finlight-PortStLucie-Ridge,DAILY_BATCH,,3.8714,3.878,UP,3.7352,DOWN,0.1428,0.0,0.0,0.0,3.8714,0.0,3.5899,4.1662,1.0,yfinance,5.0
2026-09-13 23:15:22,2026-05-29,Port_St_Lucie_FL,v1.4-Finlight-PortStLucie-Ridge,DAILY_BATCH,,3.9457,3.9719,UP,3.6767,DOWN,0.2952,0.0,0.0,0.0,3.9457,0.0,3.6838,4.26,0.0,yfinance,5.0
2026-09-13 23:15:22,2026-06-02,Port_St_Lucie_FL,v1.4-Finlight-PortStLucie-Ridge,DAILY_BATCH,,3.7123,3.819,UP,3.6943,DOWN,0.1247,0.0,0.0,0.0,3.7123,0.0,3.5309,4.1071,1.0,yfinance,5.0
2026-09-13 23:15:22,2026-06-03,Port_St_Lucie_FL,v1.4-Finlight-PortStLucie-Ridge,DAILY_BATCH,,3.6255,3.7691,UP,3.6816,UP,0.0875,1.0,0.0,0.0,3.6255,0.0,3.481,4.0572,1.0,yfinance,5.0
2026-09-13 23:15:22,2026-06-04,Port_St_Lucie_FL,v1.4-Finlight-PortStLucie-Ridge,DAILY_BATCH,,3.677,3.7633,UP,3.5883,DOWN,0.175,0.0,0.0,0.0,3.677,0.0,3.4752,4.0514,1.0,yfinance,5.0
2026-09-13 23:15:22,2026-06-05,Port_St_Lucie_FL,v1.4-Finlight-PortStLucie-Ridge,DAILY_BATCH,,3.6185,3.7442,UP,3.5959,DOWN,0.1483,0.0,0.0,0.0,3.6185,0.0,3.4561,4.0324,1.0,yfinance,5.0
2026-09-13 23:15:22,2026-06-08,Port_St_Lucie_FL,v1.4-Finlight-PortStLucie-Ridge,DAILY_BATCH,,3.5765,3.6925,UP,3.6206,UP,0.0719,1.0,0.0,0.0,3.5765,0.0,3.4044,3.9806,1.0,yfinance,5.0
2026-09-13 23:15:22,2026-06-09,Port_St_Lucie_FL,v1.4-Finlight-PortStLucie-Ridge,DAILY_BATCH,,3.6361,3.7163,UP,3.5711,DOWN,0.1452,0.0,0.0,0.0,3.6361,0.0,3.4282,4.0044,1.0,yfinance,5.0
2026-09-13 23:15:22,2026-06-10,Port_St_Lucie_FL,v1.4-Finlight-PortStLucie-Ridge,DAILY_BATCH,,3.6234,3.671,UP,3.6599,UP,0.0111,1.0,0.0,0.0,3.6234,0.0,3.3829,3.9591,1.0,yfinance,5.0
2026-09-13 23:15:22,2026-06-11,Port_St_Lucie_FL,v1.4-Finlight-PortStLucie-Ridge,DAILY_BATCH,,3.5301,3.5889,UP,3.6514,UP,0.0625,1.0,0.0,0.0,3.5301,0.0,3.3008,3.877,1.0,yfinance,5.0
2026-09-13 23:15:22,2026-06-12,Port_St_Lucie_FL,v1.4-Finlight-PortStLucie-Ridge,DAILY_BATCH,,3.5377,3.5741,UP,3.5998,UP,0.0257,1.0,0.0,0.0,3.5377,0.0,3.286,3.8622,1.0,yfinance,5.0
2026-09-13 23:15:22,2026-06-15,Port_St_Lucie_FL,v1.4-Finlight-PortStLucie-Ridge,DAILY_BATCH,,3.5624,3.6042,UP,3.4972,DOWN,0.107,0.0,0.0,0.0,3.5624,0.0,3.316,3.8923,1.0,yfinance,5.0
2026-09-13 23:15:22,2026-06-16,Port_St_Lucie_FL,v1.4-Finlight-PortStLucie-Ridge,DAILY_BATCH,,3.5129,3.5478,UP,3.4305,DOWN,0.1173,0.0,0.0,0.0,3.5129,0.0,3.2597,3.8359,1.0,yfinance,5.0
2026-09-13 23:15:22,2026-06-17,Port_St_Lucie_FL,v1.4-Finlight-PortStLucie-Ridge,DAILY_BATCH,,3.6017,3.5963,DOWN,3.4596,DOWN,0.1367,1.0,0.0,0.0,3.6017,0.0,3.3082,3.8844,1.0,yfinance,5.0
2026-09-13 23:15:22,2026-06-18,Port_St_Lucie_FL,v1.4-Finlight-PortStLucie-Ridge,DAILY_BATCH,,3.5932,3.5877,DOWN,3.5449,DOWN,0.0428,1.0,0.0,0.0,3.5932,0.0,3.2995,3.8758,1.0,yfinance,5.0
2026-09-13 23:15:22,2026-06-19,Port_St_Lucie_FL,v1.4-Finlight-PortStLucie-Ridge,DAILY_BATCH,,3.5416,3.5372,DOWN,,,,,0.0,0.0,3.5416,0.0,3.249,3.8253,,yfinance,5.0
2026-09-13 23:15:22,2026-06-22,Port_St_Lucie_FL,v1.4-Finlight-PortStLucie-Ridge,DAILY_BATCH,,3.439,3.4242,DOWN,3.537,UP,0.1128,0.0,0.0,0.0,3.439,0.0,3.1361,3.7123,1.0,yfinance,5.0
2026-09-13 23:15:22,2026-06-23,Port_St_Lucie_FL,v1.4-Finlight-PortStLucie-Ridge,DAILY_BATCH,,3.3723,3.4034,UP,3.509,UP,0.1056,1.0,0.0,0.0,3.3723,0.0,3.1153,3.6916,1.0,yfinance,5.0
2026-09-13 23:15:22,2026-06-24,Port_St_Lucie_FL,v1.4-Finlight-PortStLucie-Ridge,DAILY_BATCH,,3.4014,3.4312,UP,3.4318,UP,0.0006,1.0,0.0,0.0,3.4014,0.0,3.1431,3.7193,1.0,yfinance,5.0
2026-09-13 23:15:22,2026-06-25,Port_St_Lucie_FL,v1.4-Finlight-PortStLucie-Ridge,DAILY_BATCH,,3.4867,3.5156,UP,3.5773,UP,0.0617,1.0,0.0,0.0,3.4867,0.0,3.2275,3.8037,1.0,yfinance,5.0
2026-09-13 23:15:22,2026-06-29,Port_St_Lucie_FL,v1.4-Finlight-PortStLucie-Ridge,DAILY_BATCH,,3.4788,3.4987,UP,3.6114,UP,0.1127,1.0,0.0,0.0,3.4788,0.0,3.2106,3.7868,1.0,yfinance,5.0
2026-09-13 23:15:22,2026-06-30,Port_St_Lucie_FL,v1.4-Finlight-PortStLucie-Ridge,DAILY_BATCH,,3.4508,3.455,UP,3.5644,UP,0.1094,1.0,0.0,0.0,3.4508,0.0,3.1669,3.7432,1.0,yfinance,5.0
2026-09-13 23:15:22,2026-07-01,Port_St_Lucie_FL,v1.4-Finlight-PortStLucie-Ridge,DAILY_BATCH,,3.3736,3.3734,DOWN,3.4952,UP,0.1218,0.0,0.0,0.0,3.3736,0.0,3.0852,3.6615,1.0,yfinance,5.0
2026-09-13 23:15:22,2026-07-02,Port_St_Lucie_FL,v1.4-Finlight-PortStLucie-Ridge,DAILY_BATCH,,3.5191,3.5262,UP,3.4673,DOWN,0.0589,0.0,0.0,0.0,3.5191,0.0,3.2381,3.8144,1.0,yfinance,5.0
2026-09-13 23:15:22,2026-07-03,Port_St_Lucie_FL,v1.4-Finlight-PortStLucie-Ridge,DAILY_BATCH,,3.4489,3.4764,UP,,,,,0.0,0.0,3.4489,0.0,3.1883,3.7645,,yfinance,5.0
2026-09-13 23:15:22,2026-07-06,Port_St_Lucie_FL,v1.4-Finlight-PortStLucie-Ridge,DAILY_BATCH,,3.5532,3.5714,UP,3.5533,UP,0.0181,1.0,0.0,0.0,3.5532,0.0,3.2833,3.8596,1.0,yfinance,5.0
2026-09-13 23:15:22,2026-07-07,Port_St_Lucie_FL,v1.4-Finlight-PortStLucie-Ridge,DAILY_BATCH,,3.5062,3.4975,DOWN,3.5039,DOWN,0.0064,1.0,0.0,0.0,3.5062,0.0,3.2094,3.7856,1.0,yfinance,5.0
2026-09-13 23:15:22,2026-07-08,Port_St_Lucie_FL,v1.4-Finlight-PortStLucie-Ridge,DAILY_BATCH,,3.437,3.4219,DOWN,3.6534,UP,0.2315,0.0,0.0,0.0,3.437,0.0,3.1338,3.71,1.0,yfinance,5.0
2026-09-13 23:15:22,2026-07-09,Port_St_Lucie_FL,v1.4-Finlight-PortStLucie-Ridge,DAILY_BATCH,,3.4091,3.4044,DOWN,3.5887,UP,0.1843,0.0,0.0,0.0,3.4091,0.0,3.1163,3.6925,1.0,yfinance,5.0
2026-09-13 23:15:22,2026-07-13,Port_St_Lucie_FL,v1.4-Finlight-PortStLucie-Ridge,DAILY_BATCH,,3.4951,3.5198,UP,3.7163,UP,0.1965,1.0,0.0,0.0,3.4951,0.0,3.2317,3.8079,1.0,yfinance,5.0
2026-09-13 23:15:22,2026-07-14,Port_St_Lucie_FL,v1.4-Finlight-PortStLucie-Ridge,DAILY_BATCH,,3.4457,3.4731,UP,3.7773,UP,0.3042,1.0,0.0,0.0,3.4457,0.0,3.185,3.7612,0.0,yfinance,5.0
2026-09-13 23:15:22,2026-07-15,Port_St_Lucie_FL,v1.4-Finlight-PortStLucie-Ridge,DAILY_BATCH,,3.5952,3.5926,DOWN,3.8509,UP,0.2583,0.0,0.0,0.0,3.5952,0.0,3.3045,3.8808,1.0,yfinance,5.0
2026-09-13 23:15:22,2026-07-16,Port_St_Lucie_FL,v1.4-Finlight-PortStLucie-Ridge,DAILY_BATCH,,3.5305,3.5183,DOWN,3.8347,UP,0.3164,0.0,0.0,0.0,3.5305,0.0,3.2301,3.8064,0.0,yfinance,5.0
2026-09-13 23:15:22,2026-07-17,Port_St_Lucie_FL,v1.4-Finlight-PortStLucie-Ridge,DAILY_BATCH,,3.4764,3.4981,UP,3.9427,UP,0.4446,1.0,0.0,0.0,3.4764,0.0,3.21,3.7862,0.0,yfinance,5.0
2026-09-13 23:15:22,2026-07-20,Port_St_Lucie_FL,v1.4-Finlight-PortStLucie-Ridge,DAILY_BATCH,,3.6581,3.6528,DOWN,3.939,UP,0.2862,0.0,0.0,0.0,3.6581,0.0,3.3646,3.9409,1.0,yfinance,5.0
2026-09-13 23:15:22,2026-07-21,Port_St_Lucie_FL,v1.4-Finlight-PortStLucie-Ridge,DAILY_BATCH,,3.7191,3.7003,DOWN,3.9559,UP,0.2556,0.0,0.0,0.0,3.7191,0.0,3.4121,3.9884,1.0,yfinance,5.0
2026-09-13 23:15:22,2026-07-22,Port_St_Lucie_FL,v1.4-Finlight-PortStLucie-Ridge,DAILY_BATCH,,3.7927,3.716,DOWN,3.9647,UP,0.2487,0.0,0.0,0.0,3.7927,0.0,3.4279,4.0041,1.0,yfinance,5.0
2026-09-13 23:15:22,2026-07-23,Port_St_Lucie_FL,v1.4-Finlight-PortStLucie-Ridge,DAILY_BATCH,,3.7765,3.7067,DOWN,4.0464,UP,0.3397,0.0,0.0,0.0,3.7765,0.0,3.4186,3.9949,0.0,yfinance,5.0
2026-09-13 23:15:22,2026-07-24,Port_St_Lucie_FL,v1.4-Finlight-PortStLucie-Ridge,DAILY_BATCH,,3.8845,3.7679,DOWN,3.9459,UP,0.178,0.0,0.0,0.0,3.8845,0.0,3.4798,4.056,1.0,yfinance,5.0
2026-09-13 23:15:22,2026-07-27,Port_St_Lucie_FL,v1.4-Finlight-PortStLucie-Ridge,DAILY_BATCH,,3.8808,3.7861,DOWN,3.8773,DOWN,0.0912,1.0,0.0,0.0,3.8808,0.0,3.498,4.0742,1.0,yfinance,5.0
2026-09-13 23:15:22,2026-07-28,Port_St_Lucie_FL,v1.4-Finlight-PortStLucie-Ridge,DAILY_BATCH,,3.8977,3.7907,DOWN,3.8845,DOWN,0.0938,1.0,0.0,0.0,3.8977,0.0,3.5026,4.0788,1.0,yfinance,5.0
2026-09-13 23:15:22,2026-07-29,Port_St_Lucie_FL,v1.4-Finlight-PortStLucie-Ridge,DAILY_BATCH,,3.9065,3.841,DOWN,3.9478,UP,0.1068,0.0,0.0,0.0,3.9065,0.0,3.5529,4.1291,1.0,yfinance,5.0
2026-09-13 23:15:22,2026-07-30,Port_St_Lucie_FL,v1.4-Finlight-PortStLucie-Ridge,DAILY_BATCH,,3.9882,3.8674,DOWN,3.8347,DOWN,0.0327,1.0,0.0,0.0,3.9882,0.0,3.5793,4.1556,1.0,yfinance,5.0
2026-09-13 23:15:22,2026-07-31,Port_St_Lucie_FL,v1.4-Finlight-PortStLucie-Ridge,DAILY_BATCH,,3.8877,3.8062,DOWN,3.7716,DOWN,0.0346,1.0,0.0,0.0,3.8877,0.0,3.518,4.0943,1.0,yfinance,5.0
2026-09-13 23:15:22,2026-08-03,Port_St_Lucie_FL,v1.4-Finlight-PortStLucie-Ridge,DAILY_BATCH,,3.8191,3.8021,DOWN,3.5167,DOWN,0.2854,1.0,0.0,0.0,3.8191,0.0,3.514,4.0903,1.0,yfinance,5.0
2026-09-13 23:15:22,2026-08-04,Port_St_Lucie_FL,v1.4-Finlight-PortStLucie-Ridge,DAILY_BATCH,,3.8263,3.8258,DOWN,3.4022,DOWN,0.4236,1.0,0.0,0.0,3.8263,0.0,3.5377,4.114,0.0,yfinance,5.0
2026-09-13 23:15:22,2026-08-05,Port_St_Lucie_FL,v1.4-Finlight-PortStLucie-Ridge,DAILY_BATCH,,3.8896,3.8868,DOWN,3.3888,DOWN,0.498,1.0,0.0,0.0,3.8896,0.0,3.5987,4.1749,0.0,yfinance,5.0
2026-09-13 23:15:22,2026-08-06,Port_St_Lucie_FL,v1.4-Finlight-PortStLucie-Ridge,DAILY_BATCH,,3.7765,3.7984,UP,3.4885,DOWN,0.3099,0.0,0.0,0.0,3.7765,0.0,3.5103,4.0866,0.0,yfinance,5.0
2026-09-13 23:15:22,2026-08-07,Port_St_Lucie_FL,v1.4-Finlight-PortStLucie-Ridge,DAILY_BATCH,,3.7134,3.7247,UP,3.5353,DOWN,0.1894,0.0,0.0,0.0,3.7134,0.0,3.4366,4.0128,1.0,yfinance,5.0
2026-09-13 23:15:22,2026-08-10,Port_St_Lucie_FL,v1.4-Finlight-PortStLucie-Ridge,DAILY_BATCH,,3.4585,3.5034,UP,3.6854,UP,0.182,1.0,0.0,0.0,3.4585,0.0,3.2152,3.7915,1.0,yfinance,5.0
2026-09-13 23:15:22,2026-08-11,Port_St_Lucie_FL,v1.4-Finlight-PortStLucie-Ridge,DAILY_BATCH,,3.344,3.4173,UP,3.6866,UP,0.2693,1.0,0.0,0.0,3.344,0.0,3.1292,3.7054,1.0,yfinance,5.0
2026-09-13 23:15:22,2026-08-12,Port_St_Lucie_FL,v1.4-Finlight-PortStLucie-Ridge,DAILY_BATCH,,3.3306,3.4388,UP,3.7037,UP,0.2649,1.0,0.0,0.0,3.3306,0.0,3.1506,3.7269,1.0,yfinance,5.0
2026-09-13 23:15:22,2026-08-13,Port_St_Lucie_FL,v1.4-Finlight-PortStLucie-Ridge,DAILY_BATCH,,3.4303,3.5494,UP,3.678,UP,0.1286,1.0,0.0,0.0,3.4303,0.0,3.2612,3.8375,1.0,yfinance,5.0
2026-09-13 23:15:22,2026-08-14,Port_St_Lucie_FL,v1.4-Finlight-PortStLucie-Ridge,DAILY_BATCH,,3.4771,3.5114,UP,3.7341,UP,0.2227,1.0,0.0,0.0,3.4771,0.0,3.2233,3.7995,1.0,yfinance,5.0
2026-09-13 23:15:22,2026-08-17,Port_St_Lucie_FL,v1.4-Finlight-PortStLucie-Ridge,DAILY_BATCH,,3.6272,3.5575,DOWN,3.8201,UP,0.2626,0.0,0.0,0.0,3.6272,0.0,3.2694,3.8457,1.0,yfinance,5.0
2026-09-13 23:15:22,2026-08-18,Port_St_Lucie_FL,v1.4-Finlight-PortStLucie-Ridge,DAILY_BATCH,,3.6284,3.5559,DOWN,3.8517,UP,0.2958,0.0,0.0,0.0,3.6284,0.0,3.2677,3.844,0.0,yfinance,5.0
2026-09-13 23:15:22,2026-08-19,Port_St_Lucie_FL,v1.4-Finlight-PortStLucie-Ridge,DAILY_BATCH,,3.6455,3.6078,DOWN,3.8051,UP,0.1973,0.0,0.0,0.0,3.6455,0.0,3.3196,3.8959,1.0,yfinance,5.0
2026-09-13 23:15:22,2026-08-20,Port_St_Lucie_FL,v1.4-Finlight-PortStLucie-Ridge,DAILY_BATCH,,3.6198,3.5795,DOWN,3.8129,UP,0.2334,0.0,0.0,0.0,3.6198,0.0,3.2914,3.8676,1.0,yfinance,5.0
2026-09-13 23:15:22,2026-08-21,Port_St_Lucie_FL,v1.4-Finlight-PortStLucie-Ridge,DAILY_BATCH,,3.6759,3.6171,DOWN,3.8979,UP,0.2808,0.0,0.0,0.0,3.6759,0.0,3.3289,3.9052,1.0,yfinance,5.0
2026-09-13 23:15:22,2026-08-24,Port_St_Lucie_FL,v1.4-Finlight-PortStLucie-Ridge,DAILY_BATCH,,3.7619,3.6346,DOWN,3.8208,UP,0.1862,0.0,0.0,0.0,3.7619,0.0,3.3465,3.9228,1.0,yfinance,5.0
2026-09-13 23:15:22,2026-08-25,Port_St_Lucie_FL,v1.4-Finlight-PortStLucie-Ridge,DAILY_BATCH,,3.7935,3.6671,DOWN,3.8029,UP,0.1358,0.0,0.0,0.0,3.7935,0.0,3.3789,3.9552,1.0,yfinance,5.0
2026-09-13 23:15:22,2026-08-26,Port_St_Lucie_FL,v1.4-Finlight-PortStLucie-Ridge,DAILY_BATCH,,3.7469,3.6263,DOWN,3.8701,UP,0.2438,0.0,0.0,0.0,3.7469,0.0,3.3381,3.9144,1.0,yfinance,5.0
2026-09-13 23:15:22,2026-08-27,Port_St_Lucie_FL,v1.4-Finlight-PortStLucie-Ridge,DAILY_BATCH,,3.7547,3.6439,DOWN,3.9342,UP,0.2903,0.0,0.0,0.0,3.7547,0.0,3.3558,3.932,0.0,yfinance,5.0
2026-09-13 23:15:22,2026-08-28,Port_St_Lucie_FL,v1.4-Finlight-PortStLucie-Ridge,DAILY_BATCH,,3.8397,3.6933,DOWN,4.0399,UP,0.3466,0.0,0.0,0.0,3.8397,0.0,3.4052,3.9815,0.0,yfinance,5.0
2026-09-13 23:15:22,2026-08-31,Port_St_Lucie_FL,v1.4-Finlight-PortStLucie-Ridge,DAILY_BATCH,,3.7626,3.6911,DOWN,3.987,UP,0.2959,0.0,0.0,0.0,3.7626,0.0,3.403,3.9792,0.0,yfinance,5.0
2026-09-13 23:15:22,2026-09-01,Port_St_Lucie_FL,v1.4-Finlight-PortStLucie-Ridge,DAILY_BATCH,,3.7447,3.7162,DOWN,3.6851,DOWN,0.0311,1.0,0.0,0.0,3.7447,0.0,3.4281,4.0043,1.0,yfinance,5.0
2026-09-13 23:15:22,2026-09-02,Port_St_Lucie_FL,v1.4-Finlight-PortStLucie-Ridge,DAILY_BATCH,,3.8119,3.7705,DOWN,3.6538,DOWN,0.1167,1.0,0.0,0.0,3.8119,0.0,3.4824,4.0587,1.0,yfinance,5.0
2026-09-13 23:15:22,2026-09-03,Port_St_Lucie_FL,v1.4-Finlight-PortStLucie-Ridge,DAILY_BATCH,,3.876,3.8269,DOWN,3.6849,DOWN,0.142,1.0,0.0,0.0,3.876,0.0,3.5388,4.115,1.0,yfinance,5.0
2026-09-13 23:15:22,2026-09-04,Port_St_Lucie_FL,v1.4-Finlight-PortStLucie-Ridge,DAILY_BATCH,,3.9817,3.8758,DOWN,3.7646,DOWN,0.1112,1.0,0.0,0.0,3.9817,0.0,3.5877,4.164,1.0,yfinance,5.0
2026-09-13 23:15:22,2026-09-07,Port_St_Lucie_FL,v1.4-Finlight-PortStLucie-Ridge,DAILY_BATCH,,3.9288,3.859,DOWN,,,,,0.0,0.0,3.9288,0.0,3.5709,4.1472,,yfinance,5.0
2026-09-13 23:15:22,2026-09-08,Port_St_Lucie_FL,v1.4-Finlight-PortStLucie-Ridge,DAILY_BATCH,,3.6269,3.5997,DOWN,3.8025,UP,0.2028,0.0,0.0,0.0,3.6269,0.0,3.3116,3.8878,1.0,yfinance,5.0
2026-09-13 23:15:22,2026-09-09,Port_St_Lucie_FL,v1.4-Finlight-PortStLucie-Ridge,DAILY_BATCH,,3.5956,3.5517,DOWN,3.7606,UP,0.2089,0.0,0.0,0.0,3.5956,0.0,3.2636,3.8399,1.0,yfinance,5.0
2026-09-13 23:15:22,2026-09-10,Port_St_Lucie_FL,v1.4-Finlight-PortStLucie-Ridge,DAILY_BATCH,,3.6267,3.6005,DOWN,3.9432,UP,0.3427,0.0,0.0,0.0,3.6267,0.0,3.3124,3.8887,0.0,yfinance,5.0
2026-09-13 23:16:25,2026-09-18,Port_St_Lucie_FL,v1.4-Finlight-PortStLucie-Ridge,DAILY_BATCH,,3.799,3.7673,DOWN,,,,,0.0,0.0,3.799,0.0,3.4735,4.0611,,yfinance,5.0
